id, orig-N, orig-E, orig-time, basic-N, basic-E, basic-time, known-N, known-E, known-time, all_dom-N, all_dom-E, all_dom-time, fast_dom-N, fast_dom-E, fast_dom-time, dom1-N, dom1-E, dom1-time, dom2-N, dom2-E, dom2-time, dom3-N, dom3-E, dom3-time, dom4-N, dom4-E, dom4-time, dom5-N, dom5-E, dom5-time, dom_nca-N, dom_nca-E, dom_nca-time, dom_nca_full-N, dom_nca_full-E, dom_nca_full-time, dom_mixed-N, dom_mixed-E, dom_mixed-time, dom_mixed_full-N, dom_mixed_full-E, dom_mixed_full-time
e_002, 1024, 3322, 0.00, 219, 1080, 0.00, 214, 1045, 0.00, 202, 955, 7.63, 214, 1045, 7.63, 214, 1045, 7.63, 214, 1045, 7.63, 214, 1045, 7.63, 214, 1045, 7.63, 214, 1045, 8.28, 214, 1045, 8.28, 202, 955, 8.34, 214, 1045, 8.34, 203, 1031, 13.21
e_003, 1024, 6055, 0.00, 919, 5594, 0.00, 402, 2266, 0.01, 199, 588, 0.01, 199, 588, 0.02, 199, 588, 0.03, 199, 588, 0.04, 402, 2266, 0.04, 402, 2266, 0.05, 199, 588, 0.06, 402, 2266, 0.06, 402, 2266, 0.07, 402, 2266, 0.07, 402, 2266, 0.08
e_004, 961, 5081, 0.00, 95, 524, 0.00, 7, 27, 0.00, 4, 8, 0.00, 4, 8, 0.00, 7, 27, 0.00, 7, 27, 0.00, 7, 27, 0.00, 7, 27, 0.00, 4, 8, 0.00, 7, 27, 0.00, 7, 27, 0.00, 7, 26, 0.00, 7, 26, 0.00
e_005, 1024, 5736, 0.00, 875, 5136, 0.00, 313, 1634, 0.00, 145, 444, 0.01, 145, 444, 0.02, 159, 477, 0.02, 159, 477, 0.03, 313, 1634, 0.03, 313, 1634, 0.03, 159, 477, 0.04, 313, 1634, 0.04, 313, 1634, 0.04, 313, 1632, 0.05, 313, 1632, 0.05
e_006, 808, 2211, 0.00, 19, 45, 0.00, 0, 0, 0.00, 0, 0, 0.00, 0, 0, 0.00, 0, 0, 0.00, 0, 0, 0.00, 0, 0, 0.00, 0, 0, 0.00, 0, 0, 0.00, 0, 0, 0.00, 0, 0, 0.00, 0, 0, 0.00, 0, 0, 0.00
e_007, 912, 4198, 0.00, 137, 570, 0.00, 4, 8, 0.00, 4, 8, 0.00, 4, 8, 0.00, 4, 8, 0.00, 4, 8, 0.00, 4, 8, 0.00, 4, 8, 0.00, 4, 8, 0.00, 4, 8, 0.00, 4, 8, 0.00, 4, 8, 0.00, 4, 8, 0.00
e_008, 2047, 15020, 0.00, 1908, 14272, 0.00, 405, 2528, 0.01, 170, 398, 0.02, 170, 398, 0.04, 170, 398, 0.05, 170, 398, 0.06, 405, 2528, 0.07, 405, 2528, 0.08, 170, 398, 0.09, 405, 2528, 0.10, 405, 2528, 0.10, 405, 2528, 0.11, 405, 2528, 0.12
e_009, 1000, 6804, 0.00, 380, 1677, 0.00, 0, 0, 0.00, 0, 0, 0.00, 0, 0, 0.00, 0, 0, 0.00, 0, 0, 0.00, 0, 0, 0.00, 0, 0, 0.00, 0, 0, 0.01, 0, 0, 0.01, 0, 0, 0.01, 0, 0, 0.01, 0, 0, 0.01
e_010, 1016, 7005, 0.00, 798, 6136, 0.00, 655, 4493, 0.01, 566, 3230, 0.27, 634, 4091, 0.31, 652, 4444, 0.32, 640, 4211, 0.34, 637, 4166, 0.36, 581, 3736, 0.40, 569, 3604, 0.43, 655, 4478, 0.45, 596, 3688, 0.47, 655, 4479, 0.49, 645, 4389, 0.63
e_011, 4086, 15076, 0.00, 2219, 7792, 0.00, 181, 448, 0.01, 174, 410, 0.01, 174, 410, 0.02, 174, 410, 0.03, 174, 410, 0.03, 181, 448, 0.04, 181, 448, 0.04, 174, 410, 0.04, 181, 448, 0.05, 181, 448, 0.06, 181, 448, 0.06, 181, 448, 0.07
e_012, 4092, 15066, 0.00, 2357, 8332, 0.00, 239, 587, 0.01, 232, 535, 0.01, 232, 535, 0.02, 232, 535, 0.03, 232, 535, 0.03, 239, 587, 0.04, 239, 587, 0.04, 232, 535, 0.05, 239, 587, 0.05, 239, 587, 0.06, 239, 587, 0.06, 239, 587, 0.07
e_013, 1924, 7038, 0.00, 519, 2636, 0.00, 138, 504, 0.01, 102, 268, 0.01, 102, 268, 0.01, 112, 329, 0.02, 110, 313, 0.03, 118, 383, 0.03, 118, 383, 0.03, 110, 313, 0.04, 138, 504, 0.04, 138, 504, 0.04, 131, 467, 0.04, 131, 467, 0.05
e_014, 1951, 7847, 0.00, 670, 3275, 0.00, 141, 628, 0.01, 100, 356, 0.02, 111, 438, 0.02, 119, 520, 0.03, 118, 498, 0.03, 133, 556, 0.04, 124, 481, 0.04, 100, 362, 0.05, 141, 628, 0.06, 141, 624, 0.06, 141, 625, 0.07, 141, 625, 0.07
e_015, 1979, 9390, 0.00, 909, 4984, 0.00, 139, 622, 0.00, 46, 98, 0.01, 46, 98, 0.01, 88, 238, 0.02, 80, 205, 0.02, 131, 589, 0.03, 131, 589, 0.03, 80, 205, 0.03, 139, 622, 0.04, 139, 622, 0.04, 122, 572, 0.04, 122, 572, 0.05
e_016, 1939, 10655, 0.00, 285, 1016, 0.00, 14, 38, 0.00, 12, 24, 0.00, 12, 24, 0.00, 12, 24, 0.00, 12, 24, 0.00, 14, 38, 0.00, 14, 38, 0.00, 12, 24, 0.00, 14, 38, 0.00, 14, 38, 0.00, 14, 38, 0.00, 14, 38, 0.00
e_017, 886, 3800, 0.00, 188, 740, 0.00, 0, 0, 0.00, 0, 0, 0.00, 0, 0, 0.00, 0, 0, 0.00, 0, 0, 0.00, 0, 0, 0.00, 0, 0, 0.00, 0, 0, 0.00, 0, 0, 0.00, 0, 0, 0.00, 0, 0, 0.00, 0, 0, 0.00
e_018, 1923, 5964, 0.00, 707, 2734, 0.00, 150, 502, 0.00, 96, 212, 0.00, 96, 212, 0.01, 96, 212, 0.01, 96, 212, 0.01, 150, 502, 0.01, 150, 502, 0.01, 96, 212, 0.01, 150, 502, 0.02, 150, 502, 0.02, 150, 502, 0.02, 150, 502, 0.02
e_019, 2034, 11718, 0.00, 1669, 10045, 0.00, 349, 1630, 0.01, 204, 538, 0.02, 204, 538, 0.03, 208, 563, 0.04, 208, 563, 0.05, 345, 1568, 0.06, 345, 1568, 0.06, 204, 538, 0.07, 349, 1630, 0.08, 349, 1630, 0.08, 346, 1612, 0.09, 346, 1612, 0.10
e_020, 1906, 7039, 0.00, 593, 2888, 0.00, 130, 476, 0.01, 89, 235, 0.01, 89, 235, 0.01, 110, 310, 0.02, 106, 304, 0.02, 112, 362, 0.03, 112, 362, 0.03, 102, 281, 0.04, 130, 476, 0.04, 130, 471, 0.04, 110, 397, 0.05, 97, 301, 0.05
e_021, 1872, 6147, 0.00, 488, 2193, 0.00, 80, 265, 0.00, 60, 138, 0.00, 60, 138, 0.01, 66, 169, 0.01, 66, 169, 0.01, 74, 232, 0.01, 75, 238, 0.01, 63, 153, 0.02, 80, 265, 0.02, 80, 265, 0.02, 80, 263, 0.02, 80, 263, 0.02
e_022, 830, 1884, 0.00, 110, 314, 0.00, 20, 51, 0.00, 12, 24, 0.00, 12, 24, 0.00, 12, 24, 0.00, 12, 24, 0.00, 12, 24, 0.00, 12, 24, 0.00, 12, 24, 0.00, 20, 51, 0.00, 20, 51, 0.00, 20, 50, 0.00, 20, 50, 0.00
e_023, 1600, 5400, 0.00, 143, 430, 0.00, 4, 8, 0.00, 4, 8, 0.00, 4, 8, 0.00, 4, 8, 0.00, 4, 8, 0.00, 4, 8, 0.00, 4, 8, 0.00, 4, 8, 0.00, 4, 8, 0.00, 4, 8, 0.00, 4, 8, 0.00, 4, 8, 0.00
e_024, 1920, 7546, 0.00, 678, 3435, 0.00, 102, 430, 0.00, 38, 102, 0.01, 38, 102, 0.01, 71, 185, 0.01, 71, 185, 0.01, 100, 410, 0.02, 100, 410, 0.02, 38, 102, 0.02, 102, 430, 0.02, 102, 430, 0.02, 90, 400, 0.03, 90, 400, 0.03
e_025, 860, 2802, 0.00, 94, 240, 0.00, 0, 0, 0.00, 0, 0, 0.00, 0, 0, 0.00, 0, 0, 0.00, 0, 0, 0.00, 0, 0, 0.00, 0, 0, 0.00, 0, 0, 0.00, 0, 0, 0.00, 0, 0, 0.00, 0, 0, 0.00, 0, 0, 0.00
e_026, 723, 1365, 0.00, 81, 214, 0.00, 6, 20, 0.00, 0, 0, 0.00, 0, 0, 0.00, 0, 0, 0.00, 0, 0, 0.00, 6, 20, 0.00, 6, 20, 0.00, 0, 0, 0.00, 6, 20, 0.00, 6, 20, 0.00, 6, 20, 0.00, 6, 20, 0.00
e_027, 1899, 9406, 0.00, 246, 830, 0.00, 0, 0, 0.00, 0, 0, 0.00, 0, 0, 0.00, 0, 0, 0.00, 0, 0, 0.00, 0, 0, 0.00, 0, 0, 0.00, 0, 0, 0.00, 0, 0, 0.00, 0, 0, 0.00, 0, 0, 0.00, 0, 0, 0.00
e_028, 1930, 7372, 0.00, 827, 4142, 0.00, 218, 814, 0.01, 178, 622, 0.01, 178, 622, 0.02, 203, 725, 0.03, 187, 650, 0.03, 198, 714, 0.04, 198, 714, 0.05, 184, 644, 0.06, 218, 814, 0.06, 218, 814, 0.07, 215, 802, 0.07, 215, 802, 0.08
e_029, 1938, 11302, 0.00, 387, 1355, 0.00, 16, 32, 0.00, 16, 32, 0.00, 16, 32, 0.00, 16, 32, 0.00, 16, 32, 0.00, 16, 32, 0.00, 16, 32, 0.00, 16, 32, 0.00, 16, 32, 0.00, 16, 32, 0.00, 16, 32, 0.00, 16, 32, 0.00
e_030, 2025, 11894, 0.00, 1574, 9448, 0.00, 117, 609, 0.00, 55, 129, 0.01, 55, 129, 0.01, 55, 129, 0.02, 55, 129, 0.03, 115, 587, 0.03, 115, 587, 0.03, 55, 129, 0.04, 117, 609, 0.04, 117, 609, 0.04, 117, 609, 0.05, 117, 609, 0.05
e_031, 4053, 26071, 0.00, 2849, 18124, 0.00, 426, 1771, 0.01, 176, 404, 0.03, 176, 404, 0.05, 225, 550, 0.07, 224, 544, 0.09, 424, 1755, 0.10, 424, 1755, 0.11, 222, 521, 0.12, 426, 1771, 0.14, 426, 1771, 0.15, 421, 1756, 0.16, 421, 1756, 0.18
e_032, 2010, 10642, 0.00, 1259, 7103, 0.00, 161, 734, 0.00, 73, 176, 0.01, 73, 176, 0.02, 73, 176, 0.02, 73, 176, 0.03, 161, 734, 0.03, 161, 734, 0.03, 73, 176, 0.04, 161, 734, 0.04, 161, 734, 0.04, 161, 734, 0.05, 161, 734, 0.05
e_033, 850, 2010, 0.00, 153, 442, 0.00, 29, 69, 0.00, 28, 62, 0.00, 28, 62, 0.00, 28, 63, 0.00, 28, 63, 0.00, 29, 69, 0.00, 29, 69, 0.00, 28, 63, 0.00, 29, 69, 0.00, 29, 69, 0.00, 29, 68, 0.00, 29, 68, 0.00
e_034, 940, 2650, 0.00, 330, 1289, 0.00, 25, 62, 0.00, 21, 42, 0.00, 21, 42, 0.00, 21, 42, 0.00, 21, 42, 0.00, 25, 62, 0.00, 25, 62, 0.00, 21, 42, 0.00, 25, 62, 0.00, 25, 62, 0.00, 25, 62, 0.00, 25, 62, 0.00
e_035, 4095, 17074, 0.00, 3347, 13592, 0.00, 654, 1980, 0.03, 558, 1506, 0.05, 558, 1506, 0.08, 558, 1506, 0.10, 558, 1506, 0.12, 654, 1980, 0.13, 654, 1980, 0.15, 558, 1506, 0.17, 654, 1980, 0.19, 702, 2114, 0.20, 654, 1980, 0.22, 654, 1980, 0.23
e_036, 4091, 29827, 0.00, 3841, 28395, 0.00, 838, 5283, 0.02, 291, 670, 0.05, 291, 670, 0.09, 291, 670, 0.12, 291, 670, 0.15, 811, 5138, 0.17, 811, 5138, 0.20, 291, 670, 0.23, 838, 5283, 0.24, 838, 5283, 0.26, 833, 5270, 0.28, 833, 5270, 0.30
e_037, 4094, 28675, 0.00, 3873, 27696, 0.00, 2480, 16360, 0.02, 1463, 6180, 0.12, 1463, 6180, 0.20, 1465, 6209, 0.27, 1464, 6197, 0.34, 2468, 16178, 0.37, 2468, 16178, 0.40, 1463, 6184, 0.47, 2480, 16360, 0.49, 2480, 16360, 0.51, 2480, 16356, 0.54, 2480, 16356, 0.56
e_038, 761, 1496, 0.00, 95, 287, 0.00, 0, 0, 0.00, 0, 0, 0.00, 0, 0, 0.00, 0, 0, 0.00, 0, 0, 0.00, 0, 0, 0.00, 0, 0, 0.00, 0, 0, 0.00, 0, 0, 0.00, 0, 0, 0.00, 0, 0, 0.00, 0, 0, 0.00
e_039, 928, 2570, 0.00, 363, 1241, 0.00, 30, 88, 0.00, 25, 50, 0.00, 25, 50, 0.00, 25, 50, 0.00, 25, 50, 0.00, 30, 88, 0.00, 30, 88, 0.00, 25, 50, 0.00, 30, 88, 0.00, 30, 88, 0.00, 30, 88, 0.00, 30, 88, 0.00
e_040, 4016, 21948, 0.00, 2044, 11058, 0.00, 269, 975, 0.01, 162, 383, 0.02, 162, 383, 0.03, 169, 406, 0.04, 162, 383, 0.04, 253, 891, 0.05, 253, 891, 0.06, 162, 383, 0.07, 269, 975, 0.07, 269, 975, 0.08, 263, 957, 0.08, 263, 957, 0.09
e_041, 4093, 27082, 0.00, 3679, 25294, 0.00, 2133, 13020, 0.03, 1257, 5184, 0.11, 1257, 5184, 0.19, 1269, 5271, 0.26, 1261, 5226, 0.33, 2100, 12726, 0.37, 2100, 12726, 0.41, 1257, 5184, 0.46, 2133, 13020, 0.49, 2133, 13020, 0.52, 2133, 13013, 0.55, 2133, 13013, 0.58
e_042, 1554, 5013, 0.00, 149, 467, 0.00, 0, 0, 0.00, 0, 0, 0.00, 0, 0, 0.00, 0, 0, 0.00, 0, 0, 0.00, 0, 0, 0.00, 0, 0, 0.00, 0, 0, 0.00, 0, 0, 0.00, 0, 0, 0.00, 0, 0, 0.00, 0, 0, 0.00
e_043, 1623, 5700, 0.00, 148, 464, 0.00, 4, 8, 0.00, 4, 8, 0.00, 4, 8, 0.00, 4, 8, 0.00, 4, 8, 0.00, 4, 8, 0.00, 4, 8, 0.00, 4, 8, 0.00, 4, 8, 0.00, 4, 8, 0.00, 4, 8, 0.00, 4, 8, 0.00
e_044, 4044, 23319, 0.00, 2522, 14241, 0.00, 325, 1204, 0.01, 152, 336, 0.02, 152, 336, 0.04, 152, 336, 0.05, 152, 336, 0.06, 324, 1192, 0.07, 324, 1192, 0.07, 152, 336, 0.08, 325, 1204, 0.09, 325, 1204, 0.10, 303, 1150, 0.11, 303, 1150, 0.12
e_045, 4093, 30202, 0.00, 3972, 29576, 0.00, 2816, 19785, 0.02, 1510, 6321, 0.11, 1510, 6321, 0.19, 1510, 6321, 0.27, 1510, 6321, 0.35, 2816, 19785, 0.37, 2816, 19785, 0.40, 1510, 6321, 0.46, 2816, 19785, 0.48, 2816, 19785, 0.51, 2816, 19785, 0.53, 2816, 19785, 0.55
e_046, 948, 2671, 0.00, 316, 1215, 0.00, 50, 180, 0.00, 33, 66, 0.00, 33, 66, 0.00, 33, 66, 0.00, 33, 66, 0.00, 50, 180, 0.00, 50, 180, 0.00, 33, 66, 0.00, 50, 180, 0.00, 50, 180, 0.00, 50, 180, 0.00, 50, 180, 0.00
e_047, 4092, 28612, 0.00, 3827, 27287, 0.00, 2694, 17433, 0.05, 1457, 6186, 0.17, 1457, 6186, 0.28, 1529, 6473, 0.38, 1527, 6447, 0.47, 2685, 17295, 0.52, 2685, 17295, 0.58, 1512, 6351, 0.68, 2694, 17433, 0.72, 2694, 17433, 0.77, 2694, 17427, 0.82, 2694, 17427, 0.87
e_049, 4057, 23857, 0.00, 2960, 18521, 0.00, 842, 4041, 0.03, 525, 1541, 0.07, 525, 1541, 0.10, 545, 1734, 0.13, 533, 1612, 0.16, 748, 3255, 0.19, 747, 3245, 0.22, 528, 1574, 0.24, 842, 4041, 0.26, 842, 4041, 0.28, 840, 4004, 0.30, 840, 4003, 0.32
e_050, 4096, 20102, 0.00, 2408, 9364, 0.02, 2400, 9338, 0.03, 2408, 9364, 0.05, 2400, 9338, 0.07, 2408, 9364, 0.08, 2400, 9338, 0.09, 2400, 9338, 0.10, 2400, 9338, 0.12, 2408, 9364, 0.13, 2408, 9364, 0.14, 2400, 9338, 0.16, 2400, 9338, 0.17, 2408, 9364, 0.18
e_051, 3855, 12946, 0.00, 346, 940, 0.00, 336, 906, 0.01, 346, 940, 0.01, 346, 940, 0.01, 332, 904, 0.01, 346, 940, 0.01, 332, 904, 0.01, 346, 940, 0.01, 346, 940, 0.01, 346, 940, 0.02, 329, 880, 0.02, 346, 940, 0.02, 332, 904, 0.02
e_053, 4080, 26872, 0.00, 3677, 25004, 0.00, 518, 2962, 0.02, 213, 454, 0.04, 213, 454, 0.06, 213, 454, 0.09, 213, 454, 0.11, 518, 2962, 0.12, 518, 2962, 0.13, 213, 454, 0.15, 518, 2962, 0.17, 518, 2962, 0.18, 518, 2962, 0.19, 518, 2962, 0.21
e_054, 811, 1951, 0.00, 294, 799, 0.00, 0, 0, 0.00, 0, 0, 0.00, 0, 0, 0.00, 0, 0, 0.00, 0, 0, 0.00, 0, 0, 0.00, 0, 0, 0.00, 0, 0, 0.00, 0, 0, 0.00, 0, 0, 0.00, 0, 0, 0.00, 0, 0, 0.00
e_055, 3844, 12085, 0.00, 1827, 6679, 0.00, 402, 1386, 0.01, 220, 558, 0.02, 220, 558, 0.03, 220, 558, 0.03, 220, 558, 0.04, 402, 1386, 0.05, 402, 1386, 0.05, 220, 558, 0.06, 402, 1386, 0.07, 402, 1386, 0.07, 402, 1386, 0.08, 402, 1386, 0.08
e_056, 4086, 26915, 0.00, 3721, 25095, 0.00, 540, 3327, 0.01, 237, 588, 0.04, 237, 588, 0.06, 237, 588, 0.08, 237, 588, 0.10, 528, 3246, 0.12, 528, 3246, 0.13, 237, 588, 0.15, 540, 3327, 0.16, 540, 3327, 0.17, 535, 3314, 0.19, 535, 3314, 0.20
e_057, 3847, 12298, 0.00, 1921, 7153, 0.00, 455, 1618, 0.01, 274, 700, 0.02, 274, 700, 0.03, 274, 700, 0.04, 274, 700, 0.05, 455, 1618, 0.06, 455, 1618, 0.07, 274, 700, 0.07, 455, 1618, 0.08, 455, 1618, 0.08, 455, 1618, 0.09, 455, 1618, 0.10
e_058, 8167, 27574, 0.00, 2858, 9112, 0.01, 265, 599, 0.01, 265, 599, 0.02, 265, 599, 0.03, 265, 599, 0.03, 265, 599, 0.04, 265, 599, 0.04, 265, 599, 0.05, 265, 599, 0.06, 265, 599, 0.06, 265, 599, 0.07, 265, 599, 0.07, 265, 599, 0.08
e_059, 722, 1124, 0.00, 104, 282, 0.00, 9, 24, 0.00, 8, 16, 0.00, 8, 16, 0.00, 8, 16, 0.00, 8, 16, 0.00, 9, 24, 0.00, 9, 24, 0.00, 8, 16, 0.00, 9, 24, 0.00, 9, 24, 0.00, 9, 24, 0.00, 9, 24, 0.00
e_060, 4052, 22629, 0.00, 2922, 17907, 0.00, 881, 4525, 0.02, 395, 1142, 0.06, 395, 1142, 0.10, 502, 1472, 0.12, 479, 1375, 0.15, 846, 4307, 0.17, 846, 4307, 0.19, 468, 1337, 0.21, 881, 4525, 0.23, 881, 4525, 0.25, 881, 4517, 0.27, 881, 4517, 0.29
e_061, 1724, 4320, 0.00, 273, 832, 0.00, 22, 66, 0.00, 18, 38, 0.00, 18, 38, 0.00, 18, 38, 0.00, 18, 38, 0.00, 22, 66, 0.00, 22, 66, 0.00, 18, 38, 0.00, 22, 66, 0.00, 22, 66, 0.00, 22, 66, 0.00, 22, 66, 0.00
e_062, 763, 1272, 0.00, 132, 372, 0.00, 17, 48, 0.00, 5, 10, 0.00, 5, 10, 0.00, 5, 10, 0.00, 5, 10, 0.00, 17, 48, 0.00, 17, 48, 0.00, 5, 10, 0.00, 17, 48, 0.00, 17, 48, 0.00, 17, 48, 0.00, 17, 48, 0.00
e_063, 4062, 23766, 0.00, 3197, 19562, 0.00, 925, 4864, 0.02, 400, 1058, 0.06, 400, 1058, 0.09, 475, 1270, 0.12, 467, 1233, 0.15, 867, 4465, 0.17, 867, 4465, 0.19, 461, 1203, 0.21, 925, 4864, 0.23, 925, 4864, 0.24, 925, 4851, 0.26, 925, 4851, 0.27
e_064, 1892, 6447, 0.00, 577, 2322, 0.00, 49, 172, 0.00, 16, 32, 0.00, 16, 32, 0.00, 16, 32, 0.01, 16, 32, 0.01, 49, 172, 0.01, 49, 172, 0.01, 16, 32, 0.01, 49, 172, 0.01, 49, 172, 0.01, 49, 172, 0.01, 49, 172, 0.01
e_065, 8089, 48759, 0.00, 4711, 28170, 0.01, 689, 3029, 0.03, 352, 928, 0.06, 352, 928, 0.10, 425, 1129, 0.12, 425, 1129, 0.15, 670, 2829, 0.17, 670, 2829, 0.20, 423, 1110, 0.22, 689, 3029, 0.24, 689, 3029, 0.26, 677, 2964, 0.28, 689, 3020, 0.30
e_066, 8180, 29503, 0.00, 4007, 13675, 0.01, 394, 973, 0.02, 316, 711, 0.04, 316, 711, 0.05, 316, 711, 0.07, 316, 711, 0.08, 394, 973, 0.09, 394, 973, 0.10, 316, 711, 0.11, 394, 973, 0.12, 394, 973, 0.13, 394, 973, 0.14, 394, 973, 0.15
e_067, 1392, 4241, 0.00, 133, 330, 0.00, 0, 0, 0.00, 0, 0, 0.00, 0, 0, 0.00, 0, 0, 0.00, 0, 0, 0.00, 0, 0, 0.00, 0, 0, 0.00, 0, 0, 0.00, 0, 0, 0.00, 0, 0, 0.00, 0, 0, 0.00, 0, 0, 0.00
e_068, 4067, 24043, 0.00, 3203, 20333, 0.01, 890, 4821, 0.02, 421, 1196, 0.07, 421, 1196, 0.11, 503, 1434, 0.14, 499, 1410, 0.17, 877, 4694, 0.19, 877, 4694, 0.21, 482, 1355, 0.23, 890, 4821, 0.24, 890, 4821, 0.26, 890, 4816, 0.28, 890, 4816, 0.29
e_069, 4053, 22368, 0.00, 2832, 16816, 0.00, 764, 3771, 0.02, 426, 1129, 0.04, 426, 1129, 0.07, 434, 1198, 0.10, 427, 1146, 0.12, 730, 3489, 0.14, 730, 3489, 0.15, 421, 1126, 0.17, 764, 3771, 0.19, 764, 3771, 0.20, 764, 3759, 0.21, 764, 3759, 0.23
e_070, 1817, 5184, 0.00, 513, 1624, 0.00, 33, 98, 0.00, 28, 58, 0.00, 28, 58, 0.00, 28, 58, 0.00, 28, 58, 0.01, 33, 98, 0.01, 33, 98, 0.01, 28, 58, 0.01, 33, 98, 0.01, 33, 98, 0.01, 33, 98, 0.01, 33, 98, 0.01
e_071, 1789, 4896, 0.00, 398, 1254, 0.00, 31, 86, 0.00, 24, 48, 0.00, 24, 48, 0.00, 24, 48, 0.00, 24, 48, 0.00, 31, 86, 0.00, 31, 86, 0.00, 24, 48, 0.00, 31, 86, 0.00, 31, 86, 0.00, 31, 86, 0.00, 31, 86, 0.00
e_072, 3968, 18054, 0.00, 2212, 11498, 0.00, 609, 2618, 0.01, 331, 862, 0.03, 331, 862, 0.05, 380, 1008, 0.06, 379, 1000, 0.08, 607, 2594, 0.09, 607, 2594, 0.10, 379, 1000, 0.11, 609, 2618, 0.12, 609, 2618, 0.13, 581, 2532, 0.14, 581, 2532, 0.15
e_073, 8132, 51796, 0.00, 6192, 41910, 0.01, 2050, 10794, 0.05, 976, 2877, 0.15, 976, 2877, 0.24, 1028, 3186, 0.31, 989, 2955, 0.39, 1903, 9542, 0.46, 1903, 9542, 0.53, 968, 2865, 0.59, 2050, 10794, 0.64, 2050, 10794, 0.68, 2015, 10524, 0.74, 2015, 10523, 0.79
e_074, 802, 1525, 0.00, 248, 671, 0.00, 5, 16, 0.00, 4, 8, 0.00, 4, 8, 0.00, 4, 8, 0.00, 4, 8, 0.00, 5, 16, 0.00, 5, 16, 0.00, 4, 8, 0.00, 5, 16, 0.00, 5, 16, 0.00, 5, 16, 0.00, 5, 16, 0.00
e_075, 8189, 31504, 0.00, 5402, 19961, 0.01, 685, 1802, 0.02, 568, 1371, 0.04, 568, 1371, 0.07, 571, 1384, 0.09, 568, 1371, 0.10, 682, 1789, 0.12, 682, 1789, 0.14, 568, 1371, 0.15, 685, 1802, 0.17, 685, 1802, 0.18, 685, 1801, 0.20, 685, 1801, 0.21
e_076, 8153, 51863, 0.00, 6867, 45423, 0.01, 1604, 9140, 0.04, 599, 1542, 0.11, 599, 1542, 0.17, 708, 1824, 0.23, 708, 1824, 0.29, 1590, 9061, 0.33, 1590, 9061, 0.37, 593, 1526, 0.42, 1604, 9140, 0.45, 1604, 9140, 0.48, 1573, 9014, 0.52, 1573, 9014, 0.56
e_077, 8168, 54744, 0.00, 7402, 51303, 0.01, 1122, 6417, 0.04, 446, 1028, 0.10, 446, 1028, 0.16, 498, 1159, 0.23, 498, 1159, 0.29, 1121, 6401, 0.32, 1121, 6401, 0.36, 446, 1028, 0.41, 1122, 6417, 0.44, 1122, 6417, 0.47, 1115, 6392, 0.51, 1115, 6392, 0.54
e_078, 3960, 15992, 0.00, 2107, 9887, 0.00, 345, 1442, 0.01, 158, 356, 0.02, 158, 356, 0.03, 158, 356, 0.04, 158, 356, 0.05, 345, 1442, 0.06, 345, 1442, 0.07, 158, 356, 0.08, 345, 1442, 0.08, 345, 1442, 0.09, 345, 1442, 0.10, 345, 1442, 0.11
e_079, 8153, 52154, 0.00, 7018, 46613, 0.01, 1407, 7385, 0.04, 658, 1569, 0.12, 658, 1569, 0.20, 676, 1660, 0.27, 659, 1578, 0.34, 1390, 7186, 0.38, 1390, 7186, 0.42, 654, 1540, 0.46, 1407, 7385, 0.49, 1407, 7385, 0.53, 1407, 7376, 0.56, 1407, 7376, 0.59
e_080, 1024, 3480, 0.00, 296, 1379, 0.00, 292, 1349, 0.00, 291, 1330, 7.65, 292, 1349, 7.65, 292, 1349, 7.65, 292, 1349, 7.65, 292, 1349, 7.66, 292, 1349, 7.66, 292, 1349, 9.54, 292, 1349, 9.55, 291, 1330, 10.70, 292, 1349, 10.70, 292, 1349, 12.36
e_081, 8142, 51030, 0.00, 6963, 45552, 0.01, 1488, 8211, 0.05, 576, 1406, 0.12, 576, 1406, 0.19, 704, 1725, 0.25, 701, 1706, 0.31, 1465, 8018, 0.36, 1464, 8008, 0.40, 695, 1689, 0.45, 1488, 8211, 0.48, 1488, 8211, 0.51, 1459, 8082, 0.55, 1459, 8082, 0.60
e_082, 8058, 43548, 0.00, 5689, 30907, 0.01, 308, 1238, 0.02, 158, 320, 0.04, 158, 320, 0.06, 158, 320, 0.08, 158, 320, 0.10, 308, 1238, 0.12, 308, 1238, 0.13, 158, 320, 0.15, 308, 1238, 0.17, 308, 1238, 0.18, 308, 1238, 0.19, 308, 1238, 0.21
e_083, 1712, 3537, 0.00, 466, 1382, 0.00, 33, 102, 0.00, 20, 40, 0.00, 20, 40, 0.00, 20, 40, 0.00, 20, 40, 0.00, 33, 102, 0.00, 33, 102, 0.00, 20, 40, 0.00, 33, 102, 0.00, 33, 102, 0.00, 33, 102, 0.00, 33, 102, 0.00
e_084, 503, 1024, 0.00, 116, 398, 0.00, 114, 391, 0.00, 114, 391, 4.08, 114, 391, 4.08, 114, 391, 4.08, 114, 391, 4.08, 114, 391, 4.08, 114, 391, 4.08, 114, 391, 4.16, 114, 391, 4.16, 114, 391, 4.21, 114, 391, 4.21, 114, 391, 7.78
e_086, 16360, 124104, 0.00, 15460, 119107, 0.02, 3438, 21983, 0.10, 1173, 2896, 0.28, 1173, 2896, 0.46, 1173, 2896, 0.63, 1173, 2896, 0.80, 3435, 21897, 0.89, 3435, 21897, 0.98, 1173, 2896, 1.10, 3438, 21983, 1.18, 3438, 21983, 1.26, 3438, 21982, 1.35, 3438, 21982, 1.44
e_088, 8189, 65903, 0.00, 8023, 65189, 0.01, 6629, 51204, 0.06, 3912, 18527, 0.39, 3912, 18527, 0.65, 3914, 18552, 0.87, 3913, 18544, 1.09, 6625, 51142, 1.16, 6625, 51142, 1.22, 3913, 18544, 1.41, 6629, 51204, 1.47, 6629, 51204, 1.52, 6629, 51201, 1.59, 6629, 51201, 1.65
e_089, 8168, 55556, 0.00, 7388, 52134, 0.01, 4778, 28939, 0.12, 3278, 15082, 0.47, 3278, 15082, 0.78, 3418, 16284, 0.98, 3297, 15320, 1.17, 4634, 27424, 1.32, 4632, 27402, 1.47, 3285, 15207, 1.65, 4778, 28938, 1.76, 4778, 28938, 1.86, 4766, 28790, 1.98, 4766, 28790, 2.10
e_090, 1740, 3544, 0.00, 488, 1402, 0.00, 46, 136, 0.00, 39, 80, 0.00, 39, 80, 0.00, 39, 80, 0.01, 39, 80, 0.01, 46, 136, 0.01, 46, 136, 0.01, 39, 80, 0.01, 46, 136, 0.01, 46, 136, 0.01, 46, 136, 0.01, 46, 136, 0.01
e_091, 1726, 3364, 0.00, 406, 1137, 0.00, 14, 34, 0.00, 13, 26, 0.00, 13, 26, 0.00, 13, 26, 0.00, 13, 26, 0.00, 14, 34, 0.00, 14, 34, 0.00, 13, 26, 0.00, 14, 34, 0.00, 14, 34, 0.00, 14, 34, 0.00, 14, 34, 0.00
e_092, 16333, 119263, 0.00, 13996, 98448, 0.01, 959, 4428, 0.07, 532, 1170, 0.15, 532, 1170, 0.24, 532, 1170, 0.32, 532, 1170, 0.40, 959, 4428, 0.45, 959, 4428, 0.51, 532, 1170, 0.57, 959, 4428, 0.62, 959, 4428, 0.67, 959, 4428, 0.72, 959, 4428, 0.78
e_093, 16333, 109487, 0.00, 14991, 102670, 0.01, 1873, 10861, 0.07, 736, 1672, 0.18, 736, 1672, 0.29, 736, 1672, 0.39, 736, 1672, 0.49, 1873, 10861, 0.55, 1873, 10861, 0.61, 736, 1672, 0.69, 1873, 10861, 0.75, 1873, 10861, 0.81, 1861, 10832, 0.87, 1861, 10832, 0.94
e_094, 8087, 41813, 0.00, 5683, 31857, 0.01, 940, 4211, 0.03, 463, 1094, 0.08, 463, 1094, 0.13, 526, 1281, 0.16, 519, 1242, 0.20, 907, 3989, 0.24, 907, 3989, 0.27, 519, 1242, 0.31, 940, 4211, 0.33, 940, 4211, 0.36, 902, 4046, 0.39, 902, 4046, 0.44
e_095, 8174, 59029, 0.00, 7664, 56758, 0.01, 5223, 34185, 0.09, 3668, 17497, 0.42, 3668, 17497, 0.73, 3760, 18326, 0.93, 3701, 17825, 1.12, 5132, 33005, 1.26, 5132, 33005, 1.41, 3685, 17628, 1.58, 5223, 34185, 1.67, 5223, 34185, 1.76, 5217, 34105, 1.86, 5217, 34105, 1.97
e_096, 16290, 113251, 0.00, 12184, 80761, 0.02, 1476, 7214, 0.07, 587, 1384, 0.18, 587, 1384, 0.28, 758, 1807, 0.37, 758, 1807, 0.46, 1425, 6808, 0.54, 1425, 6808, 0.60, 758, 1807, 0.67, 1476, 7214, 0.72, 1476, 7214, 0.77, 1444, 7104, 0.83, 1444, 7104, 0.89
e_097, 16314, 103725, 0.00, 13933, 92026, 0.01, 2908, 16011, 0.08, 1253, 3184, 0.23, 1253, 3184, 0.38, 1444, 3696, 0.50, 1443, 3686, 0.64, 2869, 15661, 0.73, 2870, 15671, 0.82, 1439, 3671, 0.92, 2908, 16011, 0.98, 2908, 16011, 1.05, 2880, 15830, 1.14, 2880, 15830, 1.23
e_098, 16245, 107319, 0.00, 12731, 80615, 0.01, 684, 2842, 0.06, 364, 810, 0.12, 364, 810, 0.18, 364, 810, 0.23, 364, 810, 0.29, 684, 2842, 0.33, 684, 2842, 0.37, 364, 810, 0.41, 684, 2842, 0.45, 684, 2842, 0.49, 684, 2842, 0.53, 684, 2842, 0.57
e_099, 8061, 38175, 0.00, 6290, 31553, 0.01, 430, 1708, 0.02, 243, 510, 0.05, 243, 510, 0.07, 243, 510, 0.10, 243, 510, 0.12, 430, 1708, 0.14, 430, 1708, 0.16, 243, 510, 0.18, 430, 1708, 0.20, 430, 1708, 0.22, 430, 1708, 0.23, 430, 1708, 0.25
e_100, 32735, 246591, 0.00, 31059, 236551, 0.04, 5665, 35328, 0.21, 1879, 4618, 0.65, 1879, 4618, 1.08, 2273, 5638, 1.50, 2273, 5638, 1.86, 5612, 34854, 2.12, 5612, 34854, 2.39, 2263, 5601, 2.63, 5665, 35328, 2.81, 5665, 35328, 2.99, 5640, 35258, 3.18, 5640, 35258, 3.40
e_101, 32724, 246723, 0.00, 30942, 236317, 0.03, 6021, 38661, 0.19, 2102, 5054, 0.67, 2102, 5054, 1.16, 2102, 5054, 1.54, 2102, 5054, 1.97, 5978, 38320, 2.23, 5978, 38320, 2.45, 2102, 5054, 2.71, 6021, 38661, 2.90, 6021, 38661, 3.07, 6021, 38653, 3.24, 6021, 38653, 3.41
e_102, 16384, 73685, 0.00, 15538, 69031, 0.01, 6900, 25776, 0.15, 5113, 16194, 0.44, 5113, 16194, 0.70, 5113, 16194, 0.94, 5113, 16194, 1.18, 6900, 25776, 1.33, 6900, 25776, 1.49, 5113, 16194, 1.72, 6900, 25776, 1.86, 6919, 25848, 1.97, 6900, 25776, 2.11, 6900, 25776, 2.26
e_103, 16384, 77536, 0.00, 7587, 27486, 0.06, 7524, 27178, 0.10, 7568, 27400, 0.18, 7509, 27216, 0.26, 7537, 27306, 0.30, 7587, 27486, 0.35, 7587, 27486, 0.39, 7560, 27358, 0.43, 7447, 26854, 0.49, 7507, 27184, 0.53, 7544, 27330, 0.58, 7577, 27438, 0.62, 7578, 27432, 0.67
e_104, 16384, 77432, 0.00, 7674, 27538, 0.07, 7669, 27508, 0.11, 7674, 27538, 0.19, 7668, 27516, 0.24, 7658, 27478, 0.29, 7577, 27166, 0.33, 7659, 27500, 0.38, 7643, 27440, 0.43, 7669, 27508, 0.48, 7674, 27538, 0.52, 7674, 27538, 0.57, 7595, 27242, 0.61, 7661, 27492, 0.66
e_105, 2048, 10584, 0.00, 744, 4739, 0.00, 743, 4687, 0.00, 743, 4671, 3.09, 743, 4687, 3.10, 743, 4687, 3.10, 743, 4687, 3.10, 743, 4687, 3.11, 743, 4687, 3.11, 743, 4687, 4.39, 743, 4687, 4.40, 743, 4671, 5.61, 743, 4687, 5.61, 743, 4687, 5.89
e_106, 16349, 119809, 0.00, 15102, 113570, 0.02, 10785, 68565, 0.22, 8017, 40370, 1.07, 8018, 40384, 1.89, 8330, 43101, 2.35, 8082, 40950, 2.81, 10443, 64657, 3.18, 10444, 64687, 3.54, 8064, 40762, 3.99, 10783, 68550, 4.23, 10783, 68541, 4.47, 10754, 68209, 4.75, 10752, 68206, 5.04
e_107, 16316, 104833, 0.00, 13722, 93444, 0.02, 8470, 46905, 0.24, 6498, 29524, 1.29, 6520, 29677, 2.12, 6957, 33323, 2.60, 6769, 31583, 3.03, 8045, 42417, 3.42, 8008, 42200, 3.80, 6567, 30273, 4.18, 8447, 46696, 4.44, 8401, 46335, 4.72, 8330, 45873, 5.02, 8323, 45787, 5.32
e_108, 2048, 30272, 0.00, 2043, 30259, 0.00, 2011, 28323, 0.01, 1686, 19908, 0.09, 1686, 19908, 0.17, 1687, 19928, 0.22, 1686, 19910, 0.29, 2007, 28227, 0.31, 2007, 28227, 0.34, 1686, 19910, 0.43, 2011, 28323, 0.44, 2011, 28323, 0.46, 2011, 28321, 0.48, 2011, 28321, 0.50
e_110, 2048, 6990, 0.00, 613, 3121, 0.00, 611, 3083, 0.00, 611, 3069, 1.44, 611, 3083, 1.44, 611, 3083, 1.44, 611, 3083, 1.45, 611, 3083, 1.45, 611, 3083, 1.45, 611, 3083, 2.09, 611, 3083, 2.09, 611, 3069, 2.67, 611, 3083, 2.67, 611, 3083, 2.80
e_112, 2048, 30308, 0.00, 2048, 30308, 0.00, 1981, 28075, 0.01, 1664, 19725, 0.12, 1664, 19725, 0.23, 1670, 19841, 0.29, 1666, 19775, 0.37, 1970, 27819, 0.41, 1970, 27819, 0.45, 1664, 19731, 0.52, 1981, 28075, 0.54, 1981, 28075, 0.56, 1981, 28067, 0.58, 1981, 28067, 0.60
e_114, 2044, 23899, 0.00, 2001, 23591, 0.00, 1933, 19544, 0.04, 1813, 16599, 0.53, 1837, 17696, 0.74, 1891, 18711, 0.80, 1863, 18099, 0.87, 1896, 18793, 0.93, 1875, 18494, 1.02, 1815, 17475, 1.13, 1933, 19474, 1.18, 1927, 18632, 1.25, 1931, 19492, 1.29, 1931, 19482, 1.40
e_115, 32766, 304304, 0.00, 32537, 303055, 0.04, 29229, 259159, 0.36, 20708, 127527, 2.23, 20708, 127527, 4.01, 20747, 127976, 5.46, 20720, 127638, 6.79, 29162, 258035, 7.34, 29162, 258035, 7.91, 20719, 127625, 9.08, 29229, 259159, 9.39, 29229, 259159, 9.68, 29212, 259007, 10.07, 29212, 259007, 10.47
e_116, 1024, 24462, 0.00, 1024, 24462, 0.00, 1019, 23171, 0.01, 938, 19654, 0.08, 938, 19654, 0.13, 944, 19873, 0.16, 938, 19657, 0.19, 1011, 22841, 0.22, 1011, 22841, 0.24, 938, 19657, 0.27, 1019, 23171, 0.28, 1019, 23171, 0.29, 1019, 23168, 0.30, 1019, 23168, 0.31
e_117, 32764, 304790, 0.00, 32505, 303380, 0.03, 29455, 261485, 0.32, 20471, 124413, 2.14, 20471, 124413, 3.83, 20503, 124677, 5.25, 20475, 124460, 6.60, 29427, 260947, 7.08, 29427, 260947, 7.58, 20474, 124447, 8.80, 29455, 261485, 9.11, 29455, 261485, 9.42, 29452, 261450, 9.76, 29452, 261450, 10.14
e_118, 32711, 240624, 0.00, 29866, 226347, 0.03, 21797, 134183, 0.62, 17359, 87646, 3.81, 17381, 87968, 6.39, 18104, 94669, 7.64, 17679, 90539, 8.84, 20862, 123444, 9.86, 20855, 123407, 10.84, 17462, 88917, 12.06, 21779, 133971, 12.79, 21777, 133834, 13.53, 21611, 132526, 14.25, 21597, 132356, 14.96
e_119, 32751, 272707, 0.00, 31628, 266728, 0.04, 26485, 194384, 0.42, 21132, 123334, 3.14, 21133, 123353, 5.48, 21568, 127820, 6.77, 21223, 124274, 7.97, 26006, 187351, 8.90, 26007, 187351, 9.75, 21191, 124013, 10.89, 26485, 194370, 11.35, 26477, 194307, 11.87, 26366, 193115, 12.49, 26366, 193114, 13.11
e_120, 2048, 28679, 0.00, 2038, 28635, 0.00, 2001, 25511, 0.01, 1822, 20930, 0.10, 1822, 20930, 0.18, 1831, 21127, 0.23, 1823, 20977, 0.27, 1989, 25185, 0.29, 1989, 25185, 0.32, 1823, 20977, 0.37, 2001, 25511, 0.39, 2001, 25511, 0.40, 2001, 25499, 0.42, 2001, 25499, 0.44
e_121, 1024, 5480, 0.00, 525, 3412, 0.00, 515, 3295, 0.00, 515, 3292, 0.98, 515, 3293, 0.99, 515, 3295, 0.99, 515, 3295, 0.99, 515, 3295, 1.00, 515, 3295, 1.00, 515, 3295, 1.36, 515, 3293, 1.37, 515, 3294, 1.77, 515, 3295, 1.78, 515, 3295, 1.88
e_122, 32766, 305033, 0.00, 32563, 303900, 0.03, 29473, 262548, 0.38, 20399, 124974, 2.41, 20399, 124974, 4.26, 20417, 125248, 5.82, 20406, 125082, 7.54, 29419, 261589, 8.22, 29419, 261589, 8.84, 20399, 125006, 10.23, 29473, 262548, 10.61, 29473, 262548, 10.99, 29473, 262525, 11.40, 29473, 262525, 11.84
e_123, 32735, 256256, 0.00, 30893, 247080, 0.03, 24661, 164765, 0.47, 19872, 108095, 3.17, 19876, 108147, 5.40, 20431, 114291, 6.55, 20067, 110010, 7.72, 23977, 155675, 8.62, 23970, 155599, 9.62, 19975, 109200, 10.67, 24656, 164685, 11.26, 24650, 164594, 11.99, 24574, 163833, 12.61, 24580, 163886, 13.29
e_124, 32760, 288288, 0.00, 32156, 285096, 0.03, 28164, 226463, 0.36, 21596, 132639, 2.45, 21596, 132639, 4.42, 21754, 134527, 5.72, 21643, 133201, 7.09, 27937, 222812, 7.78, 27940, 222852, 8.50, 21603, 132898, 9.60, 28164, 226463, 9.96, 28164, 226463, 10.34, 28145, 226176, 10.79, 28145, 226176, 11.28
e_125, 32759, 288748, 0.00, 32168, 285568, 0.03, 28018, 225376, 0.37, 21233, 129811, 2.54, 21233, 129812, 4.53, 21474, 132333, 5.67, 21323, 130612, 6.91, 27860, 222522, 7.55, 27866, 222552, 8.24, 21297, 130392, 9.43, 28018, 225376, 9.86, 28018, 225376, 10.22, 28003, 225133, 10.62, 28003, 225132, 11.05
e_126, 32762, 288979, 0.00, 32235, 286024, 0.03, 28000, 226927, 0.41, 21306, 131754, 2.54, 21306, 131754, 4.58, 21450, 133582, 5.91, 21341, 132155, 7.27, 27759, 223047, 8.13, 27761, 223077, 8.88, 21323, 132007, 10.17, 28000, 226927, 10.57, 28000, 226927, 11.00, 27971, 226561, 11.54, 27971, 226561, 12.09
e_127, 2046, 25492, 0.00, 2024, 25366, 0.00, 1975, 21042, 0.04, 1853, 18178, 0.23, 1853, 18342, 0.37, 1880, 19088, 0.44, 1866, 18711, 0.50, 1939, 20048, 0.55, 1936, 19988, 0.61, 1854, 18451, 0.70, 1975, 20944, 0.74, 1975, 20741, 0.79, 1975, 21017, 0.82, 1967, 20936, 0.86
e_128, 32748, 272272, 0.00, 31638, 266518, 0.03, 26579, 194325, 0.47, 21130, 123661, 3.13, 21132, 123679, 5.38, 21597, 128707, 6.55, 21253, 125063, 7.80, 26060, 187267, 8.72, 26058, 187258, 9.62, 21212, 124582, 10.71, 26579, 194324, 11.19, 26573, 194276, 11.72, 26505, 193588, 12.24, 26483, 193451, 12.84
e_129, 32732, 256665, 0.00, 30901, 247147, 0.03, 24068, 160887, 0.57, 19276, 104253, 3.62, 19291, 104451, 6.14, 19983, 111596, 7.43, 19425, 106094, 8.85, 23267, 150965, 9.86, 23263, 150930, 10.91, 19323, 105166, 12.23, 24068, 160836, 12.88, 24064, 160763, 13.51, 23915, 159290, 14.20, 23908, 159236, 14.93
e_130, 32759, 272924, 0.00, 31590, 266651, 0.04, 26044, 191638, 0.45, 20256, 118730, 2.78, 20257, 118742, 4.92, 20706, 123453, 6.16, 20353, 119670, 7.38, 25542, 184067, 8.28, 25552, 184167, 9.15, 20310, 119364, 10.39, 26044, 191630, 10.87, 26044, 191630, 11.36, 25944, 190594, 11.99, 25944, 190591, 12.65
e_131, 32719, 240240, 0.00, 29886, 226224, 0.03, 21915, 135119, 0.53, 17707, 90989, 3.83, 17745, 91255, 6.41, 18524, 98481, 7.64, 18102, 94141, 8.87, 21058, 125081, 9.91, 21051, 125079, 10.90, 17855, 92695, 11.95, 21869, 134723, 12.66, 21865, 134638, 13.31, 21753, 133594, 14.02, 21749, 133537, 14.73
e_133, 2046, 22332, 0.00, 1933, 21704, 0.00, 1805, 17946, 0.05, 1679, 14973, 1.21, 1721, 16455, 1.43, 1755, 17247, 1.52, 1739, 16899, 1.60, 1756, 17082, 1.69, 1744, 16907, 1.79, 1708, 16398, 1.93, 1805, 17876, 2.00, 1794, 17177, 2.37, 1805, 17916, 2.42, 1794, 17776, 2.61
e_134, 32741, 256870, 0.00, 30849, 246884, 0.04, 23914, 160821, 0.52, 18940, 104135, 3.59, 18946, 104220, 6.07, 19446, 109581, 7.43, 19080, 105598, 8.73, 23147, 150984, 9.66, 23138, 150924, 10.64, 18982, 104868, 11.73, 23910, 160788, 12.29, 23910, 160763, 12.85, 23752, 159271, 13.51, 23752, 159266, 14.24
e_135, 32716, 240816, 0.00, 29867, 226939, 0.03, 21426, 132930, 0.68, 16901, 87088, 4.13, 16912, 87256, 6.81, 17585, 93662, 8.36, 17177, 89436, 9.72, 20465, 122136, 10.79, 20458, 122068, 11.97, 16975, 88060, 13.28, 21405, 132609, 14.08, 21393, 132437, 14.82, 21186, 130970, 15.77, 21180, 130910, 16.68
e_136, 65532, 288528, 0.00, 61731, 268040, 0.06, 25763, 93371, 0.60, 17309, 53146, 2.12, 17309, 53146, 3.43, 17733, 54339, 4.45, 17733, 54339, 5.38, 25763, 93371, 5.87, 25763, 93371, 6.36, 17733, 54339, 7.35, 25763, 93371, 7.85, 25763, 93371, 8.36, 25756, 93349, 8.93, 25756, 93349, 9.47
e_137, 2048, 7003, 0.00, 640, 3188, 0.00, 637, 3139, 0.00, 636, 3121, 0.53, 637, 3139, 0.53, 637, 3139, 0.54, 637, 3139, 0.54, 637, 3139, 0.54, 637, 3139, 0.55, 637, 3139, 0.82, 637, 3139, 0.83, 636, 3121, 1.00, 637, 3139, 1.01, 637, 3139, 1.06
e_138, 65530, 273310, 0.00, 56569, 229701, 0.07, 14074, 44775, 0.41, 11063, 31280, 1.07, 11063, 31280, 1.67, 11072, 31321, 2.22, 11063, 31280, 2.78, 14040, 44660, 3.20, 14040, 44660, 3.62, 11063, 31280, 4.19, 14074, 44775, 4.59, 14074, 44775, 4.97, 14074, 44774, 5.33, 14074, 44774, 5.70
e_139, 65535, 288492, 0.00, 61700, 267847, 0.06, 25698, 93357, 0.54, 17765, 55178, 1.93, 17765, 55178, 3.11, 17765, 55178, 4.23, 17765, 55178, 5.39, 25698, 93357, 5.95, 25698, 93357, 6.47, 17765, 55178, 7.62, 25698, 93357, 8.12, 25698, 93357, 8.61, 25698, 93357, 9.09, 25698, 93357, 9.57
e_140, 65522, 273600, 0.00, 56347, 228891, 0.08, 14901, 47577, 0.45, 11297, 31607, 1.21, 11297, 31607, 1.94, 11298, 31613, 2.67, 11297, 31607, 3.31, 14900, 47571, 3.69, 14900, 47571, 4.06, 11297, 31607, 4.68, 14901, 47577, 5.04, 14901, 47577, 5.39, 14901, 47577, 5.74, 14901, 47577, 6.14
e_141, 65536, 303686, 0.00, 29853, 104814, 0.37, 29802, 104580, 0.65, 29792, 104524, 1.05, 29782, 104498, 1.31, 29744, 104336, 1.55, 29775, 104470, 1.76, 29798, 104572, 1.98, 29731, 104336, 2.21, 29818, 104628, 2.46, 29781, 104490, 2.70, 29791, 104526, 2.94, 29748, 104394, 3.21, 29821, 104646, 3.44
e_142, 65527, 273337, 0.00, 56843, 230657, 0.06, 13916, 44077, 0.44, 10809, 30244, 1.14, 10809, 30244, 1.79, 10809, 30244, 2.49, 10809, 30244, 3.12, 13894, 43998, 3.60, 13894, 43998, 4.07, 10809, 30244, 4.81, 13916, 44077, 5.25, 13916, 44077, 5.64, 13916, 44076, 6.02, 13916, 44076, 6.43
e_143, 65536, 303696, 0.00, 29094, 101092, 0.30, 28922, 100364, 0.49, 28986, 100666, 0.83, 29043, 100914, 1.06, 29039, 100886, 1.25, 29018, 100756, 1.44, 29025, 100810, 1.62, 28835, 100156, 1.92, 29049, 100916, 2.14, 28980, 100658, 2.43, 29020, 100784, 2.65, 28994, 100692, 2.85, 28853, 100178, 3.05
e_144, 65536, 303996, 0.00, 29711, 104228, 0.32, 29650, 103972, 0.51, 29515, 103408, 0.84, 29641, 103912, 1.09, 29551, 103584, 1.31, 29660, 104006, 1.51, 29691, 104116, 1.72, 29529, 103506, 1.95, 29666, 104068, 2.23, 29591, 103782, 2.45, 29588, 103764, 2.68, 29603, 103786, 2.94, 29561, 103624, 3.15
e_145, 2048, 27086, 0.00, 2037, 27060, 0.00, 1994, 23196, 0.02, 1862, 20171, 0.17, 1862, 20191, 0.25, 1883, 20729, 0.30, 1869, 20273, 0.35, 1969, 22555, 0.38, 1969, 22555, 0.42, 1862, 20216, 0.48, 1994, 23178, 0.51, 1994, 23160, 0.54, 1994, 23178, 0.57, 1994, 23176, 0.60
e_146, 65532, 288796, 0.00, 61761, 268581, 0.06, 26036, 94451, 0.51, 17413, 53134, 1.84, 17413, 53134, 3.15, 17413, 53134, 4.47, 17413, 53134, 5.67, 26036, 94451, 6.16, 26036, 94451, 6.66, 17413, 53134, 7.86, 26036, 94451, 8.37, 26036, 94451, 8.89, 26036, 94451, 9.37, 26036, 94451, 9.86
e_148, 2048, 25737, 0.00, 2010, 25512, 0.00, 1921, 21214, 0.04, 1800, 18478, 0.34, 1806, 18901, 0.53, 1849, 19798, 0.60, 1827, 19338, 0.67, 1873, 20138, 0.75, 1864, 20044, 0.83, 1804, 18941, 0.91, 1918, 21047, 0.98, 1904, 20517, 1.05, 1921, 21183, 1.12, 1915, 21094, 1.19
e_149, 1024, 3624, 0.00, 400, 1987, 0.00, 392, 1921, 0.00, 389, 1903, 6.00, 392, 1921, 6.00, 392, 1921, 6.00, 392, 1921, 6.00, 392, 1921, 6.01, 392, 1921, 6.04, 392, 1921, 8.37, 392, 1921, 8.37, 389, 1903, 9.64, 392, 1921, 9.64, 392, 1921, 10.92
e_150, 1024, 22042, 0.00, 1024, 22042, 0.00, 1018, 20063, 0.02, 970, 18353, 0.10, 970, 18373, 0.17, 978, 18711, 0.20, 973, 18523, 0.24, 1013, 19859, 0.26, 1013, 19859, 0.29, 971, 18446, 0.35, 1018, 20051, 0.38, 1018, 20023, 0.40, 1018, 20058, 0.42, 1018, 20056, 0.44
e_151, 65534, 653240, 0.00, 65153, 651037, 0.07, 61127, 581170, 0.76, 44733, 305187, 5.66, 44733, 305187, 10.04, 44773, 305829, 13.61, 44742, 305372, 17.34, 61023, 579113, 18.89, 61023, 579113, 20.44, 44737, 305299, 23.80, 61127, 581170, 24.55, 61127, 581170, 25.36, 61123, 581061, 26.26, 61123, 581060, 27.20
e_152, 65531, 618237, 0.00, 64757, 613941, 0.08, 59136, 508459, 0.87, 46916, 316924, 6.83, 46917, 316948, 12.31, 47228, 321325, 15.90, 46976, 317899, 19.50, 58619, 499486, 21.45, 58618, 499468, 23.49, 46930, 317501, 26.47, 59136, 508459, 27.34, 59136, 508459, 28.22, 59104, 507838, 29.30, 59104, 507834, 30.48
e_153, 2043, 22306, 0.00, 1971, 21826, 0.00, 1881, 18161, 0.04, 1770, 15612, 0.64, 1794, 16789, 0.83, 1832, 17412, 0.93, 1813, 17117, 1.02, 1825, 17351, 1.11, 1817, 17207, 1.20, 1787, 16676, 1.30, 1881, 18096, 1.36, 1863, 17154, 1.50, 1875, 18077, 1.56, 1872, 18060, 1.68
e_154, 65536, 653641, 0.00, 65157, 651490, 0.07, 61101, 582135, 0.74, 44975, 308997, 5.73, 44975, 308997, 10.26, 45060, 310250, 13.69, 44985, 309178, 17.22, 60948, 579420, 18.61, 60948, 579420, 20.00, 44982, 309143, 23.04, 61101, 582135, 23.81, 61101, 582135, 24.54, 61101, 582074, 25.33, 61101, 582074, 26.23
e_155, 65529, 619239, 0.00, 64752, 614915, 0.08, 58984, 508011, 0.85, 47071, 320780, 6.61, 47074, 320816, 11.77, 47443, 325574, 14.77, 47189, 322419, 17.74, 58539, 500546, 19.42, 58536, 500506, 21.20, 47137, 321782, 24.23, 58984, 508010, 25.15, 58984, 508010, 26.07, 58959, 507537, 27.14, 58959, 507538, 28.27
e_156, 65522, 584478, 0.00, 63837, 575281, 0.07, 56009, 438565, 1.19, 45733, 293499, 7.91, 45734, 293530, 13.62, 46478, 302984, 16.74, 45885, 295510, 19.67, 55054, 423885, 21.85, 55058, 423948, 24.27, 45808, 294759, 27.32, 56009, 438549, 28.65, 56009, 438537, 30.05, 55892, 437143, 31.57, 55892, 437134, 33.28
e_157, 65536, 652583, 0.00, 65181, 650588, 0.07, 61067, 579859, 0.65, 44909, 306105, 4.81, 44909, 306105, 8.79, 44953, 306773, 12.11, 44914, 306222, 15.45, 60939, 577468, 16.65, 60937, 577434, 18.05, 44910, 306164, 20.58, 61067, 579859, 21.27, 61067, 579859, 21.99, 61067, 579803, 22.68, 61067, 579803, 23.48
e_158, 65521, 584837, 0.00, 63834, 575553, 0.07, 55990, 440213, 1.08, 45911, 298034, 8.22, 45936, 298230, 13.87, 46599, 307229, 16.69, 46081, 300255, 19.75, 55006, 425188, 21.65, 54994, 425095, 23.67, 45974, 299235, 26.78, 55990, 440203, 27.99, 55975, 440089, 29.36, 55865, 438678, 31.02, 55859, 438590, 32.52
e_159, 65503, 550097, 0.00, 62512, 534038, 0.10, 52301, 374322, 1.41, 43177, 257964, 9.67, 43182, 258132, 16.41, 44511, 273219, 19.50, 43532, 262245, 22.65, 50732, 352506, 25.04, 50727, 352409, 27.44, 43339, 260311, 30.23, 52296, 374160, 31.66, 52289, 373995, 33.14, 52066, 371522, 34.73, 52067, 371532, 36.40
e_161, 2048, 28713, 0.00, 2042, 28658, 0.00, 1987, 25450, 0.02, 1815, 21206, 0.12, 1815, 21208, 0.20, 1825, 21451, 0.25, 1816, 21251, 0.29, 1970, 24986, 0.34, 1970, 24986, 0.38, 1815, 21218, 0.43, 1987, 25447, 0.46, 1987, 25445, 0.48, 1987, 25444, 0.51, 1987, 25444, 0.53
e_162, 131066, 573836, 0.00, 123407, 533092, 0.12, 48574, 174279, 1.18, 33641, 102880, 4.73, 33641, 102880, 8.05, 33641, 102880, 11.15, 33641, 102880, 14.26, 48574, 174279, 15.35, 48574, 174279, 16.52, 33641, 102880, 19.51, 48574, 174279, 20.58, 48574, 174279, 21.66, 48574, 174279, 22.71, 48574, 174279, 23.77
e_163, 131067, 574081, 0.00, 123088, 530853, 0.12, 49103, 175843, 1.43, 35070, 106913, 4.34, 35070, 106913, 7.14, 35070, 106913, 9.82, 35070, 106913, 12.46, 49102, 175835, 13.95, 49102, 175835, 15.42, 35070, 106913, 18.23, 49103, 175843, 19.62, 49103, 175843, 21.00, 49103, 175843, 22.32, 49103, 175843, 23.67
e_164, 65497, 549544, 0.00, 62806, 534981, 0.08, 52341, 373712, 1.24, 43635, 261970, 10.60, 43665, 262327, 18.19, 44963, 277363, 21.22, 44029, 266412, 24.43, 50878, 353000, 26.81, 50868, 352881, 29.24, 43806, 264386, 32.27, 52337, 373587, 33.86, 52325, 373356, 35.32, 52174, 371524, 36.88, 52174, 371485, 38.53
e_165, 131072, 603932, 0.00, 56793, 196672, 0.76, 56524, 195574, 1.24, 56620, 195984, 2.03, 56525, 195554, 2.62, 56689, 196230, 3.10, 56648, 196114, 3.64, 56607, 195988, 4.15, 56628, 196024, 4.65, 56502, 195542, 5.25, 56554, 195734, 5.79, 56561, 195830, 6.29, 56624, 195926, 6.77, 56567, 195756, 7.30
e_166, 65519, 583890, 0.00, 63962, 575286, 0.07, 56092, 438456, 1.13, 46416, 298453, 9.34, 46449, 298728, 15.29, 47149, 307879, 18.60, 46598, 300824, 22.00, 55140, 423878, 24.32, 55137, 423824, 26.77, 46498, 299880, 29.95, 56092, 438442, 31.16, 56092, 438423, 32.43, 55991, 437141, 33.93, 55991, 437143, 35.50
e_167, 1024, 5487, 0.00, 563, 3546, 0.00, 563, 3527, 0.00, 563, 3526, 1.45, 563, 3527, 1.45, 563, 3527, 1.45, 563, 3527, 1.45, 563, 3527, 1.46, 563, 3527, 1.46, 563, 3527, 2.21, 563, 3527, 2.21, 563, 3526, 2.68, 563, 3527, 2.68, 563, 3527, 2.76
e_168, 65502, 550435, 0.00, 62564, 534652, 0.07, 52174, 374537, 1.28, 43439, 263785, 10.82, 43459, 264138, 18.04, 44665, 277574, 21.32, 43789, 267681, 24.54, 50623, 353683, 26.94, 50603, 353502, 29.47, 43613, 266154, 32.80, 52160, 374342, 34.40, 52155, 374183, 35.81, 51797, 371056, 37.75, 51796, 371014, 39.69
e_169, 131072, 604300, 0.00, 55599, 191800, 0.72, 55312, 190594, 1.17, 55275, 190582, 1.86, 55466, 191266, 2.35, 55351, 190892, 2.84, 55479, 191332, 3.27, 55417, 191062, 3.73, 55297, 190692, 4.21, 55492, 191370, 4.81, 55349, 190872, 5.26, 55222, 190350, 5.75, 55352, 190844, 6.16, 55275, 190538, 6.58
e_170, 131063, 573737, 0.00, 123213, 531438, 0.11, 48226, 172342, 1.43, 34282, 104389, 4.20, 34282, 104389, 6.78, 34282, 104389, 9.35, 34282, 104389, 11.84, 48226, 172342, 13.16, 48226, 172342, 14.50, 34282, 104389, 17.18, 48226, 172342, 18.61, 48226, 172342, 19.96, 48226, 172342, 21.35, 48226, 172342, 22.71
e_171, 131072, 604042, 0.00, 54734, 187640, 0.66, 54588, 187142, 1.05, 54553, 187026, 1.69, 54567, 187016, 2.17, 54706, 187554, 2.53, 54490, 186796, 2.89, 54534, 186890, 3.29, 54604, 187124, 3.67, 54501, 186788, 4.12, 54552, 186992, 4.51, 54496, 186730, 4.92, 54618, 187216, 5.27, 54623, 187210, 5.64
e_172, 4096, 67676, 0.00, 4091, 67650, 0.00, 4027, 63480, 0.03, 3540, 49143, 0.21, 3540, 49143, 0.37, 3549, 49283, 0.49, 3540, 49150, 0.62, 4012, 63171, 0.67, 4012, 63171, 0.73, 3540, 49150, 0.86, 4027, 63480, 0.89, 4027, 63480, 0.92, 4020, 63389, 0.96, 4020, 63388, 1.01
e_173, 1024, 23175, 0.00, 1024, 23175, 0.00, 1017, 21012, 0.01, 992, 19959, 0.07, 992, 19980, 0.11, 992, 20005, 0.13, 992, 20005, 0.15, 1011, 20764, 0.17, 1011, 20764, 0.19, 992, 20005, 0.22, 1017, 20999, 0.24, 1017, 20983, 0.25, 1017, 20999, 0.27, 1017, 20999, 0.28
e_174, 1010, 2048, 0.00, 236, 868, 0.00, 235, 870, 0.00, 235, 870, 0.41, 235, 870, 0.41, 235, 870, 0.41, 235, 870, 0.41, 235, 870, 0.41, 235, 870, 0.42, 235, 870, 0.58, 235, 870, 0.58, 235, 870, 0.61, 235, 870, 0.61, 235, 870, 0.82
e_175, 2043, 22520, 0.00, 1962, 22087, 0.00, 1839, 18320, 0.05, 1683, 14974, 0.74, 1705, 16147, 0.95, 1746, 16949, 1.03, 1728, 16537, 1.13, 1760, 17132, 1.24, 1742, 16905, 1.35, 1698, 16076, 1.51, 1834, 18236, 1.58, 1795, 16797, 1.74, 1831, 18265, 1.80, 1815, 18042, 1.98
e_176, 4096, 66372, 0.00, 4096, 66372, 0.00, 4043, 62465, 0.03, 3617, 49798, 0.22, 3617, 49798, 0.38, 3627, 50049, 0.49, 3617, 49807, 0.59, 4029, 62073, 0.64, 4029, 62073, 0.69, 3617, 49807, 0.83, 4043, 62465, 0.86, 4043, 62465, 0.90, 4043, 62455, 0.93, 4043, 62455, 0.97
e_178, 4096, 66408, 0.00, 4096, 66408, 0.00, 4059, 62771, 0.03, 3562, 47917, 0.21, 3562, 47917, 0.36, 3573, 48172, 0.46, 3562, 47925, 0.56, 4045, 62372, 0.61, 4045, 62372, 0.66, 3562, 47925, 0.77, 4059, 62771, 0.81, 4059, 62771, 0.84, 4059, 62763, 0.88, 4059, 62763, 0.92
e_179, 2048, 27346, 0.00, 2027, 27248, 0.00, 1976, 23241, 0.02, 1864, 20693, 0.14, 1864, 20699, 0.23, 1882, 21073, 0.28, 1867, 20806, 0.34, 1943, 22456, 0.38, 1942, 22432, 0.42, 1865, 20758, 0.48, 1976, 23223, 0.52, 1976, 23209, 0.55, 1972, 23162, 0.59, 1972, 23163, 0.62
e_182, 1002, 2048, 0.00, 240, 877, 0.00, 240, 876, 0.00, 240, 876, 0.10, 240, 876, 0.10, 240, 876, 0.10, 240, 876, 0.10, 240, 876, 0.10, 240, 876, 0.10, 240, 876, 0.13, 240, 876, 0.13, 240, 876, 0.14, 240, 876, 0.14, 240, 876, 0.20
e_183, 1024, 5471, 0.00, 549, 3678, 0.00, 548, 3650, 0.00, 548, 3636, 5.15, 548, 3650, 5.15, 548, 3650, 5.16, 548, 3650, 5.16, 548, 3650, 5.16, 548, 3650, 5.17, 548, 3650, 7.71, 548, 3650, 7.71, 548, 3636, 9.75, 548, 3650, 9.75, 548, 3650, 10.26
e_184, 131065, 1315170, 0.00, 129909, 1308043, 0.17, 121996, 1113877, 1.90, 100715, 746203, 17.88, 100723, 746277, 31.81, 101460, 757215, 39.45, 100870, 748685, 47.00, 120968, 1094190, 51.04, 120969, 1094202, 55.23, 100830, 748022, 63.31, 121996, 1113865, 65.53, 121996, 1113860, 67.77, 121926, 1112703, 70.34, 121922, 1112652, 72.97
e_185, 4096, 62879, 0.00, 4090, 62825, 0.00, 4016, 56236, 0.04, 3764, 49129, 0.24, 3764, 49131, 0.40, 3780, 49575, 0.48, 3765, 49184, 0.56, 3991, 55460, 0.63, 3991, 55460, 0.69, 3765, 49184, 0.78, 4016, 56236, 0.82, 4016, 56234, 0.87, 4016, 56214, 0.91, 4016, 56214, 0.96
e_186, 2047, 23928, 0.00, 1973, 23543, 0.00, 1845, 19433, 0.04, 1733, 16698, 0.57, 1746, 17631, 0.80, 1809, 18793, 0.86, 1772, 18183, 0.94, 1790, 18485, 1.02, 1783, 18346, 1.11, 1737, 17528, 1.27, 1845, 19354, 1.33, 1838, 18539, 1.49, 1829, 19283, 1.55, 1824, 19195, 1.65
e_187, 1024, 3632, 0.00, 427, 2073, 0.00, 424, 2012, 0.00, 424, 2010, 0.80, 424, 2012, 0.80, 424, 2012, 0.80, 424, 2012, 0.80, 424, 2012, 0.81, 424, 2012, 0.81, 424, 2012, 1.15, 424, 2012, 1.15, 424, 2010, 1.37, 424, 2012, 1.37, 424, 2012, 1.48
e_188, 4096, 62913, 0.00, 4092, 62899, 0.00, 4053, 56642, 0.05, 3777, 49284, 0.31, 3777, 49284, 0.53, 3811, 49918, 0.62, 3782, 49368, 0.73, 4018, 55781, 0.81, 4017, 55759, 0.89, 3782, 49368, 1.01, 4053, 56639, 1.06, 4053, 56639, 1.11, 4053, 56627, 1.16, 4053, 56627, 1.21
e_190, 2048, 7005, 0.00, 649, 3189, 0.00, 647, 3155, 0.00, 646, 3140, 0.45, 647, 3155, 0.45, 647, 3155, 0.45, 647, 3155, 0.46, 647, 3155, 0.46, 647, 3155, 0.46, 647, 3155, 0.65, 647, 3155, 0.66, 646, 3140, 0.81, 647, 3155, 0.81, 647, 3155, 0.86
e_192, 2048, 7307, 0.00, 812, 4093, 0.00, 812, 4084, 0.00, 812, 4080, 0.12, 812, 4084, 0.12, 812, 4084, 0.13, 812, 4084, 0.13, 812, 4084, 0.13, 812, 4084, 0.14, 812, 4084, 0.18, 812, 4084, 0.19, 812, 4080, 0.23, 812, 4084, 0.23, 812, 4084, 0.24
e_193, 1024, 17144, 0.00, 1005, 17001, 0.00, 994, 15983, 0.02, 985, 15639, 0.27, 986, 15815, 0.34, 990, 15917, 0.36, 987, 15844, 0.38, 990, 15886, 0.41, 992, 15939, 0.44, 988, 15873, 0.49, 994, 15980, 0.52, 994, 15822, 0.62, 994, 15980, 0.65, 994, 15982, 0.71
e_194, 2048, 15440, 0.00, 1522, 13090, 0.00, 1522, 13055, 0.01, 1522, 13052, 0.38, 1522, 13055, 0.40, 1522, 13055, 0.40, 1522, 13055, 0.41, 1522, 13055, 0.41, 1522, 13055, 0.42, 1522, 13055, 0.59, 1522, 13055, 0.60, 1522, 13052, 0.77, 1522, 13055, 0.77, 1522, 13055, 0.80
e_197, 4096, 93346, 0.00, 4085, 93276, 0.01, 4078, 90123, 0.09, 4071, 89394, 2.53, 4071, 89828, 2.77, 4074, 89988, 2.87, 4072, 89892, 2.98, 4074, 89929, 3.10, 4076, 90025, 3.23, 4073, 89928, 3.43, 4078, 90119, 3.55, 4078, 89679, 4.94, 4078, 90123, 5.03, 4078, 90123, 5.36
e_198, 8192, 230662, 0.00, 8192, 230662, 0.01, 8182, 219681, 0.22, 8150, 217112, 3.24, 8156, 218605, 4.23, 8166, 219152, 4.69, 8169, 219115, 5.03, 8169, 219070, 5.46, 8168, 219052, 5.90, 8152, 218602, 6.60, 8182, 219630, 6.96, 8180, 218301, 7.90, 8182, 219680, 8.14, 8182, 219681, 8.43
e_199, 16384, 559996, 0.00, 16384, 559996, 0.02, 16384, 533425, 0.20, 16154, 519032, 2.18, 16154, 519037, 3.58, 16171, 519881, 4.20, 16156, 519164, 4.89, 16354, 531655, 5.42, 16354, 531655, 5.90, 16155, 519117, 7.37, 16384, 533412, 7.67, 16384, 533407, 8.00, 16384, 533397, 8.25, 16384, 533397, 8.53
e_200, 32767, 503421, 0.00, 32464, 500904, 0.04, 32302, 470067, 0.85, 32136, 461679, 15.41, 32168, 466578, 20.25, 32254, 468806, 21.63, 32209, 467710, 23.20, 32210, 467793, 24.96, 32225, 468209, 26.91, 32188, 467215, 29.45, 32296, 469808, 30.88, 32279, 465494, 34.08, 32302, 470023, 35.11, 32295, 469975, 36.60
h_002, 1024, 3473, 0.00, 302, 1516, 0.00, 300, 1492, 0.00, 289, 1411, 101.06, 300, 1492, 101.06, 300, 1492, 101.06, 300, 1492, 101.06, 300, 1492, 101.06, 293, 1457, 101.08, 293, 1457, 111.12, 300, 1492, 111.12, 289, 1411, 113.84, 300, 1492, 113.84, 300, 1492, 135.88
h_003, 1024, 3480, 0.00, 296, 1379, 0.00, 292, 1349, 0.00, 291, 1330, 8.30, 292, 1349, 8.30, 292, 1349, 8.30, 292, 1349, 8.30, 292, 1349, 8.30, 292, 1349, 8.30, 292, 1349, 10.63, 292, 1349, 10.63, 291, 1330, 12.03, 292, 1349, 12.03, 292, 1349, 14.07
h_004, 1024, 3624, 0.00, 400, 1987, 0.00, 392, 1921, 0.00, 389, 1903, 5.93, 392, 1921, 5.93, 392, 1921, 5.93, 392, 1921, 5.93, 392, 1921, 5.94, 392, 1921, 5.97, 392, 1921, 8.13, 392, 1921, 8.13, 389, 1903, 9.49, 392, 1921, 9.49, 392, 1921, 10.68
h_005, 843, 3995, 0.00, 794, 3896, 0.00, 159, 567, 0.00, 159, 567, 80.23, 159, 567, 80.23, 159, 567, 80.23, 159, 567, 80.23, 159, 567, 80.24, 159, 567, 80.45, 159, 567, 87.86, 159, 567, 87.86, 159, 567, 88.20, 159, 567, 88.20, 159, 567, 160.32
h_006, 2002, 4096, 0.00, 483, 1723, 0.00, 482, 1719, 0.00, 482, 1719, 0.02, 482, 1719, 0.02, 482, 1719, 0.02, 482, 1719, 0.02, 482, 1719, 0.02, 482, 1719, 0.03, 482, 1719, 0.03, 482, 1719, 0.04, 482, 1719, 0.04, 482, 1719, 0.04, 482, 1719, 0.04
h_008, 1024, 5222, 0.00, 333, 2129, 0.00, 331, 2083, 0.00, 320, 1894, 170.64, 331, 2083, 170.64, 331, 2083, 170.64, 331, 2083, 170.65, 331, 2083, 170.65, 331, 2083, 170.67, 331, 2083, 191.33, 331, 2083, 191.33, 320, 1894, 201.38, 331, 2083, 201.38, 326, 2066, 303.74
h_009, 1024, 5231, 0.00, 342, 2218, 0.00, 342, 2126, 0.00, 333, 1968, 244.74, 342, 2126, 244.74, 342, 2126, 244.74, 342, 2126, 244.74, 342, 2126, 244.74, 342, 2126, 245.81, 342, 2126, 297.86, 342, 2126, 297.87, 333, 1968, 311.64, 342, 2126, 311.64, 340, 2122, 461.87
h_010, 1024, 5471, 0.00, 549, 3678, 0.00, 548, 3650, 0.00, 548, 3636, 5.01, 548, 3650, 5.01, 548, 3650, 5.01, 548, 3650, 5.02, 548, 3650, 5.02, 548, 3650, 5.03, 548, 3650, 7.49, 548, 3650, 7.49, 548, 3636, 9.45, 548, 3650, 9.45, 548, 3650, 9.93
h_011, 1024, 5480, 0.00, 525, 3412, 0.00, 515, 3295, 0.00, 515, 3292, 1.00, 515, 3293, 1.00, 515, 3295, 1.01, 515, 3295, 1.01, 515, 3295, 1.01, 515, 3295, 1.01, 515, 3295, 1.37, 515, 3293, 1.38, 515, 3294, 1.83, 515, 3295, 1.83, 515, 3295, 1.93
h_012, 1024, 5487, 0.00, 563, 3546, 0.00, 563, 3527, 0.00, 563, 3526, 1.42, 563, 3527, 1.43, 563, 3527, 1.43, 563, 3527, 1.43, 563, 3527, 1.43, 563, 3527, 1.44, 563, 3527, 2.17, 563, 3527, 2.18, 563, 3526, 2.63, 563, 3527, 2.63, 563, 3527, 2.71
h_013, 2033, 5216, 0.00, 909, 3416, 0.00, 909, 3415, 0.00, 909, 3415, 0.04, 909, 3415, 0.05, 909, 3415, 0.05, 909, 3415, 0.05, 909, 3415, 0.05, 909, 3415, 0.06, 909, 3415, 0.08, 909, 3415, 0.08, 909, 3415, 0.09, 909, 3415, 0.09, 909, 3415, 0.10
h_015, 2048, 7005, 0.00, 649, 3189, 0.00, 647, 3155, 0.00, 646, 3140, 0.52, 647, 3155, 0.53, 647, 3155, 0.53, 647, 3155, 0.53, 647, 3155, 0.54, 647, 3155, 0.54, 647, 3155, 0.75, 647, 3155, 0.76, 646, 3140, 0.91, 647, 3155, 0.91, 647, 3155, 0.96
h_016, 2048, 7307, 0.00, 812, 4093, 0.00, 812, 4084, 0.00, 812, 4080, 0.12, 812, 4084, 0.13, 812, 4084, 0.13, 812, 4084, 0.13, 812, 4084, 0.13, 812, 4084, 0.14, 812, 4084, 0.18, 812, 4084, 0.19, 812, 4080, 0.24, 812, 4084, 0.24, 812, 4084, 0.25
h_017, 1024, 9737, 0.00, 849, 8652, 0.00, 849, 8620, 0.00, 849, 8620, 0.26, 849, 8620, 0.27, 849, 8620, 0.27, 849, 8620, 0.28, 849, 8620, 0.28, 849, 8620, 0.29, 849, 8620, 0.46, 849, 8620, 0.47, 849, 8620, 0.54, 849, 8620, 0.54, 849, 8620, 0.56
h_018, 1974, 9003, 0.00, 1813, 8747, 0.00, 494, 1787, 0.00, 494, 1787, 0.03, 494, 1787, 0.03, 494, 1787, 0.04, 494, 1787, 0.04, 494, 1787, 0.04, 494, 1787, 0.04, 494, 1787, 0.06, 494, 1787, 0.06, 494, 1787, 0.07, 494, 1787, 0.07, 494, 1787, 0.07
h_019, 1024, 10284, 0.00, 780, 8163, 0.00, 780, 8091, 0.01, 780, 8085, 0.69, 780, 8091, 0.70, 780, 8091, 0.70, 780, 8091, 0.71, 780, 8091, 0.71, 780, 8091, 0.72, 780, 8091, 1.06, 780, 8091, 1.07, 780, 8085, 1.34, 780, 8091, 1.34, 780, 8091, 1.39
h_020, 1024, 10743, 0.00, 916, 9908, 0.00, 916, 9887, 0.01, 916, 9883, 0.29, 916, 9887, 0.30, 916, 9887, 0.30, 916, 9887, 0.31, 916, 9887, 0.31, 916, 9887, 0.32, 916, 9887, 0.45, 916, 9887, 0.46, 916, 9883, 0.57, 916, 9887, 0.58, 916, 9887, 0.59
h_021, 2048, 10573, 0.00, 759, 5001, 0.00, 754, 4916, 0.01, 745, 4573, 0.61, 754, 4916, 0.62, 754, 4916, 0.63, 754, 4916, 0.63, 754, 4916, 0.64, 754, 4916, 0.65, 754, 4916, 0.83, 754, 4916, 0.84, 745, 4573, 1.18, 754, 4916, 1.18, 753, 4916, 1.24
h_022, 2048, 10584, 0.00, 744, 4739, 0.00, 743, 4687, 0.00, 743, 4671, 2.95, 743, 4687, 2.96, 743, 4687, 2.96, 743, 4687, 2.96, 743, 4687, 2.97, 743, 4687, 2.97, 743, 4687, 4.18, 743, 4687, 4.19, 743, 4671, 5.28, 743, 4687, 5.28, 743, 4687, 5.56
h_023, 2048, 11098, 0.00, 1135, 7565, 0.00, 1135, 7543, 0.01, 1135, 7541, 0.25, 1135, 7543, 0.26, 1135, 7543, 0.26, 1135, 7543, 0.27, 1135, 7543, 0.27, 1135, 7543, 0.28, 1135, 7543, 0.38, 1135, 7543, 0.39, 1135, 7541, 0.48, 1135, 7543, 0.48, 1135, 7543, 0.50
h_024, 2650, 12400, 0.00, 2491, 12136, 0.00, 582, 2107, 0.01, 582, 2107, 0.03, 582, 2107, 0.04, 582, 2107, 0.04, 582, 2107, 0.05, 582, 2107, 0.05, 582, 2107, 0.05, 582, 2107, 0.07, 582, 2107, 0.07, 582, 2107, 0.08, 582, 2107, 0.09, 582, 2107, 0.09
h_025, 1024, 15102, 0.00, 924, 14061, 0.00, 924, 14019, 0.01, 924, 14003, 139.92, 924, 14019, 139.93, 924, 14019, 139.94, 924, 14019, 139.95, 924, 14019, 139.96, 924, 14019, 139.96, 924, 14019, 224.01, 924, 14019, 224.02, 924, 14003, 265.62, 924, 14019, 265.62, 924, 14019, 272.36
h_026, 2048, 14725, 0.00, 1190, 10365, 0.00, 1190, 10333, 0.01, 1190, 10322, 0.51, 1190, 10333, 0.53, 1190, 10333, 0.54, 1190, 10333, 0.54, 1190, 10333, 0.55, 1190, 10333, 0.56, 1190, 10333, 0.78, 1190, 10333, 0.79, 1190, 10322, 1.00, 1190, 10333, 1.01, 1190, 10333, 1.04
h_027, 2048, 14738, 0.00, 1173, 10012, 0.00, 1173, 9973, 0.01, 1173, 9970, 0.69, 1173, 9973, 0.70, 1173, 9973, 0.70, 1173, 9973, 0.71, 1173, 9973, 0.71, 1173, 9973, 0.72, 1173, 9973, 1.05, 1173, 9973, 1.06, 1173, 9970, 1.33, 1173, 9973, 1.33, 1173, 9973, 1.37
h_028, 3588, 16698, 0.00, 3363, 16356, 0.00, 770, 2842, 0.01, 770, 2842, 0.04, 770, 2842, 0.05, 770, 2842, 0.06, 770, 2842, 0.06, 770, 2842, 0.07, 770, 2842, 0.07, 770, 2842, 0.09, 770, 2842, 0.10, 770, 2842, 0.11, 770, 2842, 0.12, 770, 2842, 0.13
h_029, 1024, 19861, 0.00, 980, 18927, 0.00, 980, 18849, 0.01, 980, 18835, 2.15, 980, 18849, 2.17, 980, 18849, 2.18, 980, 18849, 2.19, 980, 18849, 2.20, 980, 18849, 2.21, 980, 18849, 3.16, 980, 18849, 3.19, 980, 18835, 4.10, 980, 18849, 4.11, 980, 18849, 4.22
h_030, 2048, 18851, 0.00, 1437, 14851, 0.00, 1437, 14831, 0.01, 1437, 14796, 0.61, 1437, 14831, 0.62, 1437, 14831, 0.63, 1437, 14831, 0.64, 1437, 14831, 0.65, 1437, 14831, 0.66, 1437, 14831, 0.92, 1437, 14831, 0.93, 1437, 14796, 1.19, 1437, 14831, 1.20, 1437, 14831, 1.23
h_031, 2048, 18876, 0.00, 1477, 14855, 0.00, 1477, 14835, 0.01, 1477, 14834, 0.48, 1477, 14835, 0.49, 1477, 14835, 0.50, 1477, 14835, 0.51, 1477, 14835, 0.52, 1477, 14835, 0.52, 1477, 14835, 0.73, 1477, 14835, 0.74, 1477, 14834, 0.95, 1477, 14835, 0.96, 1477, 14835, 0.98
h_032, 2048, 20942, 0.00, 1570, 17192, 0.00, 1570, 17087, 0.01, 1570, 16938, 0.65, 1570, 17087, 0.67, 1570, 17087, 0.69, 1570, 17087, 0.70, 1570, 17087, 0.71, 1570, 17087, 0.72, 1570, 17087, 0.99, 1570, 17087, 1.01, 1570, 16938, 1.30, 1570, 17087, 1.31, 1570, 17087, 1.35
h_033, 6301, 20777, 0.00, 1281, 8374, 0.00, 1281, 8372, 0.01, 1281, 8372, 0.13, 1281, 8372, 0.14, 1281, 8372, 0.14, 1281, 8372, 0.15, 1281, 8372, 0.16, 1281, 8372, 0.16, 1281, 8372, 0.23, 1281, 8372, 0.24, 1281, 8372, 0.28, 1281, 8372, 0.29, 1281, 8372, 0.30
h_034, 4983, 22602, 0.00, 4539, 21923, 0.00, 1248, 4501, 0.01, 1248, 4501, 0.09, 1248, 4501, 0.10, 1248, 4501, 0.11, 1248, 4501, 0.12, 1248, 4501, 0.13, 1248, 4501, 0.14, 1248, 4501, 0.18, 1248, 4501, 0.20, 1248, 4501, 0.22, 1248, 4501, 0.23, 1248, 4501, 0.24
h_035, 7966, 30498, 0.00, 4524, 19788, 0.01, 1298, 4843, 0.02, 893, 2653, 0.06, 893, 2653, 0.09, 902, 2685, 0.12, 901, 2677, 0.14, 1296, 4823, 0.17, 1296, 4823, 0.19, 901, 2677, 0.21, 1298, 4843, 0.23, 1298, 4843, 0.25, 1288, 4799, 0.27, 1288, 4799, 0.29
h_036, 7957, 30671, 0.00, 4432, 19566, 0.01, 1501, 5564, 0.02, 942, 2866, 0.08, 942, 2866, 0.12, 1033, 3102, 0.14, 1033, 3102, 0.17, 1501, 5564, 0.19, 1501, 5564, 0.20, 1032, 3095, 0.23, 1501, 5564, 0.25, 1501, 5564, 0.26, 1501, 5563, 0.28, 1501, 5563, 0.30
h_037, 7941, 30814, 0.00, 4533, 20374, 0.01, 1895, 7772, 0.03, 1293, 4184, 0.08, 1293, 4184, 0.13, 1293, 4184, 0.17, 1293, 4184, 0.21, 1895, 7772, 0.23, 1895, 7772, 0.26, 1293, 4184, 0.31, 1895, 7772, 0.34, 1899, 7780, 0.36, 1895, 7772, 0.39, 1895, 7772, 0.41
h_038, 10876, 39994, 0.00, 2828, 17096, 0.01, 2828, 17090, 0.02, 2828, 17090, 0.26, 2828, 17090, 0.28, 2828, 17090, 0.29, 2828, 17090, 0.30, 2828, 17090, 0.31, 2828, 17090, 0.33, 2828, 17090, 0.47, 2828, 17090, 0.49, 2828, 17090, 0.57, 2828, 17090, 0.58, 2828, 17090, 0.61
h_039, 9473, 43691, 0.00, 8814, 42698, 0.01, 2302, 8422, 0.02, 2302, 8422, 0.14, 2302, 8422, 0.16, 2302, 8422, 0.18, 2302, 8422, 0.19, 2302, 8422, 0.21, 2302, 8422, 0.23, 2302, 8422, 0.30, 2302, 8422, 0.32, 2302, 8422, 0.36, 2302, 8422, 0.38, 2302, 8422, 0.41
h_040, 8124, 45091, 0.00, 5893, 36331, 0.01, 2560, 12012, 0.09, 1968, 7469, 0.28, 1970, 7509, 0.47, 2067, 8283, 0.57, 2020, 7791, 0.69, 2342, 10336, 0.80, 2367, 10452, 0.92, 1989, 7614, 1.03, 2560, 11995, 1.11, 2560, 11982, 1.20, 2506, 11649, 1.29, 2506, 11652, 1.38
h_041, 8111, 45139, 0.00, 6046, 37138, 0.01, 2902, 14332, 0.09, 2099, 8371, 0.39, 2105, 8432, 0.62, 2290, 9705, 0.74, 2189, 9041, 0.87, 2641, 12410, 0.99, 2636, 12375, 1.12, 2112, 8562, 1.25, 2902, 14323, 1.34, 2844, 14003, 1.44, 2777, 13676, 1.56, 2804, 13786, 1.67
h_042, 8128, 45262, 0.00, 5960, 36707, 0.01, 2722, 13340, 0.09, 2076, 8129, 0.34, 2077, 8160, 0.53, 2239, 9199, 0.65, 2107, 8485, 0.78, 2475, 11503, 0.89, 2473, 11481, 1.00, 2084, 8274, 1.13, 2722, 13315, 1.22, 2722, 13285, 1.30, 2672, 12977, 1.40, 2672, 12967, 1.51
h_043, 8113, 50901, 0.00, 5593, 38208, 0.01, 1893, 10024, 0.07, 936, 3009, 0.21, 941, 3054, 0.33, 1072, 3786, 0.42, 1025, 3506, 0.53, 1568, 7488, 0.61, 1568, 7482, 0.70, 962, 3239, 0.79, 1893, 10024, 0.86, 1893, 10021, 0.92, 1815, 9361, 0.99, 1793, 9172, 1.07
h_044, 8119, 51806, 0.00, 5349, 33424, 0.01, 728, 3395, 0.03, 336, 788, 0.07, 336, 788, 0.11, 395, 938, 0.14, 389, 917, 0.17, 702, 3152, 0.19, 702, 3152, 0.22, 389, 917, 0.25, 728, 3395, 0.27, 728, 3395, 0.29, 720, 3341, 0.31, 720, 3343, 0.33
h_045, 8092, 54189, 0.00, 6342, 46146, 0.01, 4918, 30031, 0.20, 4272, 22504, 1.67, 4387, 24475, 2.39, 4678, 27571, 2.65, 4564, 26318, 2.94, 4669, 27501, 3.27, 4579, 26947, 3.63, 4377, 24863, 3.94, 4877, 29363, 4.20, 4723, 27189, 4.51, 4818, 29337, 4.74, 4823, 29402, 5.08
h_046, 8088, 54350, 0.00, 6178, 45806, 0.01, 4624, 29188, 0.21, 3939, 21885, 1.70, 4112, 23782, 2.42, 4421, 27132, 2.68, 4324, 26040, 2.94, 4288, 25802, 3.26, 4172, 25150, 3.62, 4003, 23466, 3.96, 4571, 28420, 4.21, 4317, 25575, 4.58, 4576, 28764, 4.82, 4498, 28196, 5.12
h_047, 8071, 54807, 0.00, 6200, 46828, 0.01, 4838, 30779, 0.16, 4240, 23686, 1.68, 4479, 26562, 2.39, 4697, 29036, 2.62, 4595, 27897, 2.87, 4636, 28627, 3.11, 4543, 28159, 3.43, 4407, 26491, 3.74, 4824, 30471, 3.95, 4657, 28250, 4.23, 4807, 30472, 4.42, 4776, 30339, 4.69
h_048, 8073, 54891, 0.00, 6281, 47073, 0.01, 5088, 32578, 0.14, 4388, 24732, 2.14, 4607, 27396, 2.85, 4872, 30632, 3.10, 4790, 29331, 3.37, 4748, 29161, 3.67, 4639, 28360, 4.01, 4515, 27108, 4.43, 4930, 31327, 4.69, 4758, 28931, 5.00, 5058, 32227, 5.22, 4994, 31905, 5.48
h_049, 8099, 57468, 0.00, 5550, 39687, 0.01, 813, 3884, 0.04, 427, 1065, 0.10, 427, 1065, 0.15, 444, 1166, 0.20, 440, 1136, 0.25, 770, 3504, 0.29, 770, 3504, 0.32, 428, 1078, 0.37, 813, 3884, 0.40, 813, 3884, 0.43, 807, 3814, 0.47, 795, 3763, 0.50
h_050, 22687, 54705, 0.00, 3168, 15637, 0.01, 3166, 15621, 0.02, 3166, 15621, 0.23, 3166, 15621, 0.26, 3166, 15621, 0.27, 3166, 15621, 0.28, 3166, 15621, 0.30, 3166, 15621, 0.32, 3166, 15621, 0.44, 3166, 15621, 0.46, 3166, 15621, 0.54, 3166, 15621, 0.55, 3166, 15621, 0.58
h_051, 8170, 71995, 0.00, 6451, 61092, 0.01, 4061, 30029, 0.21, 2721, 15217, 1.21, 2791, 16119, 2.02, 3277, 21543, 2.46, 3071, 18726, 2.92, 3342, 21240, 3.34, 3300, 20943, 3.82, 2798, 16280, 4.17, 4034, 29583, 4.43, 3949, 28222, 4.70, 3936, 28539, 5.01, 3881, 28171, 5.31
h_052, 8171, 72700, 0.00, 6488, 61472, 0.01, 3958, 28691, 0.21, 2564, 14057, 1.34, 2657, 15343, 2.23, 3188, 20432, 2.63, 2904, 17720, 3.05, 3251, 20397, 3.51, 3215, 20005, 3.95, 2619, 14972, 4.30, 3932, 28456, 4.55, 3859, 27103, 4.80, 3752, 27038, 5.10, 3657, 26061, 5.40
h_053, 8178, 73399, 0.00, 6648, 62965, 0.01, 4208, 30717, 0.20, 2800, 15331, 1.29, 2924, 16963, 2.09, 3497, 22690, 2.43, 3273, 19883, 2.82, 3495, 22162, 3.23, 3471, 21956, 3.68, 2867, 16153, 4.01, 4204, 30571, 4.25, 4049, 28150, 4.50, 4135, 30111, 4.77, 4021, 28911, 5.07
h_054, 14882, 67834, 0.00, 13640, 65884, 0.01, 3732, 13600, 0.03, 3732, 13600, 0.25, 3732, 13600, 0.29, 3732, 13600, 0.31, 3732, 13600, 0.34, 3732, 13600, 0.36, 3732, 13600, 0.39, 3732, 13600, 0.52, 3732, 13600, 0.55, 3732, 13600, 0.63, 3732, 13600, 0.66, 3732, 13600, 0.70
h_055, 15268, 74339, 0.00, 14802, 73681, 0.01, 2647, 9718, 0.04, 2647, 9718, 0.19, 2647, 9718, 0.22, 2647, 9718, 0.25, 2647, 9718, 0.28, 2647, 9718, 0.31, 2647, 9718, 0.35, 2647, 9718, 0.46, 2647, 9718, 0.49, 2647, 9718, 0.56, 2647, 9718, 0.58, 2647, 9718, 0.62
h_056, 8185, 82550, 0.00, 5999, 56593, 0.01, 1943, 10996, 0.11, 1144, 4078, 0.32, 1144, 4082, 0.53, 1317, 5193, 0.70, 1188, 4427, 0.86, 1549, 7170, 1.01, 1549, 7170, 1.18, 1149, 4192, 1.31, 1943, 10987, 1.43, 1914, 10657, 1.54, 1867, 10413, 1.66, 1859, 10295, 1.77
h_057, 8170, 83083, 0.00, 6168, 61851, 0.01, 2070, 12087, 0.10, 1182, 4542, 0.36, 1203, 4704, 0.56, 1341, 5887, 0.70, 1274, 5100, 0.85, 1641, 7451, 1.05, 1645, 7460, 1.24, 1209, 4734, 1.36, 2068, 12064, 1.46, 2046, 11899, 1.57, 2016, 11638, 1.68, 1987, 11489, 1.80
h_058, 8185, 92304, 0.00, 7772, 89638, 0.01, 7581, 81402, 0.20, 7473, 78041, 2.93, 7503, 79792, 3.75, 7559, 80980, 4.05, 7539, 80390, 4.38, 7532, 80269, 4.69, 7534, 80474, 5.10, 7497, 79998, 5.59, 7581, 81327, 5.88, 7568, 79837, 6.52, 7578, 81335, 6.83, 7580, 81392, 7.19
h_059, 7115, 103689, 0.00, 1109, 35582, 0.02, 1067, 32357, 0.05, 1065, 32162, 3.04, 1066, 32267, 3.13, 1067, 32357, 3.17, 1066, 32269, 3.22, 1066, 32269, 3.27, 1067, 32357, 3.31, 1067, 32357, 3.54, 1067, 32355, 3.63, 1066, 32250, 5.94, 1067, 32357, 5.98, 1067, 32357, 6.32
h_060, 8190, 110532, 0.00, 6408, 85910, 0.01, 4080, 36777, 0.28, 2408, 14238, 2.07, 2619, 17234, 3.44, 3287, 24806, 4.07, 3126, 21917, 4.76, 3015, 21311, 5.52, 2926, 20280, 6.31, 2476, 16109, 6.85, 3966, 35571, 7.27, 3702, 30034, 7.65, 3949, 35426, 8.02, 3679, 32200, 8.44
h_061, 8183, 112798, 0.00, 6468, 87485, 0.01, 4174, 38212, 0.33, 2495, 14569, 2.34, 2664, 16883, 3.97, 3405, 25954, 4.75, 3051, 21093, 5.67, 3046, 21338, 6.60, 2900, 20012, 7.47, 2542, 15712, 7.94, 4155, 37588, 8.29, 3664, 29506, 8.70, 4084, 37035, 9.10, 3741, 32025, 9.56
h_062, 16309, 104900, 0.00, 13666, 93253, 0.01, 8524, 46712, 0.23, 6560, 29814, 1.21, 6564, 29869, 2.07, 7027, 33300, 2.49, 6754, 31210, 2.94, 7971, 41843, 3.33, 7970, 41835, 3.75, 6605, 30226, 4.17, 8524, 46660, 4.41, 8499, 46413, 4.67, 8402, 45802, 4.99, 8378, 45667, 5.30
h_063, 36682, 88328, 0.00, 5041, 28001, 0.02, 5041, 27997, 0.04, 5041, 27997, 0.48, 5041, 27997, 0.52, 5041, 27997, 0.54, 5041, 27997, 0.55, 5041, 27997, 0.57, 5041, 27997, 0.59, 5041, 27997, 0.84, 5041, 27997, 0.87, 5041, 27997, 1.01, 5041, 27997, 1.03, 5041, 27997, 1.08
h_064, 23131, 107151, 0.00, 21567, 104678, 0.02, 5371, 19656, 0.06, 5371, 19656, 0.41, 5371, 19656, 0.48, 5371, 19656, 0.53, 5371, 19656, 0.57, 5371, 19656, 0.61, 5371, 19656, 0.66, 5371, 19656, 0.88, 5371, 19656, 0.93, 5371, 19656, 1.08, 5371, 19656, 1.13, 5371, 19656, 1.20
h_066, 16357, 119886, 0.00, 15159, 114493, 0.02, 11023, 70020, 0.25, 8242, 40788, 1.25, 8242, 40793, 2.13, 8522, 43474, 2.64, 8354, 41887, 3.18, 10686, 66215, 3.55, 10686, 66215, 3.94, 8296, 41379, 4.42, 11021, 69990, 4.70, 11021, 69985, 4.97, 10942, 69181, 5.28, 10929, 69092, 5.61
h_067, 8191, 138733, 0.00, 7974, 135505, 0.01, 7622, 110477, 0.35, 6827, 76464, 6.75, 7002, 85833, 10.21, 7403, 100617, 11.13, 7236, 93594, 12.36, 7191, 91611, 14.13, 7139, 90502, 15.76, 6895, 83388, 16.61, 7601, 109597, 17.11, 7563, 100747, 17.69, 7609, 110019, 18.17, 7556, 108576, 21.52
h_068, 25678, 121390, 0.00, 24284, 119261, 0.02, 5397, 19780, 0.06, 5397, 19780, 0.44, 5397, 19780, 0.50, 5397, 19780, 0.55, 5397, 19780, 0.59, 5397, 19780, 0.64, 5397, 19780, 0.69, 5397, 19780, 0.89, 5397, 19780, 0.94, 5397, 19780, 1.07, 5397, 19780, 1.12, 5397, 19780, 1.19
h_069, 8187, 156904, 0.00, 8118, 156328, 0.01, 8033, 143696, 0.22, 7917, 138586, 2.56, 7923, 139958, 4.02, 7977, 142018, 4.49, 7942, 140975, 5.03, 7972, 141944, 5.45, 7983, 142409, 5.87, 7932, 140881, 6.46, 8025, 142999, 6.93, 8014, 141595, 7.52, 8026, 143477, 7.83, 8028, 143549, 8.23
h_071, 8192, 168714, 0.00, 8185, 168612, 0.01, 8131, 143821, 0.20, 6846, 85142, 3.33, 6886, 86866, 5.83, 7238, 99721, 7.00, 6996, 90954, 8.17, 7473, 108890, 9.25, 7462, 108754, 10.47, 6905, 88236, 11.15, 8131, 143423, 11.53, 8117, 140761, 11.80, 8109, 142654, 12.15, 8119, 142571, 12.55
h_072, 32078, 149020, 0.00, 29907, 145557, 0.03, 7308, 26795, 0.10, 7308, 26795, 0.69, 7308, 26795, 0.77, 7308, 26795, 0.83, 7308, 26795, 0.88, 7308, 26795, 0.95, 7308, 26795, 1.01, 7308, 26795, 1.31, 7308, 26795, 1.38, 7308, 26795, 1.57, 7308, 26795, 1.63, 7308, 26795, 1.72
h_073, 16362, 166938, 0.00, 14889, 158137, 0.02, 14486, 145950, 0.37, 14201, 141104, 9.36, 14341, 143768, 11.62, 14454, 145405, 12.18, 14412, 144604, 12.91, 14375, 144323, 13.82, 14360, 144402, 14.75, 14341, 144041, 16.34, 14484, 145807, 16.95, 14405, 143647, 18.54, 14482, 145928, 18.98, 14479, 145857, 19.92
h_074, 16370, 169955, 0.00, 14826, 156883, 0.02, 10383, 85143, 0.60, 6802, 40000, 3.79, 6988, 41743, 6.34, 8232, 54793, 7.57, 7542, 47038, 8.82, 8666, 59740, 10.26, 8609, 59028, 11.56, 6964, 41890, 12.53, 10349, 84580, 13.25, 10255, 82444, 13.93, 10091, 82092, 14.67, 9997, 80867, 15.50
h_075, 34978, 169522, 0.00, 33733, 167746, 0.03, 6272, 22917, 0.10, 6272, 22917, 0.52, 6272, 22917, 0.60, 6272, 22917, 0.66, 6272, 22917, 0.72, 6272, 22917, 0.79, 6272, 22917, 0.86, 6272, 22917, 1.13, 6272, 22917, 1.21, 6272, 22917, 1.38, 6272, 22917, 1.45, 6272, 22917, 1.54
h_076, 36705, 170621, 0.00, 34231, 166748, 0.03, 8543, 31076, 0.10, 8543, 31076, 0.67, 8543, 31076, 0.77, 8543, 31076, 0.83, 8543, 31076, 0.90, 8543, 31076, 0.97, 8543, 31076, 1.04, 8543, 31076, 1.38, 8543, 31076, 1.47, 8543, 31076, 1.70, 8543, 31076, 1.77, 8543, 31076, 1.88
h_077, 62586, 147892, 0.00, 8094, 44445, 0.03, 8083, 44392, 0.09, 8083, 44392, 0.86, 8083, 44392, 0.95, 8083, 44392, 1.01, 8083, 44392, 1.07, 8083, 44392, 1.14, 8083, 44392, 1.21, 8083, 44392, 1.64, 8083, 44392, 1.72, 8083, 44392, 1.99, 8083, 44392, 2.05, 8083, 44392, 2.17
h_078, 8191, 204075, 0.00, 8180, 203963, 0.01, 8175, 199081, 0.19, 8160, 198079, 2.40, 8168, 198713, 2.99, 8173, 198971, 3.21, 8169, 198806, 3.52, 8169, 198774, 3.87, 8165, 198688, 4.41, 8163, 198595, 5.03, 8175, 199074, 5.31, 8171, 198547, 6.24, 8175, 199081, 6.43, 8175, 199081, 6.69
h_079, 16382, 216334, 0.00, 16017, 213524, 0.02, 15858, 198257, 0.38, 15653, 192515, 8.65, 15717, 195516, 11.10, 15816, 197534, 11.68, 15768, 196397, 12.40, 15753, 196202, 13.36, 15755, 196503, 14.30, 15722, 195920, 15.24, 15849, 198081, 15.92, 15800, 195374, 17.32, 15856, 198236, 17.77, 15845, 198081, 18.58
h_081, 32662, 224254, 0.00, 23947, 141586, 0.38, 23924, 141492, 0.69, 23889, 141202, 1.16, 23890, 141266, 1.54, 23905, 141334, 1.87, 23925, 141442, 2.23, 23856, 141048, 2.54, 23883, 141162, 2.87, 23933, 141504, 3.27, 23901, 141292, 3.58, 23898, 141274, 3.92, 23903, 141302, 4.23, 23892, 141260, 4.75
h_082, 48665, 222764, 0.00, 44735, 216441, 0.05, 11877, 43419, 0.13, 11877, 43419, 0.98, 11877, 43419, 1.11, 11877, 43419, 1.20, 11877, 43419, 1.29, 11877, 43419, 1.39, 11877, 43419, 1.49, 11877, 43419, 1.98, 11877, 43419, 2.09, 11877, 43419, 2.41, 11877, 43419, 2.50, 11877, 43419, 2.68
h_083, 32735, 256256, 0.00, 30893, 247080, 0.04, 24661, 164765, 0.50, 19872, 108095, 3.14, 19876, 108147, 5.33, 20431, 114291, 6.43, 20067, 110010, 7.54, 23992, 155750, 8.52, 23972, 155628, 9.43, 19975, 109200, 10.46, 24656, 164685, 10.96, 24650, 164594, 11.50, 24574, 163833, 12.13, 24580, 163886, 12.73
h_084, 16383, 273584, 0.00, 14952, 243441, 0.02, 10832, 114331, 0.88, 6505, 42475, 7.40, 6897, 47334, 12.73, 8792, 73779, 14.98, 7812, 58022, 17.78, 8446, 65888, 20.50, 8384, 65076, 23.23, 6732, 46190, 24.72, 10733, 111265, 25.89, 10410, 100544, 27.06, 10601, 108881, 28.22, 10228, 102226, 29.63
h_085, 16384, 283794, 0.00, 16363, 283600, 0.02, 16306, 253838, 0.41, 16009, 239064, 4.48, 16023, 243929, 6.88, 16133, 248271, 7.74, 16050, 245740, 8.66, 16182, 249750, 9.47, 16163, 249258, 10.29, 16011, 244602, 11.30, 16306, 252982, 12.13, 16295, 248064, 12.67, 16306, 253573, 13.28, 16299, 253431, 14.00
h_086, 8192, 295951, 0.00, 8173, 295758, 0.01, 8173, 294698, 0.16, 8171, 294479, 34.60, 8171, 294611, 35.10, 8173, 294698, 35.26, 8171, 294613, 35.52, 8171, 294613, 35.82, 8171, 294613, 36.11, 8171, 294613, 36.72, 8173, 294696, 37.06, 8173, 294566, 46.26, 8173, 294698, 46.42, 8173, 294698, 58.71
h_087, 58960, 269439, 0.00, 54119, 261749, 0.05, 14650, 53593, 0.16, 14650, 53593, 1.29, 14650, 53593, 1.45, 14650, 53593, 1.56, 14650, 53593, 1.68, 14650, 53593, 1.81, 14650, 53593, 1.94, 14650, 53593, 2.60, 14650, 53593, 2.74, 14650, 53593, 3.17, 14650, 53593, 3.28, 14650, 53593, 3.47
h_088, 60892, 286474, 0.00, 57367, 281017, 0.05, 12900, 47422, 0.17, 12900, 47422, 1.31, 12900, 47422, 1.49, 12900, 47422, 1.61, 12900, 47422, 1.73, 12900, 47422, 1.85, 12900, 47422, 1.98, 12900, 47422, 2.63, 12900, 47422, 2.78, 12900, 47422, 3.19, 12900, 47422, 3.31, 12900, 47422, 3.51
h_089, 8192, 358201, 0.00, 8192, 358201, 0.01, 8192, 351705, 0.24, 8191, 351194, 9.17, 8191, 351643, 9.99, 8192, 351705, 10.24, 8192, 351705, 10.49, 8191, 351646, 10.88, 8191, 351646, 11.26, 8191, 351646, 12.00, 8192, 351704, 12.35, 8192, 351256, 17.73, 8192, 351703, 18.08, 8192, 351705, 19.23
h_090, 16382, 353824, 0.00, 16220, 352445, 0.02, 16197, 349054, 0.41, 16179, 348277, 4.81, 16179, 348541, 6.43, 16189, 348796, 7.12, 16185, 348705, 7.87, 16184, 348771, 8.66, 16189, 348903, 9.31, 16184, 348681, 10.47, 16197, 349042, 11.12, 16197, 348782, 12.71, 16194, 349018, 13.34, 16197, 349054, 13.97
h_091, 16384, 354031, 0.00, 16220, 352560, 0.03, 16200, 349181, 0.34, 16196, 348692, 3.80, 16196, 349039, 4.86, 16199, 349143, 5.26, 16198, 349099, 5.65, 16197, 349085, 6.15, 16197, 349085, 6.63, 16196, 349047, 7.41, 16200, 349173, 7.93, 16200, 348827, 9.34, 16200, 349181, 9.67, 16200, 349176, 10.41
h_092, 63674, 306833, 0.00, 61115, 302870, 0.06, 11959, 43682, 0.17, 11959, 43682, 1.09, 11959, 43682, 1.27, 11959, 43682, 1.39, 11959, 43682, 1.51, 11959, 43682, 1.66, 11959, 43682, 1.82, 11959, 43682, 2.40, 11959, 43682, 2.55, 11959, 43682, 2.90, 11959, 43682, 3.03, 11959, 43682, 3.21
h_093, 32748, 363878, 0.00, 31835, 357988, 0.04, 30418, 296031, 0.70, 29423, 271969, 9.29, 29537, 278550, 13.64, 29845, 285387, 15.10, 29681, 282631, 16.61, 30169, 291747, 17.92, 30034, 289737, 19.34, 29455, 279362, 21.18, 30345, 293315, 22.61, 30223, 286516, 23.81, 30388, 295560, 24.85, 30360, 295082, 25.98
h_094, 68946, 335845, 0.00, 66705, 332553, 0.06, 12115, 44357, 0.19, 12115, 44357, 1.12, 12115, 44357, 1.30, 12115, 44357, 1.43, 12115, 44357, 1.56, 12115, 44357, 1.69, 12115, 44357, 1.83, 12115, 44357, 2.42, 12115, 44357, 2.57, 12115, 44357, 2.95, 12115, 44357, 3.09, 12115, 44357, 3.29
h_095, 32759, 409363, 0.00, 32465, 407264, 0.04, 31815, 361814, 0.34, 31064, 345459, 2.28, 31064, 345467, 3.82, 31087, 345929, 4.59, 31073, 345630, 5.37, 31777, 361007, 5.83, 31770, 360953, 6.34, 31059, 345488, 7.37, 31815, 361784, 7.77, 31815, 361780, 8.21, 31812, 361738, 8.62, 31812, 361738, 9.06
h_096, 34546, 421534, 0.00, 2559, 27350, 0.12, 0, 0, 0.13, 0, 0, 0.13, 0, 0, 0.14, 0, 0, 0.15, 0, 0, 0.15, 0, 0, 0.16, 0, 0, 0.17, 0, 0, 0.17, 0, 0, 0.18, 0, 0, 0.18, 0, 0, 0.19, 0, 0, 0.20
h_097, 16381, 458925, 0.00, 16051, 455835, 0.03, 16031, 454823, 0.38, 16026, 454615, 5.58, 16026, 454675, 6.41, 16029, 454790, 6.90, 16028, 454708, 7.42, 16028, 454708, 8.00, 16029, 454730, 8.60, 16029, 454730, 9.60, 16031, 454823, 10.06, 16031, 454763, 11.53, 16031, 454823, 11.89, 16031, 454823, 13.63
h_098, 32766, 503494, 0.00, 32475, 501156, 0.04, 32294, 470278, 1.02, 32106, 461601, 15.06, 32154, 466546, 19.73, 32238, 469100, 21.59, 32191, 467586, 23.45, 32192, 467580, 25.41, 32196, 468012, 27.37, 32152, 467121, 29.81, 32292, 470026, 31.43, 32265, 465469, 34.75, 32294, 470244, 35.92, 32283, 470131, 37.64
h_099, 97898, 447979, 0.00, 89898, 435171, 0.10, 23963, 88122, 0.30, 23963, 88122, 2.29, 23963, 88122, 2.57, 23963, 88122, 2.77, 23963, 88122, 2.96, 23963, 88122, 3.19, 23963, 88122, 3.43, 23963, 88122, 4.62, 23963, 88122, 4.88, 23963, 88122, 5.62, 23963, 88122, 5.82, 23963, 88122, 6.15
h_100, 75879, 508837, 0.00, 3882, 41339, 0.10, 690, 5803, 0.14, 535, 3728, 132.03, 537, 3950, 132.10, 558, 4377, 132.17, 542, 4022, 132.23, 640, 5033, 132.28, 656, 5096, 154.64, 538, 3985, 183.70, 689, 5754, 183.75, 675, 5275, 206.29, 687, 5791, 206.34, 685, 5636, 357.55
h_101, 65531, 618237, 0.00, 64757, 613941, 0.07, 59136, 508459, 0.82, 46916, 316924, 6.42, 46917, 316948, 11.53, 47228, 321325, 14.79, 46976, 317899, 18.06, 58619, 499486, 19.75, 58618, 499468, 21.44, 46930, 317501, 23.99, 59136, 508459, 24.77, 59136, 508459, 25.56, 59104, 507838, 26.56, 59104, 507834, 27.78
h_102, 265009, 418956, 0.00, 3, 6, 0.41, 0, 0, 0.42, 0, 0, 0.42, 0, 0, 0.42, 0, 0, 0.42, 0, 0, 0.42, 0, 0, 0.42, 0, 0, 0.42, 0, 0, 0.42, 0, 0, 0.42, 0, 0, 0.42, 0, 0, 0.42, 0, 0, 0.42
h_104, 65499, 640429, 0.00, 64203, 632581, 0.07, 61310, 547514, 0.75, 58551, 497289, 5.16, 58551, 497291, 8.77, 58648, 498797, 10.69, 58562, 497527, 12.61, 61177, 545387, 13.89, 61174, 545354, 15.22, 58554, 497437, 17.41, 61307, 547471, 18.29, 61307, 547469, 19.22, 61290, 547207, 20.04, 61290, 547207, 20.91
h_105, 65536, 652583, 0.00, 65181, 650588, 0.07, 61067, 579859, 0.62, 44909, 306105, 4.60, 44909, 306105, 8.40, 44953, 306773, 11.46, 44914, 306222, 14.46, 60936, 577420, 15.91, 60939, 577460, 17.09, 44910, 306164, 19.46, 61067, 579859, 20.08, 61067, 579859, 20.72, 61067, 579803, 21.36, 61067, 579803, 22.07
h_106, 65530, 654158, 0.00, 65171, 652179, 0.07, 60032, 572310, 0.73, 43613, 295229, 5.31, 43613, 295229, 9.72, 43654, 295829, 13.28, 43620, 295338, 16.63, 59964, 570868, 17.88, 59964, 570868, 19.15, 43620, 295338, 22.15, 60032, 572310, 22.86, 60032, 572310, 23.61, 60028, 572224, 24.44, 60028, 572224, 25.31
h_107, 32763, 699385, 0.00, 32333, 695314, 0.05, 32276, 690365, 0.69, 32259, 689482, 10.01, 32266, 689937, 11.87, 32271, 690130, 12.90, 32266, 689941, 13.85, 32271, 690176, 14.82, 32270, 690130, 15.78, 32261, 689851, 17.95, 32276, 690361, 19.00, 32274, 689999, 22.72, 32276, 690365, 23.36, 32276, 690365, 24.38
h_108, 65536, 688044, 0.00, 35017, 207388, 0.89, 34997, 207314, 1.48, 35017, 207388, 2.35, 34983, 207254, 3.06, 35017, 207388, 3.69, 35017, 207388, 4.32, 35017, 207388, 4.94, 35017, 207388, 5.58, 35003, 207328, 6.24, 35017, 207388, 6.91, 35017, 207388, 7.62, 35017, 207388, 8.25, 35017, 207388, 8.86
h_109, 8192, 839576, 0.00, 8192, 839576, 0.02, 8192, 839248, 0.33, 8192, 839200, 56.86, 8192, 839248, 57.55, 8192, 839248, 57.90, 8192, 839248, 58.27, 8192, 839248, 58.73, 8192, 839248, 59.20, 8192, 839248, 60.64, 8192, 839248, 61.14, 8192, 839200, 69.56, 8192, 839248, 69.92, 8192, 839248, 93.99
h_110, 32768, 826394, 0.00, 32680, 825409, 0.05, 32667, 819212, 0.80, 32650, 818155, 37.85, 32660, 818945, 40.68, 32666, 819158, 41.79, 32660, 818962, 42.95, 32660, 818962, 44.19, 32660, 818944, 45.64, 32657, 818855, 48.63, 32667, 819197, 49.90, 32665, 818650, 58.56, 32667, 819210, 59.59, 32667, 819212, 65.66
h_111, 77360, 828161, 0.00, 925, 2389, 0.14, 26, 54, 0.14, 26, 54, 0.15, 26, 54, 0.15, 26, 54, 0.15, 26, 54, 0.15, 26, 54, 0.15, 26, 54, 0.15, 26, 54, 0.15, 26, 54, 0.15, 26, 54, 0.15, 26, 54, 0.15, 26, 54, 0.16
h_112, 8192, 944523, 0.00, 8192, 944523, 0.02, 8192, 940889, 0.59, 8191, 940554, 210.45, 8191, 940694, 211.69, 8192, 940889, 212.27, 8191, 940694, 213.12, 8191, 940694, 214.31, 8191, 940694, 215.50, 8191, 940694, 218.57, 8192, 940889, 219.27, 8192, 940748, 301.04, 8192, 940889, 301.63, 8192, 940889, 378.21
h_113, 192409, 854377, 0.00, 3, 6, 0.77, 0, 0, 0.78, 0, 0, 0.78, 0, 0, 0.78, 0, 0, 0.78, 0, 0, 0.78, 0, 0, 0.78, 0, 0, 0.78, 0, 0, 0.78, 0, 0, 0.78, 0, 0, 0.78, 0, 0, 0.78, 0, 0, 0.78
h_114, 187341, 865700, 0.00, 173693, 844287, 0.21, 43852, 160915, 0.66, 43852, 160915, 5.64, 43852, 160915, 6.45, 43852, 160915, 6.92, 43852, 160915, 7.39, 43852, 160915, 7.91, 43852, 160915, 8.47, 43852, 160915, 11.43, 43852, 160915, 12.02, 43852, 160915, 13.80, 43852, 160915, 14.28, 43852, 160915, 15.07
h_115, 262111, 1234877, 0.00, 131231, 576758, 0.38, 7838, 24254, 1.05, 5972, 13480, 2.61, 5991, 13557, 3.72, 6055, 13822, 4.52, 6036, 13770, 5.33, 7755, 23860, 6.15, 7755, 23860, 6.97, 5990, 13561, 7.76, 7838, 24250, 8.44, 7803, 24106, 9.24, 7805, 24116, 9.91, 7786, 24043, 10.66
h_116, 299580, 1363755, 0.00, 274030, 1322966, 0.45, 75285, 275881, 1.38, 75285, 275881, 12.35, 75285, 275881, 13.71, 75285, 275881, 14.56, 75285, 275881, 15.48, 75285, 275881, 16.47, 75285, 275881, 17.52, 75285, 275881, 23.72, 75285, 275881, 24.84, 75285, 275881, 28.69, 75285, 275881, 29.61, 75285, 275881, 31.17
h_117, 325729, 1469679, 0.00, 53155, 780225, 0.86, 33362, 583613, 1.63, 32742, 572102, 310.79, 32843, 578636, 313.21, 32845, 578683, 315.32, 32850, 578704, 317.63, 33326, 583101, 318.57, 33222, 582708, 402.60, 32744, 578321, 474.89, 33339, 583489, 475.82, 33247, 576990, 558.17, 33362, 583613, 558.90, 33332, 583509, 710.84
h_118, 81306, 1768135, 0.00, 51620, 1242460, 0.23, 11505, 167566, 3.99, 6661, 66997, 782.79, 7016, 75566, 795.20, 7888, 91737, 803.64, 7501, 83232, 811.98, 9974, 122844, 820.51, 10548, 140368, 848.94, 7993, 90999, 961.41, 11287, 163530, 964.30, 11257, 156592, 1064.04, 11348, 165287, 1066.84, 11399, 164030, 1071.25
h_119, 342573, 1619304, 0.00, 323730, 1590029, 0.52, 71796, 262729, 1.59, 71796, 262729, 11.82, 71796, 262729, 13.62, 71796, 262729, 14.85, 71796, 262729, 16.11, 71796, 262729, 17.30, 71796, 262729, 18.55, 71796, 262729, 25.01, 71796, 262729, 26.47, 71796, 262729, 30.58, 71796, 262729, 31.74, 71796, 262729, 33.70
h_120, 32768, 2049515, 0.00, 32174, 2039595, 0.09, 32165, 2037874, 1.88, 32165, 2037824, 12.61, 32165, 2037874, 15.26, 32165, 2037874, 16.91, 32165, 2037874, 18.53, 32165, 2037874, 20.29, 32165, 2037874, 22.14, 32165, 2037874, 25.82, 32165, 2037874, 28.01, 32165, 2037824, 32.86, 32165, 2037874, 34.51, 32165, 2037874, 36.65
h_121, 16384, 2076651, 0.00, 16384, 2076651, 0.07, 16384, 2074086, 1.55, 16384, 2073945, 15.37, 16384, 2074086, 17.73, 16384, 2074086, 19.22, 16384, 2074086, 20.77, 16384, 2074086, 22.66, 16384, 2074086, 24.56, 16384, 2074086, 28.81, 16384, 2074086, 30.53, 16384, 2073945, 37.69, 16384, 2074086, 39.13, 16384, 2074086, 40.97
h_122, 2048, 2097152, 0.00, 2048, 2097152, 0.06, 2048, 2097152, 3.62, 2048, 2097152, 138.21, 2048, 2097152, 146.49, 2048, 2097152, 149.94, 2048, 2097152, 153.37, 2048, 2097152, 157.32, 2048, 2097152, 161.29, 2048, 2097152, 186.80, 2048, 2097152, 194.04, 2048, 2097152, 198.66, 2048, 2097152, 201.90, 2048, 2097152, 305.33
h_123, 4096, 2097152, 0.00, 4096, 2097152, 0.06, 4096, 2097152, 3.69, 4096, 2097152, 121.82, 4096, 2097152, 128.18, 4096, 2097152, 131.73, 4096, 2097152, 135.24, 4096, 2097152, 138.93, 4096, 2097152, 142.65, 4096, 2097152, 156.17, 4096, 2097152, 161.99, 4096, 2097152, 167.45, 4096, 2097152, 170.90, 4096, 2097152, 274.50
h_124, 8192, 2097152, 0.00, 8192, 2097152, 0.06, 8192, 2097152, 2.61, 8192, 2097152, 16.26, 8192, 2097152, 20.70, 8192, 2097152, 23.45, 8192, 2097152, 26.21, 8192, 2097152, 28.99, 8192, 2097152, 31.78, 8192, 2097152, 40.07, 8192, 2097152, 44.50, 8192, 2097152, 49.76, 8192, 2097152, 52.31, 8192, 2097152, 55.89
h_125, 16384, 2097152, 0.00, 16384, 2097152, 0.07, 16384, 2097152, 2.07, 16384, 2097152, 19.04, 16384, 2097152, 22.50, 16384, 2097152, 24.69, 16384, 2097152, 26.84, 16384, 2097152, 29.08, 16384, 2097152, 31.42, 16384, 2097152, 41.51, 16384, 2097152, 44.75, 16384, 2097152, 51.35, 16384, 2097152, 53.77, 16384, 2097152, 57.44
h_126, 65536, 2048311, 0.00, 65513, 2047962, 0.11, 65502, 2025125, 1.66, 65495, 2023390, 42.36, 65495, 2024784, 48.48, 65501, 2025087, 50.84, 65497, 2024841, 53.81, 65496, 2024825, 56.68, 65500, 2025019, 59.37, 65499, 2024981, 64.20, 65500, 2025071, 66.86, 65502, 2023730, 82.22, 65502, 2025125, 83.86, 65502, 2025125, 93.73
h_127, 32768, 2128971, 0.00, 32764, 2128921, 0.08, 32762, 2127714, 1.30, 32762, 2127644, 52.36, 32762, 2127714, 54.45, 32762, 2127714, 55.75, 32762, 2127714, 57.03, 32762, 2127714, 58.48, 32762, 2127714, 59.98, 32762, 2127714, 63.33, 32762, 2127714, 64.95, 32762, 2127644, 75.63, 32762, 2127714, 76.88, 32762, 2127714, 95.98
h_128, 32768, 2130600, 0.00, 32764, 2130565, 0.08, 32764, 2129479, 1.19, 32764, 2129414, 12.42, 32764, 2129479, 14.42, 32764, 2129479, 15.62, 32764, 2129479, 16.83, 32764, 2129479, 18.20, 32764, 2129479, 19.61, 32764, 2129479, 22.74, 32764, 2129479, 24.26, 32764, 2129414, 30.14, 32764, 2129479, 31.29, 32764, 2129479, 32.93
h_129, 32768, 2148521, 0.00, 32768, 2148521, 0.10, 32768, 2148521, 2.25, 32768, 2148521, 39.33, 32768, 2148521, 42.42, 32768, 2148521, 44.33, 32768, 2148521, 46.30, 32768, 2148521, 48.29, 32768, 2148521, 50.15, 32768, 2148521, 72.63, 32768, 2148521, 75.82, 32768, 2148521, 90.17, 32768, 2148521, 92.53, 32768, 2148521, 95.90
h_130, 16384, 2192284, 0.00, 16384, 2192284, 0.06, 16384, 2172703, 1.97, 16384, 2172032, 44.04, 16384, 2172693, 49.45, 16384, 2172703, 51.43, 16384, 2172703, 53.61, 16384, 2172703, 56.08, 16384, 2172703, 58.60, 16384, 2172703, 63.33, 16384, 2172698, 66.34, 16384, 2172036, 92.39, 16384, 2172699, 95.00, 16384, 2172701, 105.93
h_131, 16384, 2194576, 0.00, 16384, 2194576, 0.06, 16384, 2174477, 2.35, 16384, 2173797, 42.89, 16384, 2174471, 47.53, 16384, 2174477, 49.93, 16384, 2174477, 52.33, 16384, 2174477, 55.15, 16384, 2174477, 57.91, 16384, 2174477, 62.96, 16384, 2174473, 65.95, 16384, 2173798, 89.03, 16384, 2174475, 92.06, 16384, 2174475, 105.34
h_132, 65536, 2184865, 0.00, 65535, 2184855, 0.11, 65528, 2146479, 1.94, 65518, 2143629, 32.02, 65520, 2146126, 38.37, 65524, 2146319, 41.31, 65520, 2146138, 44.66, 65522, 2146220, 48.70, 65522, 2146220, 52.71, 65518, 2146050, 57.93, 65528, 2146467, 61.12, 65528, 2144063, 73.32, 65528, 2146479, 75.28, 65528, 2146476, 79.16
h_133, 131065, 2130456, 0.00, 130077, 2122014, 0.20, 129762, 2045613, 3.73, 129488, 2030078, 81.24, 129534, 2039514, 101.20, 129690, 2043921, 108.36, 129597, 2041173, 115.56, 129596, 2041294, 124.16, 129616, 2041848, 132.48, 129560, 2040354, 142.94, 129757, 2045239, 148.90, 129729, 2036449, 169.88, 129760, 2045545, 174.81, 129752, 2045451, 181.87
h_134, 131065, 2131741, 0.00, 129996, 2122528, 0.19, 129570, 2044096, 4.29, 129256, 2027754, 92.17, 129305, 2037346, 115.60, 129501, 2042256, 122.58, 129394, 2039192, 131.36, 129361, 2039099, 142.28, 129386, 2039694, 153.76, 129327, 2038156, 166.22, 129564, 2043715, 173.68, 129548, 2034899, 201.35, 129562, 2044005, 206.99, 129554, 2043841, 214.65
h_135, 32768, 2235835, 0.00, 32455, 2230585, 0.09, 32439, 2228690, 1.74, 32435, 2228247, 15.80, 32435, 2228281, 20.97, 32437, 2228464, 23.38, 32435, 2228286, 25.63, 32437, 2228512, 28.31, 32437, 2228512, 31.02, 32435, 2228286, 38.00, 32439, 2228685, 41.45, 32439, 2228651, 46.77, 32439, 2228690, 48.52, 32439, 2228690, 50.86
h_136, 32768, 2240608, 0.00, 32457, 2234920, 0.11, 32451, 2233599, 1.87, 32450, 2233409, 15.55, 32450, 2233460, 20.24, 32451, 2233599, 22.07, 32450, 2233466, 24.40, 32450, 2233466, 27.10, 32450, 2233466, 29.80, 32450, 2233466, 36.79, 32451, 2233593, 40.35, 32451, 2233542, 46.03, 32451, 2233599, 47.94, 32451, 2233599, 50.36
h_137, 32768, 2241646, 0.00, 32415, 2236524, 0.09, 32406, 2234885, 1.35, 32405, 2234702, 14.39, 32405, 2234751, 18.49, 32405, 2234762, 20.33, 32405, 2234762, 22.17, 32406, 2234885, 23.67, 32406, 2234885, 25.33, 32405, 2234762, 31.83, 32406, 2234874, 34.80, 32406, 2234825, 39.97, 32406, 2234885, 41.29, 32406, 2234885, 43.15
h_138, 32768, 2270902, 0.00, 32767, 2270888, 0.08, 32767, 2268068, 1.19, 32767, 2267940, 69.85, 32767, 2268068, 71.85, 32767, 2268068, 73.11, 32767, 2268068, 74.31, 32767, 2268068, 75.76, 32767, 2268068, 77.17, 32767, 2268068, 80.43, 32767, 2268068, 82.02, 32767, 2267940, 100.44, 32767, 2268068, 101.65, 32767, 2268068, 125.63
h_139, 16384, 2293868, 0.00, 16012, 2222774, 0.71, 16012, 2222774, 1.62, 16012, 2222774, 6.61, 16012, 2222774, 7.94, 16012, 2222774, 9.01, 16012, 2222774, 10.09, 16012, 2222774, 11.13, 16012, 2222774, 12.16, 16012, 2222774, 16.14, 16012, 2222774, 17.13, 16012, 2222774, 18.23, 16012, 2222774, 19.18, 16012, 2222774, 20.24
h_140, 131068, 2199584, 0.00, 128579, 2121072, 0.20, 90966, 989004, 5.04, 39201, 184347, 34.79, 39318, 185511, 61.14, 43912, 225787, 80.68, 41268, 202300, 99.30, 74789, 625233, 120.93, 75591, 641881, 141.07, 40213, 193879, 149.46, 90951, 988475, 154.59, 90943, 988160, 159.90, 88685, 948735, 167.06, 88562, 946954, 174.62
h_141, 65536, 2321780, 0.00, 65533, 2321715, 0.13, 65528, 2256565, 2.61, 65492, 2249616, 45.64, 65496, 2254555, 57.64, 65519, 2256051, 61.54, 65503, 2255090, 66.35, 65501, 2254950, 71.91, 65508, 2255355, 77.87, 65502, 2255015, 85.83, 65528, 2256461, 90.09, 65528, 2251765, 101.43, 65528, 2256557, 105.38, 65528, 2256549, 110.60
h_142, 131069, 2294338, 0.00, 130569, 2289798, 0.22, 130333, 2195393, 4.00, 130081, 2177664, 84.29, 130113, 2188868, 110.07, 130287, 2193953, 116.91, 130159, 2190338, 125.74, 130148, 2190273, 135.63, 130180, 2191289, 144.45, 130146, 2190246, 155.09, 130332, 2195052, 162.43, 130302, 2184236, 183.36, 130327, 2195268, 188.98, 130328, 2195289, 196.47
h_143, 32768, 2412833, 0.00, 32768, 2412833, 0.09, 32768, 2404317, 1.56, 32767, 2403970, 186.56, 32767, 2404218, 190.20, 32768, 2404317, 191.73, 32768, 2404317, 193.21, 32767, 2404218, 195.65, 32768, 2404317, 197.44, 32768, 2404317, 201.11, 32768, 2404317, 202.84, 32768, 2404069, 250.01, 32768, 2404317, 251.48, 32768, 2404317, 307.72
h_144, 32768, 2416672, 0.00, 32768, 2416672, 0.08, 32768, 2408228, 1.51, 32765, 2407732, 150.82, 32767, 2408098, 153.88, 32767, 2408098, 156.08, 32767, 2408098, 158.34, 32767, 2408098, 161.10, 32767, 2408098, 163.83, 32766, 2408017, 170.39, 32768, 2408228, 172.17, 32768, 2407988, 193.87, 32768, 2408228, 195.37, 32768, 2408228, 225.12
h_145, 32768, 2416820, 0.00, 32768, 2416820, 0.08, 32768, 2408190, 1.50, 32768, 2407948, 29.00, 32768, 2408190, 31.59, 32768, 2408190, 33.18, 32768, 2408190, 34.83, 32768, 2408190, 36.76, 32768, 2408190, 38.51, 32768, 2408190, 42.26, 32768, 2408190, 44.26, 32768, 2407948, 58.49, 32768, 2408190, 60.03, 32768, 2408190, 65.06
h_146, 131071, 2322563, 0.00, 130160, 2288810, 0.20, 96678, 1190002, 4.18, 34905, 148820, 28.61, 34934, 149003, 49.90, 37341, 168948, 66.37, 36012, 157923, 83.09, 85560, 892768, 102.81, 86043, 905005, 120.32, 35506, 154325, 127.92, 96659, 1189823, 132.26, 96652, 1189696, 136.69, 95694, 1168351, 142.21, 95680, 1168031, 147.98
h_147, 32768, 2422154, 0.00, 32592, 2418187, 0.11, 32588, 2417389, 1.93, 32588, 2417355, 15.26, 32588, 2417389, 18.43, 32588, 2417389, 20.35, 32588, 2417389, 22.14, 32588, 2417389, 24.24, 32588, 2417389, 26.60, 32588, 2417389, 31.15, 32588, 2417389, 33.60, 32588, 2417355, 39.95, 32588, 2417389, 41.85, 32588, 2417389, 44.31
h_148, 432535, 2038645, 0.00, 408231, 2000993, 0.86, 91817, 336100, 2.60, 91817, 336100, 20.48, 91817, 336100, 22.97, 91817, 336100, 24.71, 91817, 336100, 26.61, 91817, 336100, 28.69, 91817, 336100, 30.78, 91817, 336100, 41.67, 91817, 336100, 43.98, 91817, 336100, 51.04, 91817, 336100, 52.93, 91817, 336100, 55.87
h_149, 131071, 2340382, 0.00, 130213, 2313856, 0.21, 98422, 1235631, 4.25, 35048, 150979, 28.92, 35124, 151462, 51.73, 37285, 169935, 71.93, 36015, 159180, 91.59, 86246, 890964, 119.44, 86864, 911430, 137.64, 35556, 155558, 145.67, 98422, 1235618, 150.31, 98422, 1235606, 154.95, 97552, 1216757, 160.71, 97492, 1215826, 166.73
h_150, 65536, 2456589, 0.00, 65536, 2456589, 0.11, 65536, 2350296, 2.65, 65494, 2336553, 37.25, 65495, 2346664, 50.06, 65510, 2348773, 55.26, 65495, 2347750, 61.40, 65511, 2348573, 67.55, 65517, 2349060, 72.17, 65500, 2348187, 78.79, 65536, 2349254, 84.44, 65536, 2339757, 94.88, 65536, 2350251, 98.40, 65536, 2350263, 103.40
h_151, 65536, 2457973, 0.00, 65536, 2457973, 0.11, 65536, 2351158, 2.84, 65478, 2335265, 37.86, 65479, 2345997, 55.68, 65510, 2349512, 60.84, 65485, 2347671, 66.70, 65489, 2348007, 73.95, 65496, 2348587, 81.20, 65486, 2347897, 89.97, 65536, 2349916, 94.69, 65536, 2339852, 104.37, 65536, 2351089, 108.50, 65536, 2351081, 114.54
h_152, 65536, 2458355, 0.00, 65535, 2458351, 0.13, 65532, 2351854, 2.57, 65456, 2336233, 37.21, 65458, 2346369, 52.77, 65493, 2349712, 57.05, 65466, 2347919, 62.31, 65476, 2348370, 68.95, 65480, 2348698, 75.83, 65463, 2347871, 84.27, 65532, 2350794, 89.29, 65532, 2341364, 97.72, 65532, 2351794, 101.62, 65532, 2351772, 107.01
h_153, 32768, 2554765, 0.00, 32768, 2554765, 0.10, 32768, 2531231, 2.10, 32766, 2530340, 24.62, 32766, 2531048, 29.45, 32768, 2531231, 31.38, 32767, 2531152, 34.00, 32766, 2531048, 37.19, 32767, 2531127, 40.08, 32767, 2531127, 46.62, 32768, 2531231, 48.68, 32768, 2530522, 61.62, 32768, 2531231, 63.47, 32768, 2531231, 66.08
h_154, 32768, 2556720, 0.00, 32768, 2556720, 0.08, 32768, 2533362, 1.53, 32767, 2532371, 88.56, 32767, 2533227, 93.51, 32768, 2533362, 95.11, 32768, 2533362, 96.79, 32767, 2533228, 99.86, 32767, 2533228, 102.95, 32767, 2533228, 109.76, 32768, 2533362, 111.55, 32768, 2532507, 150.77, 32768, 2533361, 152.67, 32768, 2533362, 167.81
h_155, 131071, 2459701, 0.00, 130854, 2457829, 0.23, 130653, 2335334, 4.35, 130306, 2310151, 88.31, 130366, 2325882, 114.90, 130558, 2332618, 122.27, 130436, 2328225, 131.04, 130456, 2328806, 141.16, 130471, 2329701, 152.23, 130383, 2327523, 165.07, 130644, 2334622, 171.54, 130618, 2319975, 195.25, 130653, 2335293, 201.06, 130653, 2335260, 208.46
h_156, 32768, 2558829, 0.00, 32768, 2558829, 0.08, 32768, 2536077, 1.82, 32768, 2535323, 24.71, 32768, 2536076, 28.44, 32768, 2536077, 30.53, 32768, 2536077, 32.47, 32768, 2536077, 34.72, 32768, 2536077, 36.91, 32768, 2536077, 40.95, 32768, 2536076, 43.58, 32768, 2535324, 57.47, 32768, 2536077, 59.28, 32768, 2536077, 62.41
h_157, 281903, 2312497, 0.00, 84913, 797699, 13.60, 25953, 97379, 107.65, 24280, 79786, 206.91, 24498, 80816, 304.30, 24849, 82222, 398.57, 24984, 82751, 489.98, 25705, 96045, 581.21, 25245, 92681, 694.36, 24282, 79803, 915.73, 25735, 96349, 1000.76, 25264, 92922, 1110.40, 25953, 97377, 1193.09, 25851, 96930, 1377.38
h_158, 32768, 2614043, 0.00, 32691, 2612131, 0.12, 32682, 2610942, 1.50, 32680, 2610644, 18.34, 32680, 2610682, 23.77, 32680, 2610687, 26.49, 32680, 2610687, 29.14, 32682, 2610942, 30.93, 32682, 2610942, 32.75, 32680, 2610687, 41.09, 32682, 2610937, 44.42, 32682, 2610899, 51.07, 32682, 2610942, 52.60, 32682, 2610942, 54.63
h_159, 32768, 2621362, 0.00, 32677, 2619916, 0.11, 32670, 2618780, 1.99, 32670, 2618727, 16.32, 32670, 2618780, 19.51, 32670, 2618780, 21.62, 32670, 2618780, 23.79, 32670, 2618780, 26.30, 32670, 2618780, 28.53, 32670, 2618780, 33.36, 32670, 2618780, 35.97, 32670, 2618727, 43.05, 32670, 2618780, 45.09, 32670, 2618780, 47.79
h_160, 65536, 2593066, 0.00, 65536, 2593066, 0.11, 65536, 2470685, 1.72, 65136, 2440766, 15.17, 65136, 2440854, 23.90, 65149, 2442031, 29.11, 65137, 2441243, 34.43, 65488, 2467240, 37.48, 65488, 2467240, 40.43, 65137, 2441243, 47.14, 65536, 2470435, 49.42, 65536, 2470366, 51.68, 65536, 2470583, 54.11, 65536, 2470592, 56.81
h_161, 32768, 2684883, 0.00, 32768, 2684883, 0.12, 32768, 2684883, 2.98, 32768, 2684883, 44.05, 32768, 2684883, 48.72, 32768, 2684883, 51.57, 32768, 2684883, 54.42, 32768, 2684883, 57.36, 32768, 2684883, 60.36, 32768, 2684883, 85.29, 32768, 2684883, 89.51, 32768, 2684883, 104.56, 32768, 2684883, 107.47, 32768, 2684883, 111.86
h_162, 131072, 2587747, 0.00, 131072, 2587747, 0.17, 128, 1658, 1.19, 8, 16, 2.50, 8, 16, 3.73, 8, 16, 4.93, 8, 16, 6.17, 128, 1658, 7.24, 128, 1658, 8.35, 8, 16, 9.56, 128, 1658, 10.66, 128, 1658, 11.77, 128, 1658, 12.81, 128, 1658, 13.89
h_163, 32768, 2696696, 0.00, 32768, 2696696, 0.10, 32768, 2638149, 3.27, 32763, 2633282, 25.16, 32763, 2637097, 33.42, 32764, 2637643, 37.05, 32763, 2637491, 40.67, 32764, 2637611, 44.77, 32765, 2637763, 48.96, 32764, 2637643, 56.85, 32768, 2637765, 61.83, 32768, 2634148, 70.39, 32768, 2638138, 74.06, 32768, 2638147, 78.50
h_164, 131072, 2620644, 0.00, 130663, 2614061, 0.20, 128794, 2260493, 8.68, 112625, 1445560, 279.73, 113334, 1496912, 480.07, 120792, 1796496, 532.56, 116211, 1598006, 585.58, 119183, 1700316, 664.99, 120573, 1815693, 710.66, 113432, 1508089, 737.56, 128721, 2254502, 750.57, 128364, 2185860, 762.15, 128617, 2249722, 775.99, 128372, 2239140, 793.54
h_165, 131072, 2622100, 0.00, 130969, 2620941, 0.22, 130815, 2459629, 5.25, 130430, 2423079, 114.63, 130496, 2446320, 149.01, 130722, 2456403, 158.05, 130557, 2450221, 169.40, 130571, 2450482, 181.17, 130626, 2452935, 191.69, 130548, 2450289, 204.84, 130813, 2458024, 213.50, 130806, 2437383, 233.93, 130813, 2459455, 240.50, 130815, 2459527, 249.33
h_166, 65536, 2728370, 0.00, 57452, 2124246, 3.08, 57452, 2124246, 5.88, 57452, 2124246, 10.98, 57452, 2124246, 14.33, 57452, 2124246, 17.27, 57452, 2124246, 20.18, 57452, 2124246, 23.05, 57452, 2124246, 25.95, 57452, 2124246, 29.81, 57452, 2124246, 32.71, 57452, 2124246, 35.55, 57452, 2124246, 38.35, 57452, 2124246, 41.12
h_167, 65536, 2731506, 0.00, 57531, 2126614, 2.95, 57531, 2126614, 5.77, 57531, 2126614, 10.58, 57531, 2126614, 13.84, 57531, 2126614, 16.75, 57531, 2126614, 19.53, 57531, 2126614, 22.35, 57531, 2126614, 25.10, 57531, 2126614, 29.11, 57531, 2126614, 31.93, 57531, 2126614, 34.90, 57531, 2126614, 37.66, 57531, 2126614, 40.35
h_168, 32768, 2794794, 0.00, 32746, 2794370, 0.12, 32741, 2793462, 2.03, 32739, 2793273, 20.86, 32739, 2793303, 26.50, 32740, 2793406, 29.36, 32739, 2793303, 32.91, 32740, 2793359, 36.76, 32740, 2793359, 40.57, 32739, 2793303, 50.41, 32741, 2793462, 52.99, 32741, 2793433, 61.24, 32741, 2793462, 63.33, 32741, 2793462, 66.08
h_169, 32768, 2808603, 0.00, 32723, 2807547, 0.11, 32720, 2806703, 1.35, 32719, 2806553, 26.54, 32720, 2806703, 29.28, 32720, 2806703, 30.77, 32720, 2806703, 32.33, 32720, 2806703, 34.24, 32720, 2806703, 36.30, 32719, 2806599, 45.79, 32720, 2806703, 47.70, 32720, 2806657, 55.13, 32720, 2806703, 56.53, 32720, 2806703, 58.52
h_170, 32768, 2838628, 0.00, 29712, 2409626, 1.75, 29712, 2409626, 3.37, 29712, 2409626, 7.87, 29712, 2409626, 9.90, 29712, 2409626, 11.63, 29712, 2409626, 13.27, 29712, 2409626, 14.83, 29712, 2409626, 16.39, 29712, 2409626, 19.80, 29712, 2409626, 21.32, 29712, 2409626, 23.01, 29712, 2409626, 24.70, 29712, 2409626, 26.60
h_171, 131072, 2741624, 0.00, 130027, 2695663, 0.21, 114429, 1720777, 8.65, 59655, 381011, 88.81, 59997, 384689, 160.58, 68919, 501041, 207.26, 63107, 422151, 253.60, 94506, 966758, 322.68, 99948, 1199673, 358.73, 61597, 405818, 375.96, 114333, 1716655, 386.86, 114256, 1711218, 397.27, 112727, 1665455, 409.51, 112520, 1659904, 422.00
h_172, 32768, 2840800, 0.00, 29740, 2413360, 1.87, 29740, 2413360, 3.60, 29740, 2413360, 8.28, 29740, 2413360, 10.25, 29740, 2413360, 11.95, 29740, 2413360, 13.61, 29740, 2413360, 15.19, 29740, 2413360, 16.93, 29740, 2413360, 20.86, 29740, 2413360, 22.75, 29740, 2413360, 24.68, 29740, 2413360, 26.44, 29740, 2413360, 28.08
h_173, 32768, 2843144, 0.00, 29795, 2420962, 1.78, 29795, 2420962, 3.57, 29795, 2420962, 8.10, 29795, 2420962, 10.10, 29795, 2420962, 11.78, 29795, 2420962, 13.57, 29795, 2420962, 15.23, 29795, 2420962, 16.89, 29795, 2420962, 20.72, 29795, 2420962, 22.51, 29795, 2420962, 24.43, 29795, 2420962, 26.14, 29795, 2420962, 27.94
h_174, 131072, 2754294, 0.00, 130067, 2701388, 0.21, 114972, 1738436, 8.67, 59822, 382961, 89.91, 60163, 386690, 165.98, 68565, 497091, 215.24, 63301, 424724, 262.75, 94175, 963669, 339.56, 100430, 1211176, 376.75, 61694, 407983, 394.96, 114882, 1734243, 406.00, 114803, 1729230, 416.63, 113545, 1693475, 430.59, 113319, 1688088, 444.62
h_175, 131072, 2757784, 0.00, 130914, 2754523, 0.23, 129745, 2400417, 6.32, 109381, 1407444, 153.09, 109675, 1419305, 265.57, 115449, 1629816, 307.67, 111405, 1482411, 354.62, 120322, 1818284, 407.66, 121641, 1913543, 441.43, 110361, 1448279, 463.37, 129685, 2395127, 474.12, 129640, 2381422, 482.43, 129625, 2388305, 493.68, 129603, 2386147, 504.42
h_176, 131072, 2777076, 0.00, 130970, 2775756, 0.20, 129890, 2424988, 6.80, 109384, 1405713, 153.49, 109615, 1416086, 273.29, 115449, 1626319, 318.15, 111421, 1478858, 369.81, 120268, 1824857, 441.03, 121966, 1951538, 476.01, 110353, 1448031, 499.12, 129855, 2419694, 510.67, 129795, 2403377, 520.78, 129803, 2413181, 532.13, 129754, 2409761, 544.40
h_177, 131072, 2784435, 0.00, 130955, 2781917, 0.20, 129790, 2429818, 6.70, 108882, 1404355, 151.09, 109131, 1416178, 269.05, 115342, 1633685, 312.40, 110941, 1479400, 360.53, 119932, 1822296, 422.41, 121796, 1959417, 458.29, 109856, 1446393, 483.24, 129770, 2425575, 494.06, 129680, 2410021, 503.21, 129621, 2416544, 515.31, 129540, 2412843, 527.17
h_178, 131072, 2785982, 0.00, 131040, 2785640, 0.26, 130916, 2573723, 4.68, 130246, 2509966, 106.53, 130302, 2545113, 143.98, 130649, 2563437, 153.50, 130380, 2552931, 165.58, 130481, 2556281, 177.98, 130526, 2558445, 193.36, 130342, 2552065, 209.15, 130913, 2569404, 220.90, 130899, 2537085, 236.40, 130905, 2572936, 243.87, 130901, 2572908, 254.43
h_179, 131072, 2921009, 0.00, 130768, 2907824, 0.21, 119530, 2057654, 6.10, 53179, 308205, 59.39, 53224, 308766, 110.61, 57563, 360546, 149.94, 54871, 327753, 189.49, 104124, 1312498, 254.43, 109180, 1579778, 283.53, 54155, 320582, 297.30, 119499, 2056439, 305.75, 119499, 2056294, 314.05, 118754, 2034241, 324.11, 118720, 2033077, 334.32
h_180, 131072, 2949960, 0.00, 131060, 2949843, 0.22, 130986, 2695470, 4.12, 129634, 2627848, 40.02, 129643, 2632512, 64.42, 129850, 2645723, 72.57, 129670, 2638431, 82.44, 130590, 2677933, 90.51, 130577, 2677423, 98.92, 129646, 2637463, 110.35, 130986, 2691242, 117.73, 130981, 2686599, 123.39, 130986, 2694437, 129.58, 130981, 2694424, 135.38
h_181, 131072, 2950732, 0.00, 131059, 2950586, 0.20, 131013, 2696403, 3.63, 129763, 2633862, 42.17, 129772, 2638665, 66.64, 129973, 2651321, 74.25, 129800, 2643997, 82.71, 130641, 2680158, 90.24, 130630, 2679721, 97.65, 129770, 2642908, 106.69, 131013, 2692665, 113.76, 131013, 2687967, 118.18, 131013, 2695634, 123.22, 131013, 2695656, 129.23
h_182, 131072, 2951641, 0.00, 131058, 2951505, 0.21, 131007, 2697263, 3.32, 129717, 2633212, 39.55, 129721, 2637543, 64.05, 129918, 2650012, 71.50, 129745, 2642889, 80.21, 130596, 2679549, 89.42, 130596, 2679545, 97.65, 129725, 2642229, 107.82, 131007, 2693349, 114.73, 131007, 2688806, 118.81, 131007, 2696351, 123.98, 131007, 2696316, 129.18
h_183, 131072, 3115621, 0.00, 131072, 3115621, 0.17, 131029, 2963971, 1.60, 126958, 2771517, 17.45, 126958, 2771518, 29.64, 127019, 2774193, 37.31, 126960, 2771787, 45.43, 130839, 2955085, 49.62, 130839, 2955085, 53.90, 126960, 2771787, 64.30, 131029, 2963971, 66.07, 131029, 2963971, 68.26, 131029, 2963773, 70.33, 131029, 2963772, 72.55
h_184, 32768, 3221596, 0.00, 32768, 3221596, 0.12, 32768, 3221596, 3.51, 32768, 3221596, 45.96, 32768, 3221596, 51.63, 32768, 3221596, 55.20, 32768, 3221596, 58.97, 32768, 3221596, 62.79, 32768, 3221596, 66.64, 32768, 3221596, 92.89, 32768, 3221596, 97.85, 32768, 3221596, 113.90, 32768, 3221596, 117.68, 32768, 3221596, 123.23
h_185, 32768, 3222505, 0.00, 32768, 3222505, 0.12, 32768, 3222505, 3.62, 32768, 3222505, 45.29, 32768, 3222505, 50.67, 32768, 3222505, 54.17, 32768, 3222505, 57.72, 32768, 3222505, 61.50, 32768, 3222505, 65.36, 32768, 3222505, 91.39, 32768, 3222505, 96.61, 32768, 3222505, 113.30, 32768, 3222505, 116.69, 32768, 3222505, 122.01
h_186, 566326, 2770690, 0.00, 549251, 2745294, 1.22, 96919, 354849, 3.65, 96919, 354849, 23.46, 96919, 354849, 27.02, 96919, 354849, 29.42, 96919, 354849, 31.82, 96919, 354849, 34.40, 96919, 354849, 37.01, 96919, 354849, 48.81, 96919, 354849, 51.84, 96919, 354849, 59.72, 96919, 354849, 62.28, 96919, 354849, 66.07
h_187, 131072, 3225441, 0.00, 131072, 3225441, 0.16, 516, 9108, 1.49, 9, 18, 3.52, 9, 18, 5.45, 9, 18, 7.35, 9, 18, 9.23, 516, 9108, 10.61, 516, 9108, 11.93, 9, 18, 13.34, 516, 9108, 14.73, 516, 9108, 16.22, 516, 9108, 17.58, 516, 9108, 18.93
h_188, 262140, 3100200, 0.00, 163662, 1189436, 7.74, 163662, 1189436, 13.57, 163644, 1189340, 20.98, 163662, 1189436, 27.55, 163662, 1189436, 33.41, 163655, 1189392, 38.87, 163662, 1189436, 45.07, 163662, 1189436, 51.19, 163662, 1189436, 57.57, 163662, 1189436, 63.53, 163662, 1189436, 69.78, 163662, 1189436, 75.91, 163662, 1189436, 82.13
h_189, 262141, 3100310, 0.00, 163823, 1191802, 7.86, 163823, 1191802, 13.07, 163816, 1191758, 20.43, 163823, 1191802, 26.23, 163823, 1191802, 31.73, 163823, 1191802, 37.13, 163823, 1191802, 42.63, 163823, 1191802, 48.16, 163823, 1191802, 53.99, 163823, 1191802, 59.25, 163801, 1191726, 64.77, 163823, 1191802, 70.19, 163823, 1191802, 75.69
h_190, 131072, 3244452, 0.00, 131072, 3244452, 0.16, 3657, 86742, 4.40, 8, 16, 12.08, 8, 16, 19.27, 8, 16, 26.40, 8, 16, 33.80, 3657, 86742, 38.22, 3657, 86742, 42.65, 8, 16, 47.25, 3657, 86742, 51.70, 3657, 86742, 56.07, 3657, 86742, 60.54, 3657, 86742, 65.09
h_191, 131072, 3275806, 0.00, 131072, 3275806, 0.16, 4513, 111314, 5.54, 4, 8, 13.76, 4, 8, 22.15, 4, 8, 30.38, 4, 8, 38.77, 4513, 111314, 43.90, 4513, 111314, 49.20, 4, 8, 54.89, 4513, 111314, 60.14, 4513, 111314, 65.56, 4513, 111314, 70.89, 4513, 111314, 76.24
h_192, 32768, 3726392, 0.00, 32550, 3693014, 2.49, 32550, 3693014, 4.04, 32550, 3693014, 10.71, 32550, 3693014, 13.85, 32550, 3693014, 15.66, 32550, 3693014, 17.50, 32550, 3693014, 19.23, 32550, 3693014, 21.06, 32550, 3693014, 26.55, 32550, 3693014, 28.30, 32550, 3693014, 30.22, 32550, 3693014, 31.89, 32550, 3693014, 33.56
h_193, 32768, 3734348, 0.00, 32563, 3702362, 1.23, 32563, 3702362, 2.83, 32563, 3702362, 9.20, 32563, 3702362, 11.55, 32563, 3702362, 13.32, 32563, 3702362, 15.05, 32563, 3702362, 17.00, 32563, 3702362, 18.80, 32563, 3702362, 25.22, 32563, 3702362, 26.90, 32563, 3702362, 28.78, 32563, 3702362, 31.25, 32563, 3702362, 33.07
h_194, 4096, 4194304, 0.00, 4096, 4194304, 0.09, 4096, 4194304, 9.83, 4096, 4194304, 174.28, 4096, 4194304, 194.76, 4096, 4194304, 205.86, 4096, 4194304, 216.82, 4096, 4194304, 228.26, 4096, 4194304, 239.76, 4096, 4194304, 290.26, 4096, 4194304, 310.93, 4096, 4194304, 328.69, 4096, 4194304, 339.98, 4096, 4194304, 451.45
h_195, 4096, 4194304, 0.00, 4096, 4194304, 0.10, 4096, 4194304, 10.10, 4096, 4194304, 174.90, 4096, 4194304, 195.72, 4096, 4194304, 206.75, 4096, 4194304, 217.62, 4096, 4194304, 229.18, 4096, 4194304, 241.26, 4096, 4194304, 291.90, 4096, 4194304, 312.07, 4096, 4194304, 329.57, 4096, 4194304, 340.71, 4096, 4194304, 452.47
h_196, 8192, 4194304, 0.00, 8192, 4194304, 0.10, 8192, 4194304, 7.75, 8192, 4194304, 48.49, 8192, 4194304, 60.97, 8192, 4194304, 68.85, 8192, 4194304, 76.93, 8192, 4194304, 85.22, 8192, 4194304, 93.41, 8192, 4194304, 120.42, 8192, 4194304, 133.23, 8192, 4194304, 148.46, 8192, 4194304, 156.67, 8192, 4194304, 166.38
h_197, 8192, 4194304, 0.00, 8192, 4194304, 0.09, 8192, 4194304, 7.77, 8192, 4194304, 47.38, 8192, 4194304, 59.80, 8192, 4194304, 67.70, 8192, 4194304, 75.67, 8192, 4194304, 83.66, 8192, 4194304, 91.66, 8192, 4194304, 118.53, 8192, 4194304, 131.48, 8192, 4194304, 146.16, 8192, 4194304, 154.16, 8192, 4194304, 164.09
h_198, 962897, 4419758, 0.00, 887706, 4300594, 2.41, 232674, 851805, 6.94, 232674, 851805, 65.76, 232674, 851805, 72.66, 232674, 851805, 77.29, 232674, 851805, 81.92, 232674, 851805, 87.14, 232674, 851805, 92.47, 232674, 851805, 127.83, 232674, 851805, 133.41, 232674, 851805, 155.45, 232674, 851805, 160.24, 232674, 851805, 168.85
h_199, 875713, 5105039, 0.00, 196078, 1756279, 2.76, 4161, 25256, 6.26, 3055, 13224, 12.99, 3125, 13650, 18.03, 3132, 13755, 22.46, 3183, 14064, 26.87, 4029, 23984, 30.86, 3974, 23556, 34.94, 3061, 13307, 38.58, 4121, 25043, 42.03, 4049, 24482, 45.59, 4124, 24816, 48.93, 4045, 24424, 52.50
h_200, 2394385, 5021410, 0.00, 122, 261, 15.54, 12, 24, 15.65, 12, 24, 15.65, 12, 24, 15.65, 12, 24, 15.65, 12, 24, 15.65, 12, 24, 15.65, 12, 24, 15.65, 12, 24, 15.65, 12, 24, 15.65, 12, 24, 15.65, 12, 24, 15.65, 12, 24, 15.65
