id, orig-N, orig-M, orig-time, basic-N, basic-M, basic-time, known-N, known-M, known-time, all_dom-N, all_dom-M, all_dom-time, fast_dom-N, fast_dom-M, fast_dom-time, dom12-N, dom12-M, dom12-time, dom3-N, dom3-M, dom3-time, dom4-N, dom4-M, dom4-time, dom5-N, dom5-M, dom5-time, dom_nca-N, dom_nca-M, dom_nca-time, dom_nca_full-N, dom_nca_full-M, dom_nca_full-time, dom_mixed-N, dom_mixed-M, dom_mixed-time, dom_mixed_full-N, dom_mixed_full-M, dom_mixed_full-time
e_002, 1024, 3322, 0.00, 219, 1080, 0.00, 214, 1045, 0.00, 202, 955, 7.56, 214, 1045, 7.56, 214, 1045, 7.56, 214, 1045, 7.56, 214, 1045, 7.57, 214, 1045, 8.22, 214, 1045, 8.22, 202, 955, 8.29, 214, 1045, 8.29, 203, 1031, 13.18
e_003, 1024, 6055, 0.00, 919, 5594, 0.00, 402, 2266, 0.00, 199, 588, 0.01, 199, 588, 0.02, 199, 588, 0.03, 402, 2266, 0.03, 402, 2266, 0.03, 199, 588, 0.04, 402, 2266, 0.05, 402, 2266, 0.05, 402, 2266, 0.05, 402, 2266, 0.06
e_004, 961, 5081, 0.00, 95, 524, 0.00, 7, 27, 0.00, 4, 8, 0.00, 4, 8, 0.00, 7, 27, 0.00, 7, 27, 0.00, 7, 27, 0.00, 4, 8, 0.00, 7, 27, 0.00, 7, 27, 0.00, 7, 26, 0.00, 7, 26, 0.00
e_005, 1024, 5736, 0.00, 875, 5136, 0.00, 313, 1634, 0.00, 145, 444, 0.01, 145, 444, 0.01, 159, 477, 0.02, 313, 1634, 0.02, 313, 1634, 0.03, 159, 477, 0.03, 313, 1634, 0.03, 313, 1634, 0.03, 313, 1632, 0.04, 313, 1632, 0.04
e_007, 912, 4198, 0.00, 137, 570, 0.00, 4, 8, 0.00, 4, 8, 0.00, 4, 8, 0.00, 4, 8, 0.00, 4, 8, 0.00, 4, 8, 0.00, 4, 8, 0.00, 4, 8, 0.00, 4, 8, 0.00, 4, 8, 0.00, 4, 8, 0.00
e_008, 2047, 15020, 0.00, 1908, 14272, 0.00, 405, 2528, 0.01, 170, 398, 0.02, 170, 398, 0.04, 170, 398, 0.05, 405, 2528, 0.06, 405, 2528, 0.07, 170, 398, 0.08, 405, 2528, 0.09, 405, 2528, 0.10, 405, 2528, 0.11, 405, 2528, 0.12
e_010, 1016, 7005, 0.00, 798, 6136, 0.00, 655, 4493, 0.01, 566, 3230, 0.28, 634, 4091, 0.31, 640, 4211, 0.33, 637, 4166, 0.35, 582, 3753, 0.38, 569, 3604, 0.42, 655, 4478, 0.43, 596, 3688, 0.46, 655, 4479, 0.47, 645, 4389, 0.62
e_011, 4086, 15076, 0.00, 2219, 7792, 0.00, 181, 448, 0.01, 174, 410, 0.01, 174, 410, 0.02, 174, 410, 0.02, 181, 448, 0.03, 181, 448, 0.03, 174, 410, 0.04, 181, 448, 0.04, 181, 448, 0.04, 181, 448, 0.05, 181, 448, 0.05
e_012, 4092, 15066, 0.00, 2357, 8332, 0.00, 239, 587, 0.01, 232, 535, 0.01, 232, 535, 0.02, 232, 535, 0.03, 239, 587, 0.03, 239, 587, 0.04, 232, 535, 0.04, 239, 587, 0.05, 239, 587, 0.05, 239, 587, 0.05, 239, 587, 0.06
e_013, 1924, 7038, 0.00, 519, 2636, 0.00, 138, 504, 0.00, 102, 268, 0.01, 102, 268, 0.02, 110, 313, 0.02, 118, 383, 0.02, 118, 383, 0.03, 110, 313, 0.03, 138, 504, 0.04, 138, 504, 0.04, 131, 467, 0.04, 131, 467, 0.04
e_014, 1951, 7847, 0.00, 670, 3275, 0.00, 141, 628, 0.01, 100, 356, 0.01, 111, 438, 0.02, 112, 464, 0.03, 133, 556, 0.03, 124, 481, 0.03, 100, 362, 0.04, 141, 628, 0.04, 141, 624, 0.05, 141, 625, 0.05, 141, 625, 0.06
e_015, 1979, 9390, 0.00, 909, 4984, 0.00, 139, 622, 0.00, 46, 98, 0.01, 46, 98, 0.01, 80, 205, 0.02, 131, 589, 0.02, 131, 589, 0.03, 80, 205, 0.03, 139, 622, 0.03, 139, 622, 0.03, 122, 572, 0.04, 122, 572, 0.04
e_016, 1939, 10655, 0.00, 285, 1016, 0.00, 14, 38, 0.00, 12, 24, 0.00, 12, 24, 0.00, 12, 24, 0.00, 14, 38, 0.00, 14, 38, 0.00, 12, 24, 0.00, 14, 38, 0.00, 14, 38, 0.00, 14, 38, 0.00, 14, 38, 0.00
e_018, 1923, 5964, 0.00, 707, 2734, 0.00, 150, 502, 0.00, 96, 212, 0.01, 96, 212, 0.01, 96, 212, 0.01, 150, 502, 0.01, 150, 502, 0.02, 96, 212, 0.02, 150, 502, 0.02, 150, 502, 0.03, 150, 502, 0.03, 150, 502, 0.03
e_019, 2034, 11718, 0.00, 1669, 10045, 0.00, 349, 1630, 0.01, 204, 538, 0.02, 204, 538, 0.03, 208, 563, 0.03, 345, 1568, 0.04, 345, 1568, 0.05, 204, 538, 0.06, 349, 1630, 0.06, 349, 1630, 0.07, 346, 1612, 0.07, 346, 1612, 0.08
e_020, 1906, 7039, 0.00, 593, 2888, 0.00, 130, 476, 0.00, 89, 235, 0.01, 89, 235, 0.01, 102, 281, 0.01, 112, 362, 0.02, 112, 362, 0.02, 102, 281, 0.02, 130, 476, 0.03, 130, 471, 0.03, 110, 397, 0.03, 97, 301, 0.04
e_021, 1872, 6147, 0.00, 488, 2193, 0.00, 80, 265, 0.00, 60, 138, 0.00, 60, 138, 0.01, 66, 169, 0.01, 74, 232, 0.01, 75, 238, 0.01, 63, 153, 0.01, 80, 265, 0.01, 80, 265, 0.02, 80, 263, 0.02, 80, 263, 0.02
e_022, 830, 1884, 0.00, 110, 314, 0.00, 20, 51, 0.00, 12, 24, 0.00, 12, 24, 0.00, 12, 24, 0.00, 12, 24, 0.00, 12, 24, 0.00, 12, 24, 0.00, 20, 51, 0.00, 20, 51, 0.00, 20, 50, 0.00, 20, 50, 0.00
e_023, 1600, 5400, 0.00, 143, 430, 0.00, 4, 8, 0.00, 4, 8, 0.00, 4, 8, 0.00, 4, 8, 0.00, 4, 8, 0.00, 4, 8, 0.00, 4, 8, 0.00, 4, 8, 0.00, 4, 8, 0.00, 4, 8, 0.00, 4, 8, 0.00
e_024, 1920, 7546, 0.00, 678, 3435, 0.00, 102, 430, 0.00, 38, 102, 0.01, 38, 102, 0.01, 71, 185, 0.01, 100, 410, 0.01, 100, 410, 0.01, 38, 102, 0.02, 102, 430, 0.02, 102, 430, 0.02, 90, 400, 0.02, 90, 400, 0.02
e_026, 723, 1365, 0.00, 81, 214, 0.00, 6, 20, 0.00, 0, 0, 0.00, 0, 0, 0.00, 0, 0, 0.00, 6, 20, 0.00, 6, 20, 0.00, 0, 0, 0.00, 6, 20, 0.00, 6, 20, 0.00, 6, 20, 0.00, 6, 20, 0.00
e_028, 1930, 7372, 0.00, 827, 4142, 0.00, 218, 814, 0.01, 178, 622, 0.01, 178, 622, 0.02, 187, 650, 0.02, 198, 714, 0.03, 198, 714, 0.03, 184, 644, 0.04, 218, 814, 0.04, 218, 814, 0.05, 215, 802, 0.05, 215, 802, 0.06
e_029, 1938, 11302, 0.00, 387, 1355, 0.00, 16, 32, 0.00, 16, 32, 0.00, 16, 32, 0.00, 16, 32, 0.00, 16, 32, 0.00, 16, 32, 0.00, 16, 32, 0.00, 16, 32, 0.00, 16, 32, 0.00, 16, 32, 0.00, 16, 32, 0.00
e_030, 2025, 11894, 0.00, 1574, 9448, 0.00, 117, 609, 0.00, 55, 129, 0.01, 55, 129, 0.01, 55, 129, 0.02, 115, 587, 0.02, 115, 587, 0.03, 55, 129, 0.03, 117, 609, 0.03, 117, 609, 0.04, 117, 609, 0.04, 117, 609, 0.04
e_031, 4053, 26071, 0.00, 2849, 18124, 0.00, 426, 1771, 0.01, 176, 404, 0.03, 176, 404, 0.05, 224, 544, 0.07, 424, 1755, 0.08, 424, 1755, 0.10, 222, 521, 0.11, 426, 1771, 0.12, 426, 1771, 0.14, 421, 1756, 0.15, 421, 1756, 0.16
e_032, 2010, 10642, 0.00, 1259, 7103, 0.00, 161, 734, 0.00, 73, 176, 0.01, 73, 176, 0.01, 73, 176, 0.02, 161, 734, 0.02, 161, 734, 0.03, 73, 176, 0.03, 161, 734, 0.03, 161, 734, 0.04, 161, 734, 0.04, 161, 734, 0.04
e_033, 850, 2010, 0.00, 153, 442, 0.00, 29, 69, 0.00, 28, 62, 0.00, 28, 62, 0.00, 28, 63, 0.00, 29, 69, 0.00, 29, 69, 0.00, 28, 63, 0.00, 29, 69, 0.00, 29, 69, 0.00, 29, 68, 0.00, 29, 68, 0.00
e_034, 940, 2650, 0.00, 330, 1289, 0.00, 25, 62, 0.00, 21, 42, 0.00, 21, 42, 0.00, 21, 42, 0.00, 25, 62, 0.00, 25, 62, 0.00, 21, 42, 0.00, 25, 62, 0.00, 25, 62, 0.00, 25, 62, 0.00, 25, 62, 0.00
e_035, 4095, 17074, 0.00, 3347, 13592, 0.00, 654, 1980, 0.02, 558, 1506, 0.04, 558, 1506, 0.06, 558, 1506, 0.08, 654, 1980, 0.10, 654, 1980, 0.12, 558, 1506, 0.14, 654, 1980, 0.15, 702, 2114, 0.16, 654, 1980, 0.17, 654, 1980, 0.19
e_036, 4091, 29827, 0.00, 3841, 28395, 0.00, 838, 5283, 0.02, 291, 670, 0.05, 291, 670, 0.08, 291, 670, 0.11, 811, 5138, 0.14, 811, 5138, 0.18, 291, 670, 0.20, 838, 5283, 0.22, 838, 5283, 0.23, 833, 5270, 0.26, 833, 5270, 0.28
e_037, 4094, 28675, 0.00, 3873, 27696, 0.00, 2480, 16360, 0.02, 1463, 6180, 0.10, 1463, 6180, 0.18, 1464, 6197, 0.25, 2468, 16178, 0.29, 2468, 16178, 0.32, 1463, 6184, 0.38, 2480, 16360, 0.40, 2480, 16360, 0.42, 2480, 16356, 0.45, 2480, 16356, 0.49
e_039, 928, 2570, 0.00, 363, 1241, 0.00, 30, 88, 0.00, 25, 50, 0.00, 25, 50, 0.00, 25, 50, 0.00, 30, 88, 0.00, 30, 88, 0.00, 25, 50, 0.00, 30, 88, 0.00, 30, 88, 0.00, 30, 88, 0.00, 30, 88, 0.00
e_040, 4016, 21948, 0.00, 2044, 11058, 0.00, 269, 975, 0.01, 162, 383, 0.02, 162, 383, 0.03, 162, 383, 0.03, 253, 891, 0.04, 253, 891, 0.05, 162, 383, 0.05, 269, 975, 0.06, 269, 975, 0.06, 263, 957, 0.07, 263, 957, 0.08
e_041, 4093, 27082, 0.00, 3679, 25294, 0.00, 2133, 13020, 0.03, 1257, 5184, 0.10, 1257, 5184, 0.17, 1261, 5226, 0.24, 2100, 12726, 0.28, 2100, 12726, 0.31, 1257, 5184, 0.36, 2133, 13020, 0.39, 2133, 13020, 0.41, 2133, 13013, 0.44, 2133, 13013, 0.48
e_043, 1623, 5700, 0.00, 148, 464, 0.00, 4, 8, 0.00, 4, 8, 0.00, 4, 8, 0.00, 4, 8, 0.00, 4, 8, 0.00, 4, 8, 0.00, 4, 8, 0.00, 4, 8, 0.00, 4, 8, 0.00, 4, 8, 0.00, 4, 8, 0.00
e_044, 4044, 23319, 0.00, 2522, 14241, 0.00, 325, 1204, 0.01, 152, 336, 0.03, 152, 336, 0.05, 152, 336, 0.07, 324, 1192, 0.08, 324, 1192, 0.09, 152, 336, 0.11, 325, 1204, 0.12, 325, 1204, 0.13, 303, 1150, 0.14, 303, 1150, 0.15
e_045, 4093, 30202, 0.00, 3972, 29576, 0.00, 2816, 19785, 0.02, 1510, 6321, 0.12, 1510, 6321, 0.24, 1510, 6321, 0.36, 2816, 19785, 0.39, 2816, 19785, 0.42, 1510, 6321, 0.51, 2816, 19785, 0.55, 2816, 19785, 0.58, 2816, 19785, 0.61, 2816, 19785, 0.65
e_046, 948, 2671, 0.00, 316, 1215, 0.00, 50, 180, 0.00, 33, 66, 0.00, 33, 66, 0.00, 33, 66, 0.00, 50, 180, 0.00, 50, 180, 0.00, 33, 66, 0.00, 50, 180, 0.00, 50, 180, 0.00, 50, 180, 0.00, 50, 180, 0.00
e_047, 4092, 28612, 0.00, 3827, 27287, 0.00, 2694, 17433, 0.03, 1457, 6186, 0.15, 1457, 6186, 0.30, 1527, 6447, 0.44, 2685, 17295, 0.51, 2685, 17295, 0.58, 1512, 6351, 0.70, 2694, 17433, 0.75, 2694, 17433, 0.78, 2694, 17427, 0.82, 2694, 17427, 0.85
e_048, 3853, 12722, 0.00, 317, 786, 0.00, 317, 786, 0.00, 317, 786, 0.01, 317, 786, 0.01, 317, 786, 0.01, 317, 786, 0.01, 317, 786, 0.01, 317, 786, 0.01, 317, 786, 0.01, 317, 786, 0.01, 317, 786, 0.01, 317, 786, 0.01
e_049, 4057, 23857, 0.00, 2960, 18521, 0.00, 842, 4041, 0.02, 525, 1541, 0.06, 525, 1541, 0.09, 529, 1588, 0.12, 745, 3220, 0.15, 748, 3255, 0.18, 528, 1574, 0.20, 842, 4041, 0.22, 842, 4041, 0.23, 840, 4004, 0.25, 840, 4003, 0.27
e_050, 4096, 20102, 0.00, 2454, 9562, 0.01, 2454, 9562, 0.02, 2454, 9562, 0.04, 2454, 9562, 0.06, 2454, 9562, 0.07, 2409, 9352, 0.08, 2454, 9562, 0.09, 2446, 9536, 0.10, 2454, 9562, 0.12, 2454, 9562, 0.13, 2454, 9562, 0.14, 2446, 9536, 0.15
e_051, 3855, 12946, 0.00, 346, 940, 0.00, 346, 940, 0.00, 346, 940, 0.01, 346, 940, 0.01, 346, 940, 0.01, 346, 940, 0.01, 346, 940, 0.01, 346, 940, 0.01, 322, 870, 0.01, 346, 940, 0.01, 346, 940, 0.01, 346, 940, 0.01
e_052, 3867, 12958, 0.00, 377, 1170, 0.00, 377, 1170, 0.01, 377, 1170, 0.01, 377, 1170, 0.01, 377, 1170, 0.01, 377, 1170, 0.01, 377, 1170, 0.01, 377, 1170, 0.01, 377, 1170, 0.01, 377, 1170, 0.01, 377, 1170, 0.01, 377, 1170, 0.02
e_053, 4080, 26872, 0.00, 3677, 25004, 0.00, 518, 2962, 0.01, 213, 454, 0.04, 213, 454, 0.07, 213, 454, 0.11, 518, 2962, 0.13, 518, 2962, 0.15, 213, 454, 0.17, 518, 2962, 0.20, 518, 2962, 0.21, 518, 2962, 0.23, 518, 2962, 0.25
e_055, 3844, 12085, 0.00, 1827, 6679, 0.00, 402, 1386, 0.01, 220, 558, 0.02, 220, 558, 0.02, 220, 558, 0.03, 402, 1386, 0.04, 402, 1386, 0.04, 220, 558, 0.05, 402, 1386, 0.06, 402, 1386, 0.06, 402, 1386, 0.07, 402, 1386, 0.07
e_056, 4086, 26915, 0.00, 3721, 25095, 0.00, 540, 3327, 0.02, 237, 588, 0.05, 237, 588, 0.08, 237, 588, 0.10, 528, 3246, 0.12, 528, 3246, 0.13, 237, 588, 0.15, 540, 3327, 0.16, 540, 3327, 0.17, 535, 3314, 0.18, 535, 3314, 0.19
e_057, 3847, 12298, 0.00, 1921, 7153, 0.00, 455, 1618, 0.01, 274, 700, 0.02, 274, 700, 0.04, 274, 700, 0.05, 455, 1618, 0.06, 455, 1618, 0.07, 274, 700, 0.08, 455, 1618, 0.09, 455, 1618, 0.09, 455, 1618, 0.10, 455, 1618, 0.10
e_058, 8167, 27574, 0.00, 2858, 9112, 0.01, 265, 599, 0.01, 265, 599, 0.02, 265, 599, 0.02, 265, 599, 0.03, 265, 599, 0.04, 265, 599, 0.04, 265, 599, 0.05, 265, 599, 0.06, 265, 599, 0.07, 265, 599, 0.08, 265, 599, 0.09
e_059, 722, 1124, 0.00, 104, 282, 0.00, 9, 24, 0.00, 8, 16, 0.00, 8, 16, 0.00, 8, 16, 0.00, 9, 24, 0.00, 9, 24, 0.00, 8, 16, 0.00, 9, 24, 0.00, 9, 24, 0.00, 9, 24, 0.00, 9, 24, 0.00
e_060, 4052, 22629, 0.00, 2922, 17907, 0.00, 881, 4525, 0.02, 395, 1142, 0.07, 395, 1142, 0.12, 479, 1375, 0.15, 846, 4307, 0.16, 846, 4307, 0.18, 468, 1337, 0.20, 881, 4525, 0.22, 881, 4525, 0.23, 881, 4517, 0.24, 881, 4517, 0.26
e_061, 1724, 4320, 0.00, 273, 832, 0.00, 22, 66, 0.00, 18, 38, 0.00, 18, 38, 0.00, 18, 38, 0.00, 22, 66, 0.00, 22, 66, 0.00, 18, 38, 0.00, 22, 66, 0.00, 22, 66, 0.00, 22, 66, 0.00, 22, 66, 0.00
e_062, 763, 1272, 0.00, 132, 372, 0.00, 17, 48, 0.00, 5, 10, 0.00, 5, 10, 0.00, 5, 10, 0.00, 17, 48, 0.00, 17, 48, 0.00, 5, 10, 0.00, 17, 48, 0.00, 17, 48, 0.00, 17, 48, 0.00, 17, 48, 0.00
e_063, 4062, 23766, 0.00, 3197, 19562, 0.00, 925, 4864, 0.01, 400, 1058, 0.05, 400, 1058, 0.08, 467, 1233, 0.11, 867, 4465, 0.13, 867, 4465, 0.15, 461, 1203, 0.17, 925, 4864, 0.18, 925, 4864, 0.20, 925, 4851, 0.21, 925, 4851, 0.22
e_064, 1892, 6447, 0.00, 577, 2322, 0.00, 49, 172, 0.00, 16, 32, 0.00, 16, 32, 0.01, 16, 32, 0.01, 49, 172, 0.01, 49, 172, 0.01, 16, 32, 0.01, 49, 172, 0.01, 49, 172, 0.01, 49, 172, 0.01, 49, 172, 0.02
e_065, 8089, 48759, 0.00, 4711, 28170, 0.01, 689, 3029, 0.02, 352, 928, 0.06, 352, 928, 0.09, 424, 1119, 0.13, 670, 2829, 0.16, 670, 2829, 0.19, 423, 1110, 0.21, 689, 3029, 0.23, 689, 3029, 0.25, 677, 2964, 0.27, 689, 3020, 0.29
e_066, 8180, 29503, 0.00, 4007, 13675, 0.01, 394, 973, 0.02, 316, 711, 0.04, 316, 711, 0.06, 316, 711, 0.07, 394, 973, 0.08, 394, 973, 0.10, 316, 711, 0.11, 394, 973, 0.12, 394, 973, 0.14, 394, 973, 0.15, 394, 973, 0.16
e_068, 4067, 24043, 0.00, 3203, 20333, 0.00, 890, 4821, 0.02, 421, 1196, 0.05, 421, 1196, 0.08, 499, 1410, 0.11, 877, 4694, 0.12, 877, 4694, 0.14, 482, 1355, 0.16, 890, 4821, 0.17, 890, 4821, 0.19, 890, 4816, 0.20, 890, 4816, 0.22
e_069, 4053, 22368, 0.00, 2832, 16816, 0.00, 764, 3771, 0.02, 426, 1129, 0.07, 426, 1129, 0.11, 427, 1146, 0.15, 730, 3489, 0.17, 730, 3489, 0.20, 421, 1126, 0.22, 764, 3771, 0.24, 764, 3771, 0.26, 764, 3759, 0.28, 764, 3759, 0.30
e_070, 1817, 5184, 0.00, 513, 1624, 0.00, 33, 98, 0.00, 28, 58, 0.00, 28, 58, 0.00, 28, 58, 0.00, 33, 98, 0.00, 33, 98, 0.00, 28, 58, 0.00, 33, 98, 0.00, 33, 98, 0.00, 33, 98, 0.00, 33, 98, 0.00
e_071, 1789, 4896, 0.00, 398, 1254, 0.00, 31, 86, 0.00, 24, 48, 0.00, 24, 48, 0.00, 24, 48, 0.00, 31, 86, 0.00, 31, 86, 0.00, 24, 48, 0.01, 31, 86, 0.01, 31, 86, 0.01, 31, 86, 0.01, 31, 86, 0.01
e_072, 3968, 18054, 0.00, 2212, 11498, 0.00, 609, 2618, 0.02, 331, 862, 0.05, 331, 862, 0.07, 379, 1000, 0.10, 607, 2594, 0.11, 607, 2594, 0.12, 379, 1000, 0.14, 609, 2618, 0.15, 609, 2618, 0.17, 581, 2532, 0.18, 581, 2532, 0.20
e_073, 8132, 51796, 0.00, 6192, 41910, 0.01, 2050, 10794, 0.04, 976, 2877, 0.13, 976, 2877, 0.22, 989, 2955, 0.29, 1902, 9534, 0.36, 1902, 9534, 0.42, 968, 2865, 0.47, 2050, 10794, 0.51, 2050, 10794, 0.55, 2015, 10524, 0.60, 2015, 10523, 0.66
e_074, 802, 1525, 0.00, 248, 671, 0.00, 5, 16, 0.00, 4, 8, 0.00, 4, 8, 0.00, 4, 8, 0.00, 5, 16, 0.00, 5, 16, 0.00, 4, 8, 0.00, 5, 16, 0.00, 5, 16, 0.00, 5, 16, 0.00, 5, 16, 0.00
e_075, 8189, 31504, 0.00, 5402, 19961, 0.01, 685, 1802, 0.02, 568, 1371, 0.04, 568, 1371, 0.06, 568, 1371, 0.08, 682, 1789, 0.09, 682, 1789, 0.11, 568, 1371, 0.12, 685, 1802, 0.14, 685, 1802, 0.15, 685, 1801, 0.17, 685, 1801, 0.18
e_076, 8153, 51863, 0.00, 6867, 45423, 0.01, 1604, 9140, 0.03, 599, 1542, 0.10, 599, 1542, 0.16, 708, 1824, 0.22, 1590, 9061, 0.25, 1590, 9061, 0.29, 593, 1526, 0.34, 1604, 9140, 0.36, 1604, 9140, 0.40, 1573, 9014, 0.43, 1573, 9014, 0.47
e_077, 8168, 54744, 0.00, 7402, 51303, 0.01, 1122, 6417, 0.03, 446, 1028, 0.09, 446, 1028, 0.15, 498, 1159, 0.20, 1121, 6401, 0.23, 1121, 6401, 0.26, 446, 1028, 0.29, 1122, 6417, 0.32, 1122, 6417, 0.35, 1115, 6392, 0.38, 1115, 6392, 0.41
e_078, 3960, 15992, 0.00, 2107, 9887, 0.00, 345, 1442, 0.01, 158, 356, 0.02, 158, 356, 0.03, 158, 356, 0.04, 345, 1442, 0.04, 345, 1442, 0.05, 158, 356, 0.06, 345, 1442, 0.07, 345, 1442, 0.07, 345, 1442, 0.08, 345, 1442, 0.09
e_079, 8153, 52154, 0.00, 7018, 46613, 0.01, 1407, 7385, 0.03, 658, 1569, 0.10, 658, 1569, 0.16, 659, 1578, 0.21, 1390, 7186, 0.25, 1390, 7186, 0.28, 654, 1540, 0.32, 1407, 7385, 0.36, 1407, 7385, 0.39, 1407, 7376, 0.41, 1407, 7376, 0.45
e_080, 1024, 3480, 0.00, 296, 1379, 0.00, 292, 1349, 0.00, 291, 1330, 8.55, 292, 1349, 8.55, 292, 1349, 8.55, 292, 1349, 8.55, 292, 1349, 8.55, 292, 1349, 10.52, 292, 1349, 10.52, 291, 1330, 11.73, 292, 1349, 11.73, 292, 1349, 13.41
e_081, 8142, 51030, 0.00, 6963, 45552, 0.01, 1488, 8211, 0.05, 576, 1406, 0.16, 576, 1406, 0.26, 701, 1706, 0.35, 1464, 8008, 0.41, 1464, 8008, 0.47, 695, 1689, 0.53, 1488, 8211, 0.58, 1488, 8211, 0.62, 1459, 8082, 0.69, 1459, 8082, 0.75
e_082, 8058, 43548, 0.00, 5689, 30907, 0.01, 308, 1238, 0.02, 158, 320, 0.04, 158, 320, 0.06, 158, 320, 0.08, 308, 1238, 0.09, 308, 1238, 0.11, 158, 320, 0.12, 308, 1238, 0.14, 308, 1238, 0.15, 308, 1238, 0.16, 308, 1238, 0.18
e_083, 1712, 3537, 0.00, 466, 1382, 0.00, 33, 102, 0.00, 20, 40, 0.00, 20, 40, 0.00, 20, 40, 0.00, 33, 102, 0.00, 33, 102, 0.00, 20, 40, 0.00, 33, 102, 0.00, 33, 102, 0.00, 33, 102, 0.00, 33, 102, 0.00
e_084, 503, 1024, 0.00, 116, 398, 0.00, 114, 391, 0.00, 114, 391, 3.69, 114, 391, 3.69, 114, 391, 3.69, 114, 391, 3.69, 114, 391, 3.69, 114, 391, 3.77, 114, 391, 3.77, 114, 391, 3.80, 114, 391, 3.80, 114, 391, 8.33
e_085, 8189, 69446, 0.00, 2530, 9826, 0.03, 2530, 9826, 0.04, 2530, 9826, 0.06, 2530, 9826, 0.08, 2530, 9826, 0.09, 2530, 9826, 0.10, 2530, 9826, 0.12, 2530, 9826, 0.13, 2530, 9826, 0.15, 2530, 9826, 0.16, 2530, 9826, 0.17, 2530, 9826, 0.18
e_086, 16360, 124104, 0.00, 15460, 119107, 0.01, 3438, 21983, 0.08, 1173, 2896, 0.24, 1173, 2896, 0.41, 1173, 2896, 0.63, 3435, 21897, 0.76, 3435, 21897, 0.89, 1173, 2896, 1.07, 3438, 21983, 1.18, 3438, 21983, 1.26, 3438, 21982, 1.33, 3438, 21982, 1.41
e_087, 8190, 69372, 0.00, 2335, 9396, 0.04, 2335, 9396, 0.06, 2335, 9396, 0.10, 2335, 9396, 0.12, 2335, 9396, 0.15, 2335, 9396, 0.17, 2335, 9396, 0.19, 2335, 9396, 0.21, 2335, 9396, 0.23, 2335, 9396, 0.25, 2335, 9396, 0.27, 2335, 9396, 0.29
e_088, 8189, 65903, 0.00, 8023, 65189, 0.01, 6629, 51204, 0.05, 3912, 18527, 0.30, 3912, 18527, 0.52, 3913, 18544, 0.73, 6625, 51142, 0.79, 6625, 51142, 0.86, 3913, 18544, 1.07, 6629, 51204, 1.16, 6629, 51204, 1.24, 6629, 51201, 1.34, 6629, 51201, 1.44
e_089, 8168, 55556, 0.00, 7388, 52134, 0.01, 4778, 28939, 0.09, 3278, 15082, 0.38, 3278, 15082, 0.66, 3297, 15320, 0.94, 4633, 27416, 1.08, 4634, 27426, 1.22, 3285, 15207, 1.38, 4778, 28938, 1.48, 4778, 28938, 1.57, 4766, 28790, 1.67, 4766, 28790, 1.77
e_090, 1740, 3544, 0.00, 488, 1402, 0.00, 46, 136, 0.00, 39, 80, 0.00, 39, 80, 0.00, 39, 80, 0.00, 46, 136, 0.00, 46, 136, 0.00, 39, 80, 0.00, 46, 136, 0.00, 46, 136, 0.00, 46, 136, 0.00, 46, 136, 0.00
e_091, 1726, 3364, 0.00, 406, 1137, 0.00, 14, 34, 0.00, 13, 26, 0.00, 13, 26, 0.00, 13, 26, 0.00, 14, 34, 0.00, 14, 34, 0.00, 13, 26, 0.00, 14, 34, 0.00, 14, 34, 0.00, 14, 34, 0.00, 14, 34, 0.00
e_092, 16333, 119263, 0.00, 13996, 98448, 0.01, 959, 4428, 0.07, 532, 1170, 0.15, 532, 1170, 0.23, 532, 1170, 0.32, 959, 4428, 0.37, 959, 4428, 0.42, 532, 1170, 0.48, 959, 4428, 0.53, 959, 4428, 0.59, 959, 4428, 0.66, 959, 4428, 0.74
e_093, 16333, 109487, 0.00, 14991, 102670, 0.01, 1873, 10861, 0.06, 736, 1672, 0.16, 736, 1672, 0.27, 736, 1672, 0.36, 1873, 10861, 0.41, 1873, 10861, 0.46, 736, 1672, 0.54, 1873, 10861, 0.59, 1873, 10861, 0.64, 1861, 10832, 0.70, 1861, 10832, 0.76
e_094, 8087, 41813, 0.00, 5683, 31857, 0.01, 940, 4211, 0.03, 463, 1094, 0.07, 463, 1094, 0.11, 519, 1242, 0.15, 909, 4005, 0.17, 907, 3989, 0.20, 519, 1242, 0.23, 940, 4211, 0.26, 940, 4211, 0.28, 902, 4046, 0.30, 902, 4046, 0.33
e_095, 8174, 59029, 0.00, 7664, 56758, 0.01, 5223, 34185, 0.08, 3668, 17497, 0.40, 3668, 17497, 0.68, 3700, 17807, 0.89, 5132, 33005, 1.03, 5132, 33005, 1.16, 3685, 17628, 1.31, 5223, 34185, 1.39, 5223, 34185, 1.47, 5217, 34105, 1.56, 5217, 34105, 1.70
e_096, 16290, 113251, 0.00, 12184, 80761, 0.02, 1476, 7214, 0.07, 587, 1384, 0.16, 587, 1384, 0.24, 758, 1807, 0.31, 1425, 6808, 0.37, 1425, 6808, 0.42, 758, 1807, 0.48, 1476, 7214, 0.52, 1476, 7214, 0.56, 1444, 7104, 0.61, 1444, 7104, 0.67
e_097, 16314, 103725, 0.00, 13933, 92026, 0.01, 2908, 16011, 0.07, 1253, 3184, 0.25, 1253, 3184, 0.39, 1443, 3686, 0.51, 2870, 15671, 0.59, 2869, 15661, 0.68, 1439, 3671, 0.77, 2908, 16011, 0.84, 2908, 16011, 0.94, 2880, 15830, 1.07, 2880, 15830, 1.20
e_098, 16245, 107319, 0.00, 12731, 80615, 0.01, 684, 2842, 0.05, 364, 810, 0.10, 364, 810, 0.16, 364, 810, 0.21, 684, 2842, 0.25, 684, 2842, 0.28, 364, 810, 0.33, 684, 2842, 0.36, 684, 2842, 0.40, 684, 2842, 0.43, 684, 2842, 0.47
e_099, 8061, 38175, 0.00, 6290, 31553, 0.01, 430, 1708, 0.02, 243, 510, 0.04, 243, 510, 0.07, 243, 510, 0.09, 430, 1708, 0.11, 430, 1708, 0.12, 243, 510, 0.14, 430, 1708, 0.16, 430, 1708, 0.17, 430, 1708, 0.19, 430, 1708, 0.20
e_100, 32735, 246591, 0.00, 31059, 236551, 0.03, 5665, 35328, 0.18, 1879, 4618, 0.56, 1879, 4618, 0.93, 2273, 5638, 1.25, 5612, 34854, 1.59, 5612, 34854, 1.85, 2263, 5601, 2.07, 5665, 35328, 2.23, 5665, 35328, 2.46, 5640, 35258, 2.64, 5640, 35258, 2.84
e_101, 32724, 246723, 0.00, 30942, 236317, 0.03, 6021, 38661, 0.17, 2102, 5054, 0.58, 2102, 5054, 0.94, 2102, 5054, 1.29, 5978, 38320, 1.54, 5978, 38320, 1.75, 2102, 5054, 1.98, 6021, 38661, 2.12, 6021, 38661, 2.27, 6021, 38653, 2.42, 6021, 38653, 2.58
e_102, 16384, 73685, 0.00, 15538, 69031, 0.01, 6900, 25776, 0.14, 5113, 16194, 0.39, 5113, 16194, 0.61, 5113, 16194, 0.82, 6900, 25776, 0.95, 6900, 25776, 1.08, 5113, 16194, 1.27, 6900, 25776, 1.40, 6919, 25848, 1.50, 6900, 25776, 1.66, 6900, 25776, 1.86
e_103, 16384, 77536, 0.00, 7515, 27140, 0.06, 7515, 27140, 0.10, 7456, 26906, 0.17, 7507, 27096, 0.21, 7515, 27140, 0.25, 7506, 27086, 0.29, 7494, 27068, 0.33, 7465, 26960, 0.38, 7515, 27140, 0.41, 7507, 27098, 0.46, 7507, 27096, 0.49, 7515, 27140, 0.53
e_104, 16384, 77432, 0.00, 7718, 27754, 0.06, 7709, 27714, 0.10, 7718, 27754, 0.17, 7623, 27374, 0.22, 7638, 27416, 0.26, 7629, 27384, 0.30, 7718, 27754, 0.35, 7674, 27582, 0.40, 7636, 27408, 0.47, 7642, 27430, 0.54, 7623, 27362, 0.60, 7709, 27706, 0.67
e_105, 2048, 10584, 0.00, 744, 4739, 0.00, 743, 4687, 0.00, 743, 4671, 2.52, 743, 4687, 2.53, 743, 4687, 2.54, 743, 4687, 2.54, 743, 4687, 2.54, 743, 4687, 3.90, 743, 4687, 3.90, 743, 4671, 5.35, 743, 4687, 5.36, 743, 4687, 5.72
e_106, 16349, 119809, 0.00, 15102, 113570, 0.01, 10785, 68565, 0.19, 8017, 40370, 0.95, 8018, 40384, 1.61, 8076, 40904, 2.15, 10445, 64695, 2.52, 10443, 64673, 2.85, 8064, 40762, 3.24, 10783, 68550, 3.49, 10783, 68541, 3.82, 10754, 68209, 4.18, 10752, 68206, 4.48
e_107, 16316, 104833, 0.00, 13722, 93444, 0.01, 8470, 46905, 0.19, 6498, 29524, 1.08, 6520, 29677, 1.81, 6730, 31263, 2.32, 8040, 42363, 2.66, 8006, 42167, 3.00, 6567, 30273, 3.33, 8447, 46696, 3.55, 8401, 46335, 3.79, 8330, 45873, 4.08, 8323, 45787, 4.48
e_108, 2048, 30272, 0.00, 2043, 30259, 0.00, 2011, 28323, 0.01, 1686, 19908, 0.09, 1686, 19908, 0.15, 1686, 19910, 0.21, 2007, 28227, 0.23, 2007, 28227, 0.25, 1686, 19910, 0.31, 2011, 28323, 0.32, 2011, 28323, 0.33, 2011, 28321, 0.35, 2011, 28321, 0.37
e_109, 16382, 149298, 0.00, 6242, 28840, 0.08, 6228, 28728, 0.13, 6242, 28840, 0.20, 6242, 28840, 0.26, 6242, 28840, 0.33, 6242, 28840, 0.40, 6242, 28840, 0.48, 6242, 28840, 0.56, 6242, 28840, 0.63, 6242, 28840, 0.68, 6242, 28840, 0.73, 6242, 28840, 0.77
e_110, 2048, 6990, 0.00, 613, 3121, 0.00, 611, 3083, 0.00, 611, 3069, 1.50, 611, 3083, 1.50, 611, 3083, 1.50, 611, 3083, 1.51, 611, 3083, 1.51, 611, 3083, 2.28, 611, 3083, 2.28, 611, 3069, 2.92, 611, 3083, 2.92, 611, 3083, 3.07
e_111, 2048, 31904, 0.00, 1241, 12812, 0.02, 1241, 12812, 0.03, 1241, 12812, 0.06, 1241, 12812, 0.08, 1241, 12812, 0.10, 1241, 12812, 0.11, 1241, 12812, 0.13, 1241, 12812, 0.15, 1241, 12812, 0.16, 1241, 12812, 0.18, 1241, 12812, 0.19, 1241, 12812, 0.21
e_112, 2048, 30308, 0.00, 2048, 30308, 0.00, 1981, 28075, 0.01, 1664, 19725, 0.10, 1664, 19725, 0.17, 1666, 19775, 0.23, 1970, 27819, 0.26, 1970, 27819, 0.28, 1664, 19731, 0.34, 1981, 28075, 0.35, 1981, 28075, 0.36, 1981, 28067, 0.38, 1981, 28067, 0.39
e_113, 1024, 25750, 0.00, 664, 11626, 0.01, 664, 11626, 0.01, 664, 11626, 0.03, 664, 11626, 0.04, 664, 11626, 0.04, 664, 11626, 0.05, 664, 11626, 0.05, 664, 11626, 0.06, 664, 11626, 0.07, 664, 11626, 0.07, 664, 11626, 0.08, 664, 11626, 0.09
e_114, 2044, 23899, 0.00, 2001, 23591, 0.00, 1933, 19544, 0.03, 1813, 16599, 0.49, 1837, 17696, 0.67, 1860, 18032, 0.76, 1896, 18793, 0.81, 1876, 18510, 0.89, 1815, 17475, 0.98, 1933, 19474, 1.02, 1927, 18632, 1.08, 1931, 19492, 1.12, 1931, 19482, 1.23
e_115, 32766, 304304, 0.00, 32537, 303055, 0.03, 29229, 259159, 0.26, 20708, 127527, 2.29, 20708, 127527, 4.05, 20720, 127638, 5.57, 29162, 258035, 6.06, 29162, 258035, 6.57, 20719, 127625, 7.74, 29229, 259159, 8.16, 29229, 259159, 8.56, 29212, 259007, 9.14, 29212, 259007, 9.76
e_116, 1024, 24462, 0.00, 1024, 24462, 0.00, 1019, 23171, 0.01, 938, 19654, 0.07, 938, 19654, 0.12, 938, 19657, 0.16, 1011, 22841, 0.18, 1011, 22841, 0.21, 938, 19657, 0.24, 1019, 23171, 0.25, 1019, 23171, 0.26, 1019, 23168, 0.28, 1019, 23168, 0.29
e_117, 32764, 304790, 0.00, 32505, 303380, 0.03, 29455, 261485, 0.29, 20471, 124413, 2.16, 20471, 124413, 3.97, 20475, 124460, 5.37, 29427, 260947, 5.86, 29427, 260947, 6.54, 20474, 124447, 8.15, 29455, 261485, 8.61, 29455, 261485, 9.07, 29452, 261450, 9.58, 29452, 261450, 10.06
e_118, 32711, 240624, 0.00, 29866, 226347, 0.03, 21797, 134183, 0.52, 17359, 87646, 3.55, 17381, 87968, 5.70, 17565, 89745, 7.42, 20855, 123388, 8.46, 20852, 123363, 9.47, 17462, 88917, 10.48, 21779, 133971, 11.18, 21777, 133834, 11.76, 21611, 132526, 12.44, 21597, 132356, 13.40
e_119, 32751, 272707, 0.00, 31628, 266728, 0.03, 26485, 194384, 0.35, 21132, 123334, 2.85, 21133, 123353, 5.24, 21213, 124205, 6.81, 26005, 187341, 7.66, 26005, 187331, 8.38, 21191, 124013, 9.78, 26485, 194370, 10.39, 26477, 194307, 11.11, 26366, 193115, 11.93, 26366, 193114, 12.79
e_120, 2048, 28679, 0.00, 2038, 28635, 0.00, 2001, 25511, 0.01, 1822, 20930, 0.10, 1822, 20930, 0.21, 1823, 20977, 0.30, 1989, 25185, 0.34, 1989, 25185, 0.38, 1823, 20977, 0.45, 2001, 25511, 0.47, 2001, 25511, 0.49, 2001, 25499, 0.52, 2001, 25499, 0.55
e_121, 1024, 5480, 0.00, 525, 3412, 0.00, 515, 3295, 0.00, 515, 3292, 0.83, 515, 3293, 0.84, 515, 3295, 0.84, 515, 3295, 0.84, 515, 3295, 0.84, 515, 3295, 1.15, 515, 3293, 1.15, 515, 3294, 1.55, 515, 3295, 1.56, 515, 3295, 1.67
e_122, 32766, 305033, 0.00, 32563, 303900, 0.03, 29473, 262548, 0.34, 20399, 124974, 2.05, 20399, 124974, 4.27, 20406, 125082, 5.72, 29418, 261579, 6.28, 29418, 261579, 6.83, 20399, 125006, 8.25, 29473, 262548, 8.58, 29473, 262548, 8.97, 29473, 262525, 9.32, 29473, 262525, 9.70
e_123, 32735, 256256, 0.00, 30893, 247080, 0.03, 24661, 164765, 0.59, 19872, 108095, 3.17, 19876, 108147, 5.05, 20039, 109793, 6.70, 23989, 155736, 7.51, 23971, 155620, 8.27, 19975, 109200, 9.13, 24656, 164685, 9.58, 24650, 164594, 10.05, 24574, 163833, 10.65, 24580, 163886, 11.30
e_124, 32760, 288288, 0.00, 32156, 285096, 0.03, 28164, 226463, 0.32, 21596, 132639, 2.57, 21596, 132639, 4.52, 21643, 133201, 6.12, 27940, 222852, 7.01, 27940, 222852, 7.73, 21603, 132898, 8.75, 28164, 226463, 9.06, 28164, 226463, 9.38, 28145, 226176, 9.78, 28145, 226176, 10.20
e_125, 32759, 288748, 0.00, 32168, 285568, 0.03, 28018, 225376, 0.32, 21233, 129811, 2.24, 21233, 129812, 3.98, 21322, 130596, 5.42, 27861, 222532, 5.99, 27860, 222522, 6.76, 21297, 130392, 7.81, 28018, 225376, 8.24, 28018, 225376, 8.77, 28003, 225133, 9.34, 28003, 225132, 9.75
e_126, 32762, 288979, 0.00, 32235, 286024, 0.03, 28000, 226927, 0.49, 21306, 131754, 2.92, 21306, 131754, 5.31, 21335, 132119, 6.73, 27761, 223082, 7.73, 27760, 223064, 8.45, 21323, 132007, 9.62, 28000, 226927, 9.98, 28000, 226927, 10.34, 27971, 226561, 10.78, 27971, 226561, 11.26
e_127, 2046, 25492, 0.00, 2024, 25366, 0.00, 1975, 21042, 0.03, 1853, 18178, 0.20, 1853, 18342, 0.33, 1866, 18711, 0.40, 1941, 20085, 0.45, 1936, 19988, 0.50, 1854, 18451, 0.58, 1975, 20944, 0.62, 1975, 20741, 0.66, 1975, 21017, 0.69, 1967, 20936, 0.73
e_128, 32748, 272272, 0.00, 31638, 266518, 0.03, 26579, 194325, 0.45, 21130, 123661, 3.00, 21132, 123679, 4.91, 21243, 124965, 6.75, 26061, 187277, 7.45, 26057, 187248, 8.55, 21212, 124582, 9.54, 26579, 194324, 10.21, 26573, 194276, 10.94, 26505, 193588, 11.68, 26483, 193451, 12.26
e_129, 32732, 256665, 0.00, 30901, 247147, 0.04, 24068, 160887, 0.51, 19276, 104253, 3.70, 19291, 104451, 6.08, 19394, 105824, 8.47, 23244, 150843, 9.35, 23261, 150924, 10.22, 19323, 105166, 11.45, 24068, 160836, 12.03, 24064, 160763, 12.83, 23915, 159290, 13.75, 23908, 159236, 14.39
e_130, 32759, 272924, 0.00, 31590, 266651, 0.03, 26044, 191638, 0.39, 20256, 118730, 3.12, 20257, 118742, 6.07, 20330, 119516, 8.26, 25538, 183991, 9.06, 25551, 184191, 9.95, 20310, 119364, 11.44, 26044, 191630, 11.85, 26044, 191630, 12.39, 25944, 190594, 12.94, 25944, 190591, 13.53
e_131, 32719, 240240, 0.00, 29886, 226224, 0.03, 21915, 135119, 0.46, 17707, 90989, 4.13, 17745, 91255, 7.38, 18022, 93626, 9.04, 21064, 125148, 10.50, 21049, 125070, 11.42, 17855, 92695, 12.42, 21869, 134723, 13.05, 21865, 134638, 13.92, 21753, 133594, 14.67, 21749, 133537, 15.29
e_132, 2048, 31866, 0.00, 1233, 12588, 0.01, 1233, 12588, 0.03, 1233, 12588, 0.04, 1233, 12588, 0.06, 1233, 12588, 0.07, 1233, 12588, 0.08, 1233, 12588, 0.09, 1233, 12588, 0.10, 1233, 12588, 0.12, 1233, 12588, 0.13, 1233, 12588, 0.14, 1233, 12588, 0.15
e_133, 2046, 22332, 0.00, 1933, 21704, 0.00, 1805, 17946, 0.04, 1679, 14973, 1.25, 1721, 16455, 1.49, 1734, 16820, 1.62, 1756, 17082, 1.73, 1744, 16907, 1.88, 1708, 16398, 2.06, 1805, 17876, 2.15, 1794, 17177, 2.66, 1805, 17916, 2.71, 1794, 17776, 2.88
e_134, 32741, 256870, 0.00, 30849, 246884, 0.03, 23914, 160821, 0.66, 18940, 104135, 3.92, 18946, 104220, 6.06, 19036, 105284, 8.19, 23153, 151037, 9.45, 23134, 150897, 10.35, 18982, 104868, 11.27, 23910, 160788, 11.75, 23910, 160763, 12.23, 23752, 159271, 12.80, 23752, 159266, 13.41
e_135, 32716, 240816, 0.00, 29867, 226939, 0.03, 21426, 132930, 0.83, 16901, 87088, 4.58, 16912, 87256, 7.52, 17087, 88867, 9.24, 20463, 122114, 10.24, 20458, 122068, 11.26, 16975, 88060, 12.71, 21405, 132609, 13.61, 21393, 132437, 14.57, 21186, 130970, 15.35, 21180, 130910, 16.13
e_136, 65532, 288528, 0.00, 61731, 268040, 0.07, 25763, 93371, 0.69, 17309, 53146, 2.51, 17309, 53146, 3.65, 17733, 54339, 4.42, 25763, 93371, 4.83, 25763, 93371, 5.31, 17733, 54339, 6.51, 25763, 93371, 6.92, 25763, 93371, 7.33, 25756, 93349, 7.76, 25756, 93349, 8.21
e_137, 2048, 7003, 0.00, 640, 3188, 0.00, 637, 3139, 0.00, 636, 3121, 0.50, 637, 3139, 0.51, 637, 3139, 0.51, 637, 3139, 0.51, 637, 3139, 0.52, 637, 3139, 0.73, 637, 3139, 0.74, 636, 3121, 0.88, 637, 3139, 0.89, 637, 3139, 0.94
e_138, 65530, 273310, 0.00, 56569, 229701, 0.05, 14074, 44775, 0.32, 11063, 31280, 0.87, 11063, 31280, 1.52, 11063, 31280, 2.00, 14040, 44660, 2.34, 14040, 44660, 2.67, 11063, 31280, 3.14, 14074, 44775, 3.42, 14074, 44775, 3.70, 14074, 44774, 4.07, 14074, 44774, 4.53
e_139, 65535, 288492, 0.00, 61700, 267847, 0.05, 25698, 93357, 0.45, 17765, 55178, 1.55, 17765, 55178, 2.62, 17765, 55178, 4.08, 25698, 93357, 4.70, 25698, 93357, 5.29, 17765, 55178, 6.74, 25698, 93357, 7.38, 25698, 93357, 7.87, 25698, 93357, 8.26, 25698, 93357, 8.66
e_140, 65522, 273600, 0.00, 56347, 228891, 0.05, 14901, 47577, 0.32, 11297, 31607, 0.95, 11297, 31607, 1.51, 11297, 31607, 2.14, 14900, 47571, 2.52, 14900, 47571, 2.98, 11297, 31607, 3.78, 14901, 47577, 4.21, 14901, 47577, 4.66, 14901, 47577, 5.08, 14901, 47577, 5.52
e_141, 65536, 303686, 0.00, 29924, 105026, 0.27, 29906, 104938, 0.44, 29810, 104540, 0.75, 29903, 104924, 1.10, 29857, 104722, 1.41, 29805, 104556, 1.70, 29751, 104290, 2.00, 29778, 104438, 2.23, 29832, 104652, 2.41, 29748, 104336, 2.61, 29855, 104698, 2.79, 29815, 104596, 3.06
e_142, 65527, 273337, 0.00, 56843, 230657, 0.07, 13916, 44077, 0.53, 10809, 30244, 1.18, 10809, 30244, 1.84, 10809, 30244, 2.61, 13894, 43998, 3.10, 13894, 43998, 3.46, 10809, 30244, 4.04, 13916, 44077, 4.52, 13916, 44077, 4.99, 13916, 44076, 5.32, 13916, 44076, 5.65
e_143, 65536, 303696, 0.00, 29059, 100990, 0.31, 29004, 100762, 0.48, 28983, 100670, 0.77, 28890, 100390, 0.97, 29025, 100848, 1.14, 29029, 100898, 1.31, 29007, 100770, 1.48, 29053, 100970, 1.67, 28884, 100314, 1.84, 28990, 100758, 2.02, 28961, 100608, 2.18, 29021, 100816, 2.35
e_144, 65536, 303996, 0.00, 29782, 104586, 0.28, 29717, 104298, 0.46, 29674, 104156, 0.94, 29717, 104316, 1.29, 29676, 104176, 1.54, 29609, 103854, 1.73, 29691, 104178, 1.92, 29625, 103956, 2.14, 29719, 104320, 2.33, 29642, 103988, 2.54, 29766, 104516, 2.72, 29624, 103932, 2.95
e_145, 2048, 27086, 0.00, 2037, 27060, 0.00, 1994, 23196, 0.02, 1862, 20171, 0.13, 1862, 20191, 0.21, 1862, 20216, 0.27, 1969, 22555, 0.30, 1968, 22523, 0.33, 1862, 20216, 0.39, 1994, 23178, 0.41, 1994, 23160, 0.44, 1994, 23178, 0.47, 1994, 23176, 0.50
e_146, 65532, 288796, 0.00, 61761, 268581, 0.05, 26036, 94451, 0.44, 17413, 53134, 2.06, 17413, 53134, 3.47, 17413, 53134, 4.43, 26036, 94451, 4.98, 26036, 94451, 5.51, 17413, 53134, 6.47, 26036, 94451, 7.09, 26036, 94451, 7.57, 26036, 94451, 8.16, 26036, 94451, 8.64
e_147, 1024, 25052, 0.00, 721, 12910, 0.01, 721, 12910, 0.02, 721, 12910, 0.04, 721, 12910, 0.06, 721, 12910, 0.07, 721, 12910, 0.08, 721, 12910, 0.09, 721, 12910, 0.10, 721, 12910, 0.12, 721, 12910, 0.13, 721, 12910, 0.14, 721, 12910, 0.15
e_148, 2048, 25737, 0.00, 2010, 25512, 0.00, 1921, 21214, 0.04, 1800, 18478, 0.35, 1806, 18901, 0.61, 1826, 19314, 0.72, 1873, 20138, 0.79, 1864, 20044, 0.88, 1804, 18941, 0.99, 1918, 21047, 1.07, 1904, 20517, 1.14, 1921, 21183, 1.21, 1915, 21094, 1.26
e_149, 1024, 3624, 0.00, 400, 1987, 0.00, 392, 1921, 0.00, 389, 1903, 5.45, 392, 1921, 5.45, 392, 1921, 5.45, 392, 1921, 5.45, 392, 1921, 5.48, 392, 1921, 7.63, 392, 1921, 7.63, 389, 1903, 9.01, 392, 1921, 9.01, 392, 1921, 10.01
e_150, 1024, 22042, 0.00, 1024, 22042, 0.00, 1018, 20063, 0.02, 970, 18353, 0.10, 970, 18373, 0.16, 973, 18523, 0.20, 1013, 19859, 0.22, 1013, 19859, 0.24, 971, 18446, 0.31, 1018, 20051, 0.33, 1018, 20023, 0.35, 1018, 20058, 0.36, 1018, 20056, 0.39
e_151, 65534, 653240, 0.00, 65153, 651037, 0.06, 61127, 581170, 0.78, 44733, 305187, 7.55, 44733, 305187, 12.79, 44741, 305356, 17.92, 61023, 579113, 19.37, 61023, 579113, 20.80, 44737, 305299, 23.74, 61127, 581170, 24.43, 61127, 581170, 25.59, 61123, 581061, 26.70, 61123, 581060, 27.94
e_152, 65531, 618237, 0.00, 64757, 613941, 0.07, 59136, 508459, 0.93, 46916, 316924, 6.72, 46917, 316948, 12.04, 46966, 317818, 16.63, 58619, 499486, 18.53, 58618, 499468, 20.29, 46930, 317501, 22.90, 59136, 508459, 23.67, 59136, 508459, 24.50, 59104, 507838, 26.08, 59104, 507834, 27.56
e_153, 2043, 22306, 0.00, 1971, 21826, 0.00, 1881, 18161, 0.04, 1770, 15612, 0.62, 1794, 16789, 0.82, 1812, 17102, 0.92, 1825, 17351, 1.00, 1817, 17207, 1.07, 1787, 16676, 1.16, 1881, 18096, 1.21, 1863, 17154, 1.34, 1875, 18077, 1.39, 1872, 18060, 1.50
e_154, 65536, 653641, 0.00, 65157, 651490, 0.06, 61101, 582135, 0.66, 44975, 308997, 7.74, 44975, 308997, 12.83, 44985, 309178, 17.49, 60948, 579420, 19.35, 60948, 579420, 21.51, 44982, 309143, 25.28, 61101, 582135, 25.94, 61101, 582135, 26.77, 61101, 582074, 27.52, 61101, 582074, 28.65
e_155, 65529, 619239, 0.00, 64752, 614915, 0.06, 58984, 508011, 0.73, 47071, 320780, 6.72, 47074, 320816, 13.50, 47164, 322188, 17.55, 58538, 500534, 19.25, 58538, 500528, 21.43, 47137, 321782, 24.13, 58984, 508010, 24.94, 58984, 508010, 25.79, 58959, 507537, 26.82, 58959, 507538, 28.18
e_156, 65522, 584478, 0.00, 63837, 575281, 0.06, 56009, 438565, 1.32, 45733, 293499, 10.05, 45734, 293530, 15.71, 45853, 295267, 19.98, 55060, 423981, 22.12, 55056, 423903, 24.64, 45808, 294759, 27.41, 56009, 438549, 28.55, 56009, 438537, 29.73, 55892, 437143, 31.40, 55892, 437134, 33.08
e_157, 65536, 652583, 0.00, 65181, 650588, 0.06, 61067, 579859, 0.61, 44909, 306105, 5.67, 44909, 306105, 9.56, 44914, 306222, 13.04, 60937, 577430, 14.37, 60936, 577420, 15.81, 44910, 306164, 18.85, 61067, 579859, 19.82, 61067, 579859, 20.83, 61067, 579803, 21.89, 61067, 579803, 23.01
e_158, 65521, 584837, 0.00, 63834, 575553, 0.06, 55990, 440213, 1.00, 45911, 298034, 9.25, 45936, 298230, 15.69, 46049, 299954, 21.02, 55007, 425206, 22.91, 54996, 425119, 25.41, 45974, 299235, 29.41, 55990, 440203, 30.49, 55975, 440089, 32.11, 55865, 438678, 33.73, 55859, 438590, 35.30
e_159, 65503, 550097, 0.00, 62512, 534038, 0.06, 52301, 374322, 1.15, 43177, 257964, 10.89, 43182, 258132, 19.26, 43442, 261517, 24.77, 50738, 352539, 27.55, 50726, 352391, 31.00, 43339, 260311, 34.02, 52296, 374160, 36.05, 52289, 373995, 37.86, 52066, 371522, 39.63, 52067, 371532, 41.11
e_160, 2048, 32172, 0.00, 1271, 12870, 0.02, 1271, 12870, 0.03, 1271, 12870, 0.05, 1271, 12870, 0.07, 1271, 12870, 0.08, 1271, 12870, 0.09, 1271, 12870, 0.10, 1271, 12870, 0.11, 1271, 12870, 0.12, 1271, 12870, 0.14, 1271, 12870, 0.15, 1271, 12870, 0.16
e_161, 2048, 28713, 0.00, 2042, 28658, 0.00, 1987, 25450, 0.02, 1815, 21206, 0.12, 1815, 21208, 0.19, 1816, 21251, 0.24, 1970, 24986, 0.28, 1970, 24986, 0.32, 1815, 21218, 0.37, 1987, 25447, 0.40, 1987, 25445, 0.42, 1987, 25444, 0.44, 1987, 25444, 0.46
e_162, 131066, 573836, 0.00, 123407, 533092, 0.15, 48574, 174279, 1.11, 33641, 102880, 4.63, 33641, 102880, 8.14, 33641, 102880, 11.60, 48574, 174279, 12.70, 48574, 174279, 13.73, 33641, 102880, 16.91, 48574, 174279, 17.87, 48574, 174279, 18.84, 48574, 174279, 19.75, 48574, 174279, 20.69
e_163, 131067, 574081, 0.00, 123088, 530853, 0.10, 49103, 175843, 1.31, 35070, 106913, 3.82, 35070, 106913, 7.06, 35070, 106913, 9.71, 49102, 175835, 11.02, 49102, 175835, 12.73, 35070, 106913, 15.85, 49103, 175843, 17.63, 49103, 175843, 19.23, 49103, 175843, 20.86, 49103, 175843, 22.64
e_164, 65497, 549544, 0.00, 62806, 534981, 0.06, 52341, 373712, 1.11, 43635, 261970, 11.69, 43665, 262327, 20.09, 43956, 265790, 25.16, 50877, 352993, 27.52, 50867, 352888, 29.75, 43806, 264386, 32.52, 52337, 373587, 34.42, 52325, 373356, 35.88, 52174, 371524, 37.30, 52174, 371485, 38.98
e_165, 131072, 603932, 0.00, 56616, 196120, 0.67, 56411, 195288, 1.04, 56505, 195654, 1.69, 56524, 195752, 2.18, 56334, 194998, 2.86, 56472, 195544, 3.50, 56441, 195452, 3.92, 56281, 194734, 4.41, 56415, 195390, 4.82, 56480, 195602, 5.33, 56401, 195332, 5.86, 56514, 195724, 6.37
e_166, 65519, 583890, 0.00, 63962, 575286, 0.09, 56092, 438456, 1.46, 46416, 298453, 10.08, 46449, 298728, 16.54, 46558, 300550, 21.11, 55139, 423854, 23.42, 55138, 423838, 26.68, 46498, 299880, 30.04, 56092, 438442, 31.51, 56092, 438423, 32.68, 55991, 437141, 34.06, 55991, 437143, 35.62
e_167, 1024, 5487, 0.00, 563, 3546, 0.00, 563, 3527, 0.00, 563, 3526, 1.33, 563, 3527, 1.34, 563, 3527, 1.34, 563, 3527, 1.34, 563, 3527, 1.34, 563, 3527, 2.07, 563, 3527, 2.07, 563, 3526, 2.50, 563, 3527, 2.50, 563, 3527, 2.56
e_168, 65502, 550435, 0.00, 62564, 534652, 0.09, 52174, 374537, 1.41, 43439, 263785, 12.48, 43459, 264138, 20.25, 43718, 267154, 25.99, 50615, 353567, 28.50, 50596, 353446, 31.72, 43613, 266154, 35.01, 52160, 374342, 36.62, 52155, 374183, 38.56, 51797, 371056, 40.77, 51796, 371014, 42.68
e_169, 131072, 604300, 0.00, 55535, 191578, 0.58, 55190, 190254, 0.91, 55254, 190570, 1.60, 55203, 190366, 2.24, 55438, 191210, 2.77, 55090, 189880, 3.33, 55218, 190468, 3.73, 55483, 191362, 4.15, 55388, 191024, 4.56, 55355, 190882, 4.92, 55270, 190626, 5.44, 55328, 190770, 5.99
e_170, 131063, 573737, 0.00, 123213, 531438, 0.10, 48226, 172342, 1.36, 34282, 104389, 4.42, 34282, 104389, 6.63, 34282, 104389, 9.29, 48226, 172342, 10.75, 48226, 172342, 12.34, 34282, 104389, 14.88, 48226, 172342, 16.29, 48226, 172342, 18.04, 48226, 172342, 19.43, 48226, 172342, 21.21
e_171, 131072, 604042, 0.00, 54691, 187552, 0.53, 54440, 186640, 0.86, 54497, 186868, 1.43, 54487, 186884, 2.02, 54555, 187000, 2.60, 54523, 186938, 3.08, 54537, 186956, 3.45, 54380, 186390, 4.09, 54486, 186774, 4.50, 54452, 186690, 4.86, 54490, 186844, 5.21, 54473, 186716, 5.57
e_172, 4096, 67676, 0.00, 4091, 67650, 0.00, 4027, 63480, 0.03, 3540, 49143, 0.20, 3540, 49143, 0.35, 3540, 49150, 0.49, 4012, 63171, 0.54, 4012, 63171, 0.59, 3540, 49150, 0.72, 4027, 63480, 0.74, 4027, 63480, 0.79, 4020, 63389, 0.86, 4020, 63388, 0.93
e_173, 1024, 23175, 0.00, 1024, 23175, 0.00, 1017, 21012, 0.01, 992, 19959, 0.07, 992, 19980, 0.10, 992, 20005, 0.12, 1011, 20764, 0.14, 1011, 20764, 0.15, 992, 20005, 0.19, 1017, 20999, 0.20, 1017, 20983, 0.21, 1017, 20999, 0.23, 1017, 20999, 0.24
e_174, 1010, 2048, 0.00, 236, 868, 0.00, 235, 870, 0.00, 235, 870, 0.41, 235, 870, 0.41, 235, 870, 0.41, 235, 870, 0.41, 235, 870, 0.42, 235, 870, 0.61, 235, 870, 0.61, 235, 870, 0.65, 235, 870, 0.65, 235, 870, 0.89
e_175, 2043, 22520, 0.00, 1962, 22087, 0.00, 1839, 18320, 0.04, 1683, 14974, 0.63, 1705, 16147, 0.81, 1728, 16537, 0.91, 1760, 17132, 1.00, 1742, 16905, 1.12, 1698, 16076, 1.27, 1834, 18236, 1.33, 1795, 16797, 1.48, 1831, 18265, 1.53, 1815, 18042, 1.74
e_176, 4096, 66372, 0.00, 4096, 66372, 0.00, 4043, 62465, 0.02, 3617, 49798, 0.21, 3617, 49798, 0.47, 3617, 49807, 0.70, 4029, 62073, 0.76, 4029, 62073, 0.81, 3617, 49807, 0.93, 4043, 62465, 0.95, 4043, 62465, 0.98, 4043, 62455, 1.01, 4043, 62455, 1.04
e_177, 32766, 320320, 0.00, 15212, 78752, 0.29, 15212, 78752, 0.45, 15212, 78752, 0.69, 15212, 78752, 0.97, 15212, 78752, 1.24, 15212, 78752, 1.49, 15212, 78752, 1.75, 15212, 78752, 2.03, 15212, 78752, 2.29, 15212, 78752, 2.56, 15212, 78752, 2.81, 15212, 78752, 2.98
e_178, 4096, 66408, 0.00, 4096, 66408, 0.00, 4059, 62771, 0.03, 3562, 47917, 0.26, 3562, 47917, 0.49, 3562, 47925, 0.70, 4045, 62372, 0.81, 4045, 62372, 0.89, 3562, 47925, 1.05, 4059, 62771, 1.11, 4059, 62771, 1.16, 4059, 62763, 1.22, 4059, 62763, 1.28
e_179, 2048, 27346, 0.00, 2027, 27248, 0.00, 1976, 23241, 0.03, 1864, 20693, 0.14, 1864, 20699, 0.22, 1866, 20782, 0.32, 1943, 22456, 0.36, 1942, 22432, 0.41, 1865, 20758, 0.46, 1976, 23223, 0.49, 1976, 23209, 0.52, 1972, 23162, 0.55, 1972, 23163, 0.58
e_180, 32765, 320832, 0.00, 14949, 77906, 0.25, 14949, 77906, 0.41, 14949, 77906, 0.64, 14949, 77906, 0.90, 14949, 77906, 1.16, 14949, 77906, 1.36, 14949, 77906, 1.52, 14949, 77906, 1.70, 14949, 77906, 1.86, 14949, 77906, 2.02, 14949, 77906, 2.18, 14949, 77906, 2.34
e_181, 32767, 321088, 0.00, 15090, 78324, 0.25, 15090, 78324, 0.40, 15090, 78324, 0.63, 15090, 78324, 0.81, 15090, 78324, 0.96, 15085, 78298, 1.12, 15090, 78324, 1.27, 15090, 78324, 1.44, 15090, 78324, 1.61, 15090, 78324, 1.86, 15090, 78324, 2.10, 15090, 78324, 2.34
e_182, 1002, 2048, 0.00, 240, 877, 0.00, 240, 876, 0.00, 240, 876, 0.08, 240, 876, 0.08, 240, 876, 0.08, 240, 876, 0.08, 240, 876, 0.08, 240, 876, 0.11, 240, 876, 0.11, 240, 876, 0.12, 240, 876, 0.12, 240, 876, 0.16
e_183, 1024, 5471, 0.00, 549, 3678, 0.00, 548, 3650, 0.00, 548, 3636, 5.36, 548, 3650, 5.37, 548, 3650, 5.37, 548, 3650, 5.37, 548, 3650, 5.38, 548, 3650, 8.09, 548, 3650, 8.10, 548, 3636, 9.90, 548, 3650, 9.90, 548, 3650, 10.34
e_184, 131065, 1315170, 0.00, 129909, 1308043, 0.12, 121996, 1113877, 1.58, 100715, 746203, 20.72, 100723, 746277, 34.76, 100864, 748579, 48.77, 120965, 1094162, 54.43, 120969, 1094202, 60.26, 100830, 748022, 69.59, 121996, 1113865, 72.13, 121996, 1113860, 74.87, 121926, 1112703, 77.65, 121922, 1112652, 81.53
e_185, 4096, 62879, 0.00, 4090, 62825, 0.00, 4016, 56236, 0.04, 3764, 49129, 0.23, 3764, 49131, 0.38, 3765, 49184, 0.49, 3991, 55460, 0.55, 3991, 55460, 0.60, 3765, 49184, 0.69, 4016, 56236, 0.73, 4016, 56234, 0.78, 4016, 56214, 0.82, 4016, 56214, 0.88
e_186, 2047, 23928, 0.00, 1973, 23543, 0.00, 1845, 19433, 0.04, 1733, 16698, 0.60, 1746, 17631, 0.85, 1770, 18164, 0.95, 1790, 18485, 1.02, 1783, 18346, 1.10, 1737, 17528, 1.32, 1845, 19354, 1.41, 1838, 18539, 1.63, 1829, 19283, 1.72, 1824, 19195, 1.87
e_187, 1024, 3632, 0.00, 427, 2073, 0.00, 424, 2012, 0.00, 424, 2010, 0.94, 424, 2012, 0.94, 424, 2012, 0.94, 424, 2012, 0.94, 424, 2012, 0.95, 424, 2012, 1.24, 424, 2012, 1.24, 424, 2010, 1.44, 424, 2012, 1.44, 424, 2012, 1.53
e_188, 4096, 62913, 0.00, 4092, 62899, 0.00, 4053, 56642, 0.04, 3777, 49284, 0.27, 3777, 49284, 0.47, 3782, 49368, 0.63, 4018, 55781, 0.70, 4017, 55765, 0.77, 3782, 49368, 0.89, 4053, 56639, 0.93, 4053, 56639, 0.98, 4053, 56627, 1.03, 4053, 56627, 1.07
e_189, 999, 2048, 0.00, 243, 855, 0.00, 243, 855, 0.00, 243, 855, 0.04, 243, 855, 0.04, 243, 855, 0.04, 243, 855, 0.04, 243, 855, 0.04, 243, 855, 0.06, 243, 855, 0.06, 243, 855, 0.06, 243, 855, 0.06, 243, 855, 0.07
e_190, 2048, 7005, 0.00, 649, 3189, 0.00, 647, 3155, 0.00, 646, 3140, 0.41, 647, 3155, 0.41, 647, 3155, 0.41, 647, 3155, 0.41, 647, 3155, 0.42, 647, 3155, 0.64, 647, 3155, 0.65, 646, 3140, 0.84, 647, 3155, 0.85, 647, 3155, 0.91
e_191, 2005, 4143, 0.00, 511, 1871, 0.00, 511, 1871, 0.00, 511, 1871, 0.03, 511, 1871, 0.03, 511, 1871, 0.03, 511, 1871, 0.03, 511, 1871, 0.03, 511, 1871, 0.04, 511, 1871, 0.04, 511, 1871, 0.05, 511, 1871, 0.05, 511, 1871, 0.06
e_192, 2048, 7307, 0.00, 812, 4093, 0.00, 812, 4084, 0.00, 812, 4080, 0.10, 812, 4084, 0.10, 812, 4084, 0.10, 812, 4084, 0.10, 812, 4084, 0.10, 812, 4084, 0.14, 812, 4084, 0.14, 812, 4080, 0.18, 812, 4084, 0.18, 812, 4084, 0.19
e_193, 1024, 17144, 0.00, 1005, 17001, 0.00, 994, 15983, 0.01, 985, 15639, 0.25, 986, 15815, 0.30, 987, 15844, 0.33, 990, 15886, 0.35, 992, 15939, 0.38, 988, 15873, 0.43, 994, 15980, 0.45, 994, 15822, 0.60, 994, 15980, 0.62, 994, 15982, 0.67
e_194, 2048, 15440, 0.00, 1522, 13090, 0.00, 1522, 13055, 0.01, 1522, 13052, 0.36, 1522, 13055, 0.38, 1522, 13055, 0.39, 1522, 13055, 0.40, 1522, 13055, 0.42, 1522, 13055, 0.62, 1522, 13055, 0.64, 1522, 13052, 0.85, 1522, 13055, 0.86, 1522, 13055, 0.89
e_195, 1024, 32768, 0.00, 1024, 32768, 0.00, 1024, 32768, 0.01, 1024, 32768, 0.09, 1024, 32768, 0.12, 1024, 32768, 0.12, 1024, 32768, 0.14, 1024, 32768, 0.14, 1024, 32768, 0.18, 1024, 32768, 0.20, 1024, 32768, 0.22, 1024, 32768, 0.23, 1024, 32768, 0.26
e_196, 1024, 16384, 0.00, 1024, 16384, 0.00, 1024, 16384, 0.01, 1024, 16384, 0.07, 1024, 16384, 0.08, 1024, 16384, 0.08, 1024, 16384, 0.09, 1024, 16384, 0.09, 1024, 16384, 0.12, 1024, 16384, 0.13, 1024, 16384, 0.15, 1024, 16384, 0.15, 1024, 16384, 0.17
e_197, 4096, 93346, 0.00, 4085, 93276, 0.01, 4078, 90123, 0.13, 4071, 89394, 2.80, 4071, 89828, 3.15, 4072, 89892, 3.33, 4074, 89929, 3.51, 4076, 90025, 3.70, 4073, 89928, 3.98, 4078, 90119, 4.16, 4078, 89679, 5.68, 4078, 90123, 5.76, 4078, 90123, 6.08
e_198, 8192, 230662, 0.00, 8192, 230662, 0.01, 8182, 219681, 0.20, 8150, 217112, 2.94, 8156, 218605, 3.87, 8159, 218839, 4.43, 8169, 219070, 4.81, 8168, 219052, 5.19, 8152, 218602, 5.82, 8182, 219630, 6.13, 8180, 218301, 7.02, 8182, 219680, 7.25, 8182, 219681, 7.56
e_199, 16384, 559996, 0.00, 16384, 559996, 0.02, 16384, 533425, 0.20, 16154, 519032, 2.20, 16154, 519037, 3.69, 16156, 519164, 5.05, 16354, 531655, 5.51, 16354, 531655, 5.96, 16155, 519117, 7.72, 16384, 533412, 8.16, 16384, 533407, 8.47, 16384, 533397, 8.76, 16384, 533397, 9.21
e_200, 32767, 503421, 0.00, 32464, 500904, 0.06, 32302, 470067, 0.91, 32136, 461679, 15.76, 32168, 466578, 20.83, 32202, 467605, 23.22, 32210, 467793, 24.79, 32225, 468209, 26.74, 32188, 467215, 29.66, 32296, 469808, 30.91, 32279, 465494, 33.78, 32302, 470023, 34.69, 32295, 469975, 35.99
h_001, 1014, 2103, 0.00, 260, 929, 0.00, 260, 929, 0.00, 260, 928, 0.03, 260, 929, 0.03, 260, 929, 0.03, 260, 929, 0.03, 260, 929, 0.03, 260, 929, 0.04, 260, 929, 0.04, 260, 928, 0.05, 260, 929, 0.05, 260, 929, 0.05
h_002, 1024, 3473, 0.00, 302, 1516, 0.00, 300, 1492, 0.00, 289, 1411, 101.85, 300, 1492, 101.85, 300, 1492, 101.85, 300, 1492, 101.85, 293, 1457, 101.89, 293, 1457, 113.65, 300, 1492, 113.65, 289, 1411, 116.95, 300, 1492, 116.95, 300, 1492, 139.90
h_003, 1024, 3480, 0.00, 296, 1379, 0.00, 292, 1349, 0.00, 291, 1330, 8.17, 292, 1349, 8.17, 292, 1349, 8.17, 292, 1349, 8.17, 292, 1349, 8.17, 292, 1349, 11.12, 292, 1349, 11.12, 291, 1330, 12.82, 292, 1349, 12.82, 292, 1349, 14.96
h_004, 1024, 3624, 0.00, 400, 1987, 0.00, 392, 1921, 0.00, 389, 1903, 5.47, 392, 1921, 5.47, 392, 1921, 5.48, 392, 1921, 5.48, 392, 1921, 5.53, 392, 1921, 8.21, 392, 1921, 8.21, 389, 1903, 9.52, 392, 1921, 9.52, 392, 1921, 10.74
h_005, 843, 3995, 0.00, 794, 3896, 0.00, 159, 567, 0.00, 159, 567, 80.70, 159, 567, 80.70, 159, 567, 80.71, 159, 567, 80.71, 159, 567, 80.97, 159, 567, 88.81, 159, 567, 88.81, 159, 567, 89.10, 159, 567, 89.10, 159, 567, 160.66
h_006, 2002, 4096, 0.00, 483, 1723, 0.00, 482, 1719, 0.00, 482, 1719, 0.02, 482, 1719, 0.02, 482, 1719, 0.02, 482, 1719, 0.02, 482, 1719, 0.03, 482, 1719, 0.03, 482, 1719, 0.03, 482, 1719, 0.04, 482, 1719, 0.04, 482, 1719, 0.04
h_007, 2001, 4096, 0.00, 458, 1667, 0.00, 458, 1667, 0.00, 458, 1667, 0.02, 458, 1667, 0.02, 458, 1667, 0.03, 458, 1667, 0.03, 458, 1667, 0.03, 458, 1667, 0.04, 458, 1667, 0.04, 458, 1667, 0.04, 458, 1667, 0.05, 458, 1667, 0.05
h_008, 1024, 5222, 0.00, 333, 2129, 0.00, 331, 2083, 0.00, 320, 1891, 179.61, 331, 2083, 179.62, 331, 2083, 179.62, 331, 2083, 179.62, 331, 2083, 179.63, 331, 2083, 202.98, 331, 2083, 202.99, 320, 1893, 212.39, 331, 2083, 212.39, 326, 2066, 317.13
h_009, 1024, 5231, 0.00, 342, 2218, 0.00, 342, 2126, 0.00, 333, 1968, 249.09, 342, 2126, 249.09, 342, 2126, 249.09, 342, 2126, 249.09, 342, 2126, 250.14, 342, 2126, 303.71, 342, 2126, 303.72, 333, 1967, 324.02, 342, 2126, 324.02, 340, 2122, 468.56
h_010, 1024, 5471, 0.00, 549, 3678, 0.00, 548, 3650, 0.00, 548, 3636, 4.89, 548, 3650, 4.89, 548, 3650, 4.89, 548, 3650, 4.89, 548, 3650, 4.90, 548, 3650, 7.09, 548, 3650, 7.09, 548, 3636, 9.60, 548, 3650, 9.60, 548, 3650, 10.26
h_011, 1024, 5480, 0.00, 525, 3412, 0.00, 515, 3295, 0.00, 515, 3292, 1.10, 515, 3293, 1.11, 515, 3295, 1.11, 515, 3295, 1.11, 515, 3295, 1.11, 515, 3295, 1.41, 515, 3293, 1.41, 515, 3294, 1.78, 515, 3295, 1.78, 515, 3295, 1.88
h_012, 1024, 5487, 0.00, 563, 3546, 0.00, 563, 3527, 0.00, 563, 3526, 1.17, 563, 3527, 1.17, 563, 3527, 1.17, 563, 3527, 1.18, 563, 3527, 1.18, 563, 3527, 1.81, 563, 3527, 1.81, 563, 3526, 2.26, 563, 3527, 2.27, 563, 3527, 2.33
h_013, 2033, 5216, 0.00, 909, 3416, 0.00, 909, 3415, 0.00, 909, 3415, 0.03, 909, 3415, 0.04, 909, 3415, 0.04, 909, 3415, 0.04, 909, 3415, 0.04, 909, 3415, 0.06, 909, 3415, 0.06, 909, 3415, 0.07, 909, 3415, 0.07, 909, 3415, 0.08
h_014, 2029, 5219, 0.00, 884, 3309, 0.00, 884, 3309, 0.00, 884, 3309, 0.03, 884, 3309, 0.03, 884, 3309, 0.04, 884, 3309, 0.04, 884, 3309, 0.04, 884, 3309, 0.05, 884, 3309, 0.05, 884, 3309, 0.06, 884, 3309, 0.06, 884, 3309, 0.07
h_015, 2048, 7005, 0.00, 649, 3189, 0.00, 647, 3155, 0.00, 646, 3140, 0.49, 647, 3155, 0.50, 647, 3155, 0.51, 647, 3155, 0.51, 647, 3155, 0.51, 647, 3155, 0.77, 647, 3155, 0.77, 646, 3140, 0.94, 647, 3155, 0.94, 647, 3155, 0.98
h_016, 2048, 7307, 0.00, 812, 4093, 0.00, 812, 4084, 0.00, 812, 4080, 0.10, 812, 4084, 0.11, 812, 4084, 0.11, 812, 4084, 0.12, 812, 4084, 0.12, 812, 4084, 0.18, 812, 4084, 0.19, 812, 4080, 0.24, 812, 4084, 0.24, 812, 4084, 0.26
h_017, 1024, 9737, 0.00, 849, 8652, 0.00, 849, 8620, 0.00, 849, 8620, 0.22, 849, 8620, 0.23, 849, 8620, 0.23, 849, 8620, 0.23, 849, 8620, 0.24, 849, 8620, 0.38, 849, 8620, 0.39, 849, 8620, 0.44, 849, 8620, 0.44, 849, 8620, 0.46
h_018, 1974, 9003, 0.00, 1813, 8747, 0.00, 494, 1787, 0.00, 494, 1787, 0.02, 494, 1787, 0.03, 494, 1787, 0.03, 494, 1787, 0.03, 494, 1787, 0.03, 494, 1787, 0.04, 494, 1787, 0.05, 494, 1787, 0.05, 494, 1787, 0.06, 494, 1787, 0.06
h_019, 1024, 10284, 0.00, 780, 8163, 0.00, 780, 8091, 0.01, 780, 8085, 0.64, 780, 8091, 0.65, 780, 8091, 0.66, 780, 8091, 0.67, 780, 8091, 0.68, 780, 8091, 1.11, 780, 8091, 1.13, 780, 8085, 1.49, 780, 8091, 1.50, 780, 8091, 1.55
h_020, 1024, 10743, 0.00, 916, 9908, 0.00, 916, 9887, 0.01, 916, 9883, 0.27, 916, 9887, 0.29, 916, 9887, 0.29, 916, 9887, 0.30, 916, 9887, 0.31, 916, 9887, 0.48, 916, 9887, 0.49, 916, 9883, 0.64, 916, 9887, 0.64, 916, 9887, 0.67
h_021, 2048, 10573, 0.00, 759, 5001, 0.00, 754, 4916, 0.01, 745, 4573, 0.48, 754, 4916, 0.48, 754, 4916, 0.49, 754, 4916, 0.49, 754, 4916, 0.50, 754, 4916, 0.66, 754, 4916, 0.67, 745, 4573, 1.03, 754, 4916, 1.03, 753, 4916, 1.07
h_022, 2048, 10584, 0.00, 744, 4739, 0.00, 743, 4687, 0.00, 743, 4671, 3.00, 743, 4687, 3.01, 743, 4687, 3.01, 743, 4687, 3.01, 743, 4687, 3.02, 743, 4687, 4.45, 743, 4687, 4.46, 743, 4671, 5.66, 743, 4687, 5.67, 743, 4687, 6.02
h_023, 2048, 11098, 0.00, 1135, 7565, 0.00, 1135, 7543, 0.01, 1135, 7541, 0.19, 1135, 7543, 0.20, 1135, 7543, 0.20, 1135, 7543, 0.21, 1135, 7543, 0.21, 1135, 7543, 0.29, 1135, 7543, 0.30, 1135, 7541, 0.38, 1135, 7543, 0.38, 1135, 7543, 0.40
h_024, 2650, 12400, 0.00, 2491, 12136, 0.00, 582, 2107, 0.00, 582, 2107, 0.03, 582, 2107, 0.03, 582, 2107, 0.03, 582, 2107, 0.04, 582, 2107, 0.04, 582, 2107, 0.06, 582, 2107, 0.06, 582, 2107, 0.07, 582, 2107, 0.07, 582, 2107, 0.07
h_025, 1024, 15102, 0.00, 924, 14061, 0.00, 924, 14019, 0.01, 924, 14003, 146.04, 924, 14019, 146.06, 924, 14019, 146.06, 924, 14019, 146.07, 924, 14019, 146.07, 924, 14019, 235.04, 924, 14019, 235.06, 924, 14004, 281.43, 924, 14019, 281.44, 924, 14019, 289.12
h_026, 2048, 14725, 0.00, 1190, 10365, 0.00, 1190, 10333, 0.01, 1190, 10322, 0.41, 1190, 10333, 0.42, 1190, 10333, 0.42, 1190, 10333, 0.43, 1190, 10333, 0.44, 1190, 10333, 0.62, 1190, 10333, 0.63, 1190, 10322, 0.81, 1190, 10333, 0.81, 1190, 10333, 0.83
h_027, 2048, 14738, 0.00, 1173, 10012, 0.00, 1173, 9973, 0.01, 1173, 9970, 0.69, 1173, 9973, 0.70, 1173, 9973, 0.71, 1173, 9973, 0.72, 1173, 9973, 0.73, 1173, 9973, 1.16, 1173, 9973, 1.17, 1173, 9970, 1.47, 1173, 9973, 1.47, 1173, 9973, 1.50
h_028, 3588, 16698, 0.00, 3363, 16356, 0.00, 770, 2842, 0.01, 770, 2842, 0.04, 770, 2842, 0.04, 770, 2842, 0.05, 770, 2842, 0.06, 770, 2842, 0.06, 770, 2842, 0.08, 770, 2842, 0.08, 770, 2842, 0.09, 770, 2842, 0.10, 770, 2842, 0.11
h_029, 1024, 19861, 0.00, 980, 18927, 0.00, 980, 18849, 0.01, 980, 18835, 2.66, 980, 18849, 2.69, 980, 18849, 2.71, 980, 18849, 2.73, 980, 18849, 2.75, 980, 18849, 3.75, 980, 18849, 3.78, 980, 18835, 5.17, 980, 18849, 5.18, 980, 18849, 5.33
h_030, 2048, 18851, 0.00, 1437, 14851, 0.00, 1437, 14831, 0.01, 1437, 14796, 0.62, 1437, 14831, 0.65, 1437, 14831, 0.66, 1437, 14831, 0.67, 1437, 14831, 0.68, 1437, 14831, 1.03, 1437, 14831, 1.05, 1437, 14796, 1.39, 1437, 14831, 1.40, 1437, 14831, 1.44
h_031, 2048, 18876, 0.00, 1477, 14855, 0.00, 1477, 14835, 0.01, 1477, 14834, 0.40, 1477, 14835, 0.42, 1477, 14835, 0.42, 1477, 14835, 0.43, 1477, 14835, 0.44, 1477, 14835, 0.61, 1477, 14835, 0.62, 1477, 14834, 0.80, 1477, 14835, 0.80, 1477, 14835, 0.83
h_032, 2048, 20942, 0.00, 1570, 17192, 0.00, 1570, 17087, 0.01, 1570, 16938, 0.49, 1570, 17087, 0.51, 1570, 17087, 0.52, 1570, 17087, 0.53, 1570, 17087, 0.54, 1570, 17087, 0.76, 1570, 17087, 0.77, 1570, 16938, 0.99, 1570, 17087, 1.00, 1570, 17087, 1.03
h_033, 6301, 20777, 0.00, 1281, 8374, 0.00, 1281, 8372, 0.01, 1281, 8372, 0.10, 1281, 8372, 0.11, 1281, 8372, 0.12, 1281, 8372, 0.12, 1281, 8372, 0.12, 1281, 8372, 0.18, 1281, 8372, 0.19, 1281, 8372, 0.22, 1281, 8372, 0.22, 1281, 8372, 0.23
h_034, 4983, 22602, 0.00, 4539, 21923, 0.00, 1248, 4501, 0.01, 1248, 4501, 0.07, 1248, 4501, 0.08, 1248, 4501, 0.09, 1248, 4501, 0.10, 1248, 4501, 0.11, 1248, 4501, 0.14, 1248, 4501, 0.16, 1248, 4501, 0.17, 1248, 4501, 0.18, 1248, 4501, 0.20
h_035, 7966, 30498, 0.00, 4524, 19788, 0.01, 1298, 4843, 0.02, 893, 2653, 0.05, 893, 2653, 0.08, 901, 2677, 0.10, 1296, 4823, 0.12, 1296, 4823, 0.14, 901, 2677, 0.16, 1298, 4843, 0.18, 1298, 4843, 0.19, 1288, 4799, 0.22, 1288, 4799, 0.25
h_036, 7957, 30671, 0.00, 4432, 19566, 0.01, 1501, 5564, 0.02, 942, 2866, 0.06, 942, 2866, 0.09, 1033, 3102, 0.11, 1501, 5564, 0.13, 1501, 5564, 0.14, 1032, 3095, 0.17, 1501, 5564, 0.18, 1501, 5564, 0.20, 1501, 5563, 0.21, 1501, 5563, 0.23
h_037, 7941, 30814, 0.00, 4533, 20374, 0.01, 1895, 7772, 0.04, 1293, 4184, 0.11, 1293, 4184, 0.17, 1293, 4184, 0.23, 1895, 7772, 0.27, 1895, 7772, 0.30, 1293, 4184, 0.36, 1895, 7772, 0.39, 1899, 7780, 0.42, 1895, 7772, 0.45, 1895, 7772, 0.49
h_038, 10876, 39994, 0.00, 2828, 17096, 0.01, 2828, 17090, 0.01, 2828, 17090, 0.25, 2828, 17090, 0.28, 2828, 17090, 0.29, 2828, 17090, 0.31, 2828, 17090, 0.33, 2828, 17090, 0.51, 2828, 17090, 0.53, 2828, 17090, 0.63, 2828, 17090, 0.65, 2828, 17090, 0.69
h_039, 9473, 43691, 0.00, 8814, 42698, 0.01, 2302, 8422, 0.02, 2302, 8422, 0.13, 2302, 8422, 0.15, 2302, 8422, 0.17, 2302, 8422, 0.18, 2302, 8422, 0.20, 2302, 8422, 0.27, 2302, 8422, 0.29, 2302, 8422, 0.33, 2302, 8422, 0.34, 2302, 8422, 0.37
h_040, 8124, 45091, 0.00, 5893, 36331, 0.01, 2560, 12012, 0.07, 1968, 7469, 0.25, 1970, 7509, 0.39, 1996, 7699, 0.51, 2366, 10442, 0.65, 2342, 10332, 0.81, 1989, 7614, 0.96, 2560, 11995, 1.08, 2560, 11982, 1.19, 2506, 11649, 1.32, 2506, 11652, 1.45
h_041, 8111, 45139, 0.00, 6046, 37138, 0.01, 2902, 14332, 0.08, 2099, 8371, 0.34, 2105, 8432, 0.59, 2181, 8959, 0.74, 2641, 12410, 0.85, 2636, 12375, 0.97, 2112, 8562, 1.12, 2902, 14323, 1.20, 2844, 14003, 1.29, 2777, 13676, 1.39, 2804, 13786, 1.49
h_042, 8128, 45262, 0.00, 5960, 36707, 0.01, 2722, 13340, 0.07, 2076, 8129, 0.30, 2077, 8160, 0.47, 2102, 8460, 0.60, 2475, 11503, 0.70, 2474, 11489, 0.81, 2084, 8274, 0.92, 2722, 13315, 1.00, 2722, 13285, 1.07, 2672, 12977, 1.16, 2672, 12967, 1.25
h_043, 8113, 50901, 0.00, 5593, 38208, 0.01, 1893, 10024, 0.06, 936, 3009, 0.17, 941, 3054, 0.28, 985, 3325, 0.38, 1568, 7488, 0.45, 1568, 7482, 0.53, 962, 3239, 0.61, 1893, 10024, 0.66, 1893, 10021, 0.72, 1815, 9361, 0.78, 1793, 9172, 0.84
h_044, 8119, 51806, 0.00, 5349, 33424, 0.01, 728, 3395, 0.02, 336, 788, 0.06, 336, 788, 0.12, 389, 917, 0.17, 702, 3152, 0.20, 702, 3152, 0.24, 389, 917, 0.28, 728, 3395, 0.31, 728, 3395, 0.34, 720, 3341, 0.37, 720, 3343, 0.41
h_045, 8092, 54189, 0.00, 6342, 46146, 0.01, 4918, 30031, 0.16, 4272, 22504, 1.57, 4387, 24475, 2.20, 4555, 26248, 2.51, 4666, 27466, 2.78, 4579, 26963, 3.26, 4377, 24863, 3.55, 4877, 29363, 3.78, 4723, 27189, 4.07, 4818, 29337, 4.28, 4823, 29402, 4.55
h_046, 8088, 54350, 0.00, 6178, 45806, 0.01, 4624, 29188, 0.14, 3939, 21885, 1.58, 4112, 23782, 2.40, 4320, 25991, 2.84, 4288, 25802, 3.25, 4171, 25129, 3.71, 4003, 23466, 4.14, 4571, 28420, 4.46, 4317, 25575, 4.96, 4576, 28764, 5.26, 4498, 28196, 5.63
h_047, 8071, 54807, 0.00, 6200, 46828, 0.01, 4838, 30779, 0.13, 4240, 23686, 1.58, 4479, 26562, 2.18, 4595, 27897, 2.45, 4636, 28627, 2.68, 4544, 28173, 2.99, 4407, 26491, 3.25, 4824, 30471, 3.42, 4657, 28250, 3.67, 4807, 30472, 3.83, 4776, 30339, 4.14
h_048, 8073, 54891, 0.00, 6281, 47073, 0.01, 5088, 32578, 0.13, 4388, 24732, 1.87, 4607, 27396, 2.60, 4745, 29106, 2.89, 4747, 29128, 3.20, 4641, 28388, 3.50, 4515, 27108, 3.87, 4930, 31327, 4.14, 4758, 28931, 4.52, 5058, 32227, 4.71, 4994, 31905, 4.92
h_049, 8099, 57468, 0.00, 5550, 39687, 0.01, 813, 3884, 0.05, 427, 1065, 0.12, 427, 1065, 0.17, 440, 1136, 0.21, 770, 3504, 0.25, 770, 3504, 0.28, 428, 1078, 0.32, 813, 3884, 0.34, 813, 3884, 0.37, 807, 3814, 0.40, 795, 3763, 0.43
h_050, 22687, 54705, 0.00, 3168, 15637, 0.01, 3166, 15621, 0.02, 3166, 15621, 0.20, 3166, 15621, 0.22, 3166, 15621, 0.23, 3166, 15621, 0.24, 3166, 15621, 0.25, 3166, 15621, 0.35, 3166, 15621, 0.37, 3166, 15621, 0.43, 3166, 15621, 0.44, 3166, 15621, 0.46
h_051, 8170, 71995, 0.00, 6451, 61092, 0.01, 4061, 30029, 0.18, 2721, 15217, 1.40, 2791, 16119, 2.12, 3003, 18224, 2.63, 3343, 21307, 2.98, 3307, 21023, 3.51, 2798, 16280, 3.92, 4034, 29583, 4.14, 3949, 28222, 4.37, 3936, 28539, 4.60, 3881, 28171, 4.83
h_052, 8171, 72700, 0.00, 6488, 61472, 0.01, 3958, 28691, 0.18, 2564, 14057, 1.30, 2657, 15343, 2.33, 2841, 17293, 3.00, 3254, 20460, 3.63, 3213, 19955, 4.15, 2619, 14972, 4.46, 3932, 28456, 4.68, 3859, 27103, 4.92, 3752, 27038, 5.25, 3657, 26061, 5.56
h_053, 8178, 73399, 0.00, 6648, 62965, 0.01, 4208, 30717, 0.18, 2800, 15331, 1.19, 2924, 16963, 1.91, 3120, 18722, 2.37, 3496, 22190, 2.70, 3467, 21888, 3.25, 2867, 16153, 3.60, 4204, 30571, 3.81, 4049, 28150, 4.03, 4135, 30111, 4.25, 4021, 28911, 4.52
h_054, 14882, 67834, 0.00, 13640, 65884, 0.01, 3732, 13600, 0.03, 3732, 13600, 0.23, 3732, 13600, 0.27, 3732, 13600, 0.29, 3732, 13600, 0.32, 3732, 13600, 0.35, 3732, 13600, 0.46, 3732, 13600, 0.49, 3732, 13600, 0.56, 3732, 13600, 0.59, 3732, 13600, 0.63
h_055, 15268, 74339, 0.00, 14802, 73681, 0.01, 2647, 9718, 0.03, 2647, 9718, 0.18, 2647, 9718, 0.21, 2647, 9718, 0.24, 2647, 9718, 0.26, 2647, 9718, 0.29, 2647, 9718, 0.38, 2647, 9718, 0.40, 2647, 9718, 0.46, 2647, 9718, 0.48, 2647, 9718, 0.52
h_056, 8185, 82550, 0.00, 5999, 56593, 0.01, 1943, 10996, 0.10, 1144, 4078, 0.29, 1144, 4082, 0.56, 1170, 4304, 0.80, 1548, 7162, 1.00, 1549, 7170, 1.21, 1149, 4192, 1.36, 1943, 10987, 1.47, 1914, 10657, 1.62, 1867, 10413, 1.78, 1859, 10295, 1.93
h_057, 8170, 83083, 0.00, 6168, 61851, 0.01, 2070, 12087, 0.09, 1182, 4542, 0.32, 1203, 4704, 0.51, 1237, 4967, 0.73, 1652, 7501, 1.00, 1634, 7410, 1.17, 1209, 4734, 1.33, 2068, 12064, 1.46, 2046, 11899, 1.61, 2016, 11638, 1.77, 1987, 11489, 1.92
h_058, 8185, 92304, 0.00, 7772, 89638, 0.01, 7581, 81402, 0.17, 7473, 78041, 3.20, 7503, 79792, 3.96, 7532, 80312, 4.30, 7532, 80269, 4.65, 7534, 80474, 5.13, 7497, 79998, 5.65, 7581, 81327, 5.90, 7568, 79837, 6.45, 7578, 81335, 6.68, 7580, 81392, 6.97
h_059, 7115, 103689, 0.00, 1109, 35582, 0.01, 1067, 32357, 0.05, 1065, 32162, 3.10, 1066, 32267, 3.23, 1066, 32269, 3.30, 1066, 32269, 3.37, 1067, 32357, 3.41, 1067, 32357, 3.59, 1067, 32355, 3.66, 1066, 32250, 5.67, 1067, 32357, 5.73, 1067, 32357, 6.08
h_060, 8190, 110532, 0.00, 6408, 85910, 0.01, 4080, 36777, 0.24, 2408, 14238, 2.53, 2619, 17234, 3.87, 3022, 20908, 4.60, 3016, 21396, 5.25, 2937, 20463, 5.98, 2476, 16109, 6.62, 3966, 35571, 7.18, 3702, 30034, 7.66, 3949, 35426, 8.15, 3679, 32200, 8.69
h_061, 8183, 112798, 0.00, 6468, 87485, 0.01, 4174, 38212, 0.26, 2495, 14569, 2.08, 2664, 16883, 4.04, 2960, 20105, 5.02, 3046, 21337, 6.15, 2935, 20187, 7.27, 2542, 15712, 7.70, 4155, 37588, 8.04, 3664, 29506, 8.50, 4084, 37035, 8.98, 3741, 32025, 9.39
h_062, 16309, 104900, 0.00, 13666, 93253, 0.01, 8524, 46712, 0.20, 6560, 29814, 1.34, 6564, 29869, 2.22, 6699, 30923, 2.87, 7970, 41853, 3.38, 7971, 41845, 3.90, 6605, 30226, 4.45, 8524, 46660, 4.77, 8499, 46413, 5.07, 8402, 45802, 5.31, 8378, 45667, 5.59
h_063, 36682, 88328, 0.00, 5041, 28001, 0.01, 5041, 27997, 0.03, 5041, 27997, 0.56, 5041, 27997, 0.61, 5041, 27997, 0.64, 5041, 27997, 0.67, 5041, 27997, 0.71, 5041, 27997, 1.05, 5041, 27997, 1.10, 5041, 27997, 1.24, 5041, 27997, 1.26, 5041, 27997, 1.30
h_064, 23131, 107151, 0.00, 21567, 104678, 0.03, 5371, 19656, 0.08, 5371, 19656, 0.48, 5371, 19656, 0.56, 5371, 19656, 0.62, 5371, 19656, 0.68, 5371, 19656, 0.74, 5371, 19656, 1.03, 5371, 19656, 1.11, 5371, 19656, 1.27, 5371, 19656, 1.31, 5371, 19656, 1.37
h_065, 26475, 106762, 0.00, 6, 12, 0.04, 6, 12, 0.04, 6, 12, 0.04, 6, 12, 0.04, 6, 12, 0.04, 6, 12, 0.04, 6, 12, 0.04, 6, 12, 0.04, 6, 12, 0.04, 6, 12, 0.04, 6, 12, 0.04, 6, 12, 0.04
h_066, 16357, 119886, 0.00, 15159, 114493, 0.01, 11023, 70020, 0.21, 8242, 40788, 1.15, 8242, 40793, 2.41, 8347, 41823, 3.40, 10686, 66215, 3.82, 10686, 66215, 4.13, 8296, 41379, 4.54, 11021, 69990, 4.79, 11021, 69985, 5.03, 10942, 69181, 5.36, 10929, 69092, 5.71
h_067, 8191, 138733, 0.00, 7974, 135505, 0.01, 7622, 110477, 0.29, 6827, 76468, 6.57, 7002, 85833, 9.49, 7189, 92284, 11.06, 7192, 91636, 13.19, 7138, 90562, 14.54, 6895, 83388, 15.29, 7601, 109597, 15.95, 7563, 100747, 16.62, 7609, 110019, 17.02, 7556, 108576, 21.22
h_068, 25678, 121390, 0.00, 24284, 119261, 0.02, 5397, 19780, 0.06, 5397, 19780, 0.38, 5397, 19780, 0.44, 5397, 19780, 0.48, 5397, 19780, 0.53, 5397, 19780, 0.58, 5397, 19780, 0.77, 5397, 19780, 0.82, 5397, 19780, 0.94, 5397, 19780, 0.98, 5397, 19780, 1.05
h_069, 8187, 156904, 0.00, 8118, 156328, 0.01, 8033, 143696, 0.32, 7917, 138586, 3.18, 7923, 139958, 4.96, 7942, 140975, 5.55, 7972, 141944, 5.94, 7983, 142409, 6.30, 7932, 140881, 6.83, 8025, 142999, 7.27, 8014, 141595, 7.93, 8026, 143477, 8.38, 8028, 143549, 8.91
h_070, 8192, 168293, 0.00, 8192, 168293, 0.01, 8192, 168293, 0.06, 8192, 168293, 1.90, 8192, 168293, 2.02, 8192, 168293, 2.08, 8192, 168293, 2.14, 8192, 168293, 2.20, 8192, 168293, 3.52, 8192, 168293, 3.70, 8192, 168293, 4.59, 8192, 168293, 4.68, 8192, 168293, 4.94
h_071, 8192, 168714, 0.00, 8185, 168612, 0.01, 8131, 143821, 0.17, 6846, 85142, 3.65, 6886, 86866, 6.71, 6983, 90503, 8.10, 7472, 108860, 9.23, 7464, 108574, 10.20, 6905, 88236, 10.92, 8131, 143423, 11.43, 8117, 140761, 11.82, 8109, 142654, 12.32, 8119, 142571, 12.68
h_072, 32078, 149020, 0.00, 29907, 145557, 0.03, 7308, 26795, 0.08, 7308, 26795, 0.62, 7308, 26795, 0.74, 7308, 26795, 0.82, 7308, 26795, 0.91, 7308, 26795, 0.99, 7308, 26795, 1.41, 7308, 26795, 1.51, 7308, 26795, 1.75, 7308, 26795, 1.80, 7308, 26795, 1.89
h_073, 16362, 166938, 0.00, 14889, 158137, 0.01, 14486, 145950, 0.33, 14201, 141104, 9.08, 14341, 143768, 11.48, 14398, 144444, 12.43, 14375, 144323, 13.53, 14360, 144402, 14.44, 14341, 144041, 16.65, 14484, 145807, 17.23, 14405, 143647, 18.76, 14482, 145928, 19.13, 14479, 145857, 20.01
h_074, 16370, 169955, 0.00, 14826, 156883, 0.01, 10383, 85143, 0.48, 6802, 40000, 4.22, 6988, 41743, 7.06, 7379, 45721, 8.91, 8643, 59602, 10.62, 8590, 58990, 12.33, 6964, 41890, 13.34, 10349, 84580, 14.03, 10255, 82444, 14.60, 10091, 82092, 15.57, 9997, 80867, 16.26
h_075, 34978, 169522, 0.00, 33733, 167746, 0.03, 6272, 22917, 0.08, 6272, 22917, 0.49, 6272, 22917, 0.57, 6272, 22917, 0.63, 6272, 22917, 0.70, 6272, 22917, 0.76, 6272, 22917, 1.01, 6272, 22917, 1.08, 6272, 22917, 1.24, 6272, 22917, 1.30, 6272, 22917, 1.39
h_076, 36705, 170621, 0.00, 34231, 166748, 0.03, 8543, 31076, 0.09, 8543, 31076, 0.64, 8543, 31076, 0.73, 8543, 31076, 0.79, 8543, 31076, 0.86, 8543, 31076, 0.93, 8543, 31076, 1.34, 8543, 31076, 1.45, 8543, 31076, 1.74, 8543, 31076, 1.84, 8543, 31076, 1.99
h_077, 62586, 147892, 0.00, 8094, 44445, 0.03, 8083, 44392, 0.08, 8083, 44392, 0.76, 8083, 44392, 0.83, 8083, 44392, 0.88, 8083, 44392, 0.94, 8083, 44392, 0.99, 8083, 44392, 1.38, 8083, 44392, 1.45, 8083, 44392, 1.70, 8083, 44392, 1.75, 8083, 44392, 1.84
h_078, 8191, 204075, 0.00, 8180, 203963, 0.02, 8175, 199081, 0.28, 8160, 198079, 2.56, 8168, 198713, 3.11, 8169, 198806, 3.44, 8169, 198774, 3.75, 8165, 198688, 4.23, 8163, 198595, 4.77, 8175, 199074, 5.02, 8171, 198547, 5.92, 8175, 199081, 6.09, 8175, 199081, 6.32
h_079, 16382, 216334, 0.00, 16017, 213524, 0.02, 15858, 198257, 0.33, 15653, 192515, 8.89, 15717, 195516, 11.41, 15758, 196261, 12.48, 15752, 196177, 13.41, 15755, 196503, 14.65, 15722, 195920, 15.63, 15849, 198081, 16.41, 15800, 195374, 17.63, 15856, 198236, 18.04, 15845, 198081, 18.73
h_080, 24759, 227991, 0.00, 5, 10, 0.06, 5, 10, 0.06, 5, 10, 0.06, 5, 10, 0.06, 5, 10, 0.06, 5, 10, 0.06, 5, 10, 0.06, 5, 10, 0.06, 5, 10, 0.06, 5, 10, 0.06, 5, 10, 0.06, 5, 10, 0.06
h_081, 32662, 224254, 0.00, 23905, 141260, 0.48, 23872, 141104, 0.87, 23896, 141206, 1.39, 23870, 141098, 1.70, 23860, 141016, 2.14, 23874, 141102, 2.56, 23852, 140974, 2.99, 23873, 141076, 3.48, 23866, 141028, 3.96, 23876, 141110, 4.28, 23878, 141098, 4.56, 23897, 141236, 4.99
h_082, 48665, 222764, 0.00, 44735, 216441, 0.04, 11877, 43419, 0.12, 11877, 43419, 1.00, 11877, 43419, 1.12, 11877, 43419, 1.21, 11877, 43419, 1.30, 11877, 43419, 1.39, 11877, 43419, 1.91, 11877, 43419, 2.02, 11877, 43419, 2.42, 11877, 43419, 2.55, 11877, 43419, 2.77
h_083, 32735, 256256, 0.00, 30893, 247080, 0.03, 24661, 164765, 0.40, 19872, 108095, 2.77, 19876, 108147, 5.47, 20039, 109793, 6.80, 23989, 155738, 7.55, 23968, 155568, 8.44, 19975, 109200, 9.37, 24656, 164685, 9.88, 24650, 164594, 10.35, 24574, 163833, 10.99, 24580, 163886, 11.52
h_084, 16383, 273584, 0.00, 14952, 243441, 0.02, 10832, 114331, 0.77, 6505, 42475, 7.58, 6897, 47334, 12.79, 7562, 55621, 15.97, 8456, 65958, 18.68, 8325, 64653, 21.80, 6732, 46190, 23.43, 10733, 111265, 24.83, 10410, 100544, 25.80, 10601, 108881, 26.79, 10228, 102226, 28.05
h_085, 16384, 283794, 0.00, 16363, 283600, 0.02, 16306, 253838, 0.37, 16009, 239064, 4.53, 16023, 243929, 6.93, 16043, 245553, 8.23, 16182, 249750, 8.92, 16165, 249298, 9.62, 16011, 244602, 10.55, 16306, 252982, 11.44, 16295, 248064, 11.98, 16306, 253573, 12.53, 16299, 253431, 13.22
h_086, 8192, 295951, 0.00, 8173, 295758, 0.01, 8173, 294698, 0.15, 8171, 294479, 34.71, 8171, 294611, 35.40, 8171, 294613, 35.81, 8171, 294613, 36.25, 8171, 294613, 36.68, 8171, 294613, 37.48, 8173, 294696, 37.93, 8173, 294566, 47.51, 8173, 294698, 47.75, 8173, 294698, 60.74
h_087, 58960, 269439, 0.00, 54119, 261749, 0.07, 14650, 53593, 0.22, 14650, 53593, 1.67, 14650, 53593, 1.83, 14650, 53593, 1.94, 14650, 53593, 2.05, 14650, 53593, 2.17, 14650, 53593, 3.13, 14650, 53593, 3.33, 14650, 53593, 3.92, 14650, 53593, 4.08, 14650, 53593, 4.35
h_088, 60892, 286474, 0.00, 57367, 281017, 0.05, 12900, 47422, 0.15, 12900, 47422, 1.47, 12900, 47422, 1.70, 12900, 47422, 1.86, 12900, 47422, 2.03, 12900, 47422, 2.20, 12900, 47422, 2.93, 12900, 47422, 3.06, 12900, 47422, 3.44, 12900, 47422, 3.56, 12900, 47422, 3.73
h_089, 8192, 358201, 0.00, 8192, 358201, 0.01, 8192, 351705, 0.23, 8191, 351194, 10.09, 8191, 351643, 10.85, 8192, 351705, 11.26, 8191, 351646, 11.87, 8191, 351646, 12.47, 8191, 351646, 13.18, 8192, 351704, 13.52, 8192, 351256, 18.86, 8192, 351703, 19.18, 8192, 351705, 20.58
h_090, 16382, 353824, 0.00, 16220, 352445, 0.02, 16197, 349054, 0.54, 16179, 348277, 4.72, 16179, 348541, 6.28, 16183, 348641, 7.17, 16184, 348771, 8.03, 16189, 348903, 8.92, 16184, 348681, 10.38, 16197, 349042, 11.11, 16197, 348782, 12.60, 16194, 349018, 13.42, 16197, 349054, 14.29
h_091, 16384, 354031, 0.00, 16220, 352560, 0.02, 16200, 349181, 0.29, 16196, 348692, 3.88, 16196, 349039, 5.34, 16198, 349099, 6.02, 16197, 349085, 6.70, 16197, 349085, 7.32, 16196, 349047, 8.01, 16200, 349173, 8.47, 16200, 348827, 9.66, 16200, 349181, 9.95, 16200, 349176, 10.60
h_092, 63674, 306833, 0.00, 61115, 302870, 0.05, 11959, 43682, 0.16, 11959, 43682, 1.12, 11959, 43682, 1.27, 11959, 43682, 1.39, 11959, 43682, 1.52, 11959, 43682, 1.64, 11959, 43682, 2.24, 11959, 43682, 2.37, 11959, 43682, 2.75, 11959, 43682, 2.87, 11959, 43682, 3.04
h_093, 32748, 363878, 0.00, 31835, 357988, 0.03, 30418, 296031, 0.81, 29423, 271969, 11.33, 29537, 278550, 16.90, 29674, 282559, 19.11, 30171, 291771, 20.27, 30039, 289819, 21.62, 29455, 279362, 23.36, 30345, 293315, 24.84, 30223, 286516, 26.47, 30388, 295560, 27.52, 30360, 295082, 28.61
h_094, 68946, 335845, 0.00, 66705, 332553, 0.06, 12115, 44357, 0.18, 12115, 44357, 1.48, 12115, 44357, 1.65, 12115, 44357, 1.78, 12115, 44357, 1.91, 12115, 44357, 2.06, 12115, 44357, 2.83, 12115, 44357, 2.99, 12115, 44357, 3.38, 12115, 44357, 3.52, 12115, 44357, 3.71
h_095, 32759, 409363, 0.00, 32465, 407264, 0.03, 31815, 361814, 0.40, 31064, 345459, 3.33, 31064, 345467, 4.90, 31073, 345630, 5.78, 31777, 361007, 6.22, 31770, 360953, 6.69, 31059, 345488, 7.69, 31815, 361784, 8.22, 31815, 361780, 8.62, 31812, 361738, 9.00, 31812, 361738, 9.61
h_097, 16381, 458925, 0.00, 16051, 455835, 0.02, 16031, 454823, 0.47, 16026, 454615, 5.62, 16026, 454675, 6.36, 16026, 454675, 6.94, 16028, 454708, 7.46, 16029, 454730, 7.97, 16029, 454730, 8.88, 16031, 454823, 9.53, 16031, 454763, 11.43, 16031, 454823, 11.95, 16031, 454823, 14.08
h_098, 32766, 503494, 0.00, 32475, 501156, 0.04, 32294, 470278, 0.91, 32106, 461601, 15.73, 32154, 466546, 22.16, 32178, 467400, 24.36, 32192, 467580, 26.11, 32196, 468012, 28.18, 32152, 467121, 31.21, 32292, 470026, 32.94, 32265, 465469, 36.57, 32294, 470244, 37.98, 32283, 470131, 40.23
h_099, 97898, 447979, 0.00, 89898, 435171, 0.09, 23963, 88122, 0.26, 23963, 88122, 2.84, 23963, 88122, 3.25, 23963, 88122, 3.45, 23963, 88122, 3.65, 23963, 88122, 3.85, 23963, 88122, 5.52, 23963, 88122, 5.79, 23963, 88122, 6.65, 23963, 88122, 6.93, 23963, 88122, 7.40
h_100, 75879, 508837, 0.00, 3882, 41339, 0.15, 690, 5803, 0.20, 535, 3729, 128.06, 537, 3950, 128.17, 542, 4022, 128.26, 640, 5033, 128.33, 656, 5096, 149.03, 538, 3985, 175.92, 689, 5754, 175.97, 675, 5273, 202.43, 687, 5791, 202.46, 685, 5636, 353.09
h_101, 65531, 618237, 0.00, 64757, 613941, 0.06, 59136, 508459, 0.93, 46916, 316924, 6.16, 46917, 316948, 11.60, 46966, 317818, 17.17, 58619, 499486, 19.30, 58619, 499486, 21.14, 46930, 317501, 24.30, 59136, 508459, 25.50, 59136, 508459, 26.73, 59104, 507838, 28.24, 59104, 507834, 29.87
h_104, 65499, 640429, 0.00, 64203, 632581, 0.07, 61310, 547514, 0.70, 58551, 497289, 5.52, 58551, 497291, 9.56, 58562, 497527, 12.28, 61177, 545387, 13.44, 61174, 545354, 14.63, 58554, 497437, 17.50, 61307, 547471, 18.51, 61307, 547469, 19.36, 61290, 547207, 20.44, 61290, 547207, 21.77
h_105, 65536, 652583, 0.00, 65181, 650588, 0.06, 61067, 579859, 0.63, 44909, 306105, 5.59, 44909, 306105, 10.89, 44914, 306222, 14.43, 60939, 577464, 15.55, 60938, 577446, 16.73, 44910, 306164, 19.91, 61067, 579859, 20.52, 61067, 579859, 21.11, 61067, 579803, 21.73, 61067, 579803, 22.39
h_106, 65530, 654158, 0.00, 65171, 652179, 0.06, 60032, 572310, 0.67, 43613, 295229, 5.35, 43613, 295229, 9.40, 43620, 295338, 14.07, 59964, 570868, 16.02, 59964, 570868, 17.61, 43620, 295338, 20.29, 60032, 572310, 20.94, 60032, 572310, 21.63, 60028, 572224, 22.38, 60028, 572224, 23.18
h_107, 32763, 699385, 0.00, 32333, 695314, 0.04, 32276, 690365, 0.60, 32259, 689482, 9.99, 32266, 689937, 12.27, 32266, 689941, 13.78, 32271, 690176, 14.84, 32270, 690130, 15.91, 32261, 689851, 17.88, 32276, 690361, 19.33, 32274, 689999, 22.52, 32276, 690365, 23.14, 32276, 690365, 23.99
h_108, 65536, 688044, 0.00, 35017, 207388, 1.02, 35017, 207388, 1.68, 35017, 207388, 2.40, 35017, 207388, 3.18, 35017, 207388, 3.96, 35017, 207388, 4.71, 35017, 207388, 5.24, 34997, 207314, 5.82, 35017, 207388, 6.32, 35017, 207388, 7.09, 35017, 207388, 7.66, 34997, 207314, 8.18
h_109, 8192, 839576, 0.00, 8192, 839576, 0.02, 8192, 839248, 0.34, 8192, 839200, 58.62, 8192, 839248, 59.34, 8192, 839248, 59.70, 8192, 839248, 60.13, 8192, 839248, 60.68, 8192, 839248, 62.31, 8192, 839248, 62.83, 8192, 839200, 72.04, 8192, 839248, 72.44, 8192, 839248, 96.88
h_110, 32768, 826394, 0.00, 32680, 825409, 0.04, 32667, 819212, 0.75, 32650, 818155, 42.53, 32660, 818945, 45.60, 32660, 818962, 47.29, 32660, 818962, 48.42, 32660, 818944, 49.69, 32657, 818855, 53.25, 32667, 819197, 55.04, 32665, 818650, 63.95, 32667, 819210, 64.82, 32667, 819212, 72.01
h_111, 77360, 828161, 0.00, 925, 2389, 0.11, 26, 54, 0.12, 26, 54, 0.12, 26, 54, 0.12, 26, 54, 0.12, 26, 54, 0.12, 26, 54, 0.12, 26, 54, 0.12, 26, 54, 0.13, 26, 54, 0.13, 26, 54, 0.13, 26, 54, 0.13
h_112, 8192, 944523, 0.00, 8192, 944523, 0.02, 8192, 940889, 0.59, 8191, 940554, 218.00, 8191, 940694, 219.63, 8191, 940694, 220.57, 8191, 940694, 221.98, 8191, 940694, 223.31, 8191, 940694, 227.01, 8192, 940889, 227.67, 8192, 940748, 313.83, 8192, 940889, 314.72, 8192, 940889, 395.45
h_114, 187341, 865700, 0.00, 173693, 844287, 0.30, 43852, 160915, 0.87, 43852, 160915, 6.81, 43852, 160915, 7.62, 43852, 160915, 8.04, 43852, 160915, 8.49, 43852, 160915, 8.95, 43852, 160915, 12.41, 43852, 160915, 13.06, 43852, 160915, 15.07, 43852, 160915, 15.53, 43852, 160915, 16.27
h_115, 262111, 1234877, 0.00, 131231, 576758, 0.27, 7838, 24254, 0.82, 5972, 13480, 2.12, 5991, 13557, 3.06, 6005, 13635, 3.79, 7755, 23858, 4.72, 7755, 23858, 5.52, 5990, 13561, 6.23, 7838, 24250, 6.81, 7803, 24106, 7.51, 7805, 24116, 8.36, 7786, 24043, 9.20
h_116, 299580, 1363755, 0.00, 274030, 1322966, 0.36, 75285, 275881, 1.16, 75285, 275881, 13.79, 75285, 275881, 15.14, 75285, 275881, 15.96, 75285, 275881, 16.92, 75285, 275881, 17.74, 75285, 275881, 24.88, 75285, 275881, 25.91, 75285, 275881, 29.77, 75285, 275881, 30.51, 75285, 275881, 32.05
h_117, 325729, 1469679, 0.00, 53155, 780225, 0.76, 33362, 583613, 1.47, 32742, 572102, 300.13, 32843, 578636, 303.59, 32845, 578683, 306.43, 33326, 583101, 307.49, 33222, 582708, 393.82, 32744, 578321, 468.70, 33339, 583489, 469.71, 33247, 576990, 546.69, 33362, 583613, 547.37, 33332, 583509, 698.68
h_118, 81306, 1768135, 0.00, 51620, 1242460, 0.21, 11505, 167566, 4.19, 6756, 68020, 896.57, 7016, 75566, 905.70, 7317, 80868, 913.10, 9970, 122595, 919.54, 10574, 142805, 945.38, 7890, 91263, 1056.65, 11287, 163530, 1059.93, 11257, 156592, 1169.84, 11348, 165287, 1173.07, 11399, 164030, 1178.10
h_119, 342573, 1619304, 0.00, 323730, 1590029, 0.56, 71796, 262729, 1.58, 71796, 262729, 14.28, 71796, 262729, 15.69, 71796, 262729, 16.97, 71796, 262729, 18.53, 71796, 262729, 19.75, 71796, 262729, 27.66, 71796, 262729, 29.04, 71796, 262729, 33.40, 71796, 262729, 34.39, 71796, 262729, 36.02
h_120, 32768, 2049515, 0.00, 32174, 2039595, 0.08, 32165, 2037874, 2.46, 32165, 2037824, 13.81, 32165, 2037874, 16.27, 32165, 2037874, 17.91, 32165, 2037874, 20.54, 32165, 2037874, 22.55, 32165, 2037874, 26.34, 32165, 2037874, 28.39, 32165, 2037824, 33.81, 32165, 2037874, 36.04, 32165, 2037874, 38.96
h_121, 16384, 2076651, 0.00, 16384, 2076651, 0.06, 16384, 2074086, 1.64, 16384, 2073945, 15.91, 16384, 2074086, 18.48, 16384, 2074086, 20.28, 16384, 2074086, 22.10, 16384, 2074086, 24.56, 16384, 2074086, 28.67, 16384, 2074086, 30.36, 16384, 2073945, 38.88, 16384, 2074086, 40.73, 16384, 2074086, 43.37
h_122, 2048, 2097152, 0.00, 2048, 2097152, 0.05, 2048, 2097152, 3.92, 2048, 2097152, 137.06, 2048, 2097152, 146.44, 2048, 2097152, 150.29, 2048, 2097152, 154.26, 2048, 2097152, 158.75, 2048, 2097152, 188.35, 2048, 2097152, 197.47, 2048, 2097152, 202.95, 2048, 2097152, 206.55, 2048, 2097152, 311.60
h_123, 4096, 2097152, 0.00, 4096, 2097152, 0.04, 4096, 2097152, 4.15, 4096, 2097152, 125.21, 4096, 2097152, 131.43, 4096, 2097152, 135.15, 4096, 2097152, 138.91, 4096, 2097152, 142.66, 4096, 2097152, 155.89, 4096, 2097152, 161.73, 4096, 2097152, 166.88, 4096, 2097152, 170.16, 4096, 2097152, 274.01
h_124, 8192, 2097152, 0.00, 8192, 2097152, 0.06, 8192, 2097152, 2.71, 8192, 2097152, 16.04, 8192, 2097152, 20.30, 8192, 2097152, 23.57, 8192, 2097152, 26.89, 8192, 2097152, 30.11, 8192, 2097152, 39.66, 8192, 2097152, 43.40, 8192, 2097152, 48.83, 8192, 2097152, 51.30, 8192, 2097152, 55.30
h_125, 16384, 2097152, 0.00, 16384, 2097152, 0.07, 16384, 2097152, 2.05, 16384, 2097152, 20.02, 16384, 2097152, 23.09, 16384, 2097152, 25.07, 16384, 2097152, 26.94, 16384, 2097152, 29.35, 16384, 2097152, 40.09, 16384, 2097152, 44.23, 16384, 2097152, 50.23, 16384, 2097152, 52.09, 16384, 2097152, 56.03
h_126, 65536, 2048311, 0.00, 65513, 2047962, 0.10, 65502, 2025125, 1.60, 65495, 2023390, 43.43, 65495, 2024784, 49.32, 65497, 2024841, 52.65, 65496, 2024825, 55.65, 65500, 2025019, 58.86, 65499, 2024981, 64.09, 65500, 2025071, 67.05, 65502, 2023730, 82.67, 65502, 2025125, 85.17, 65502, 2025125, 96.95
h_127, 32768, 2128971, 0.00, 32764, 2128921, 0.08, 32762, 2127714, 1.53, 32762, 2127644, 53.51, 32762, 2127714, 55.65, 32762, 2127714, 56.95, 32762, 2127714, 58.34, 32762, 2127714, 60.04, 32762, 2127714, 63.60, 32762, 2127714, 65.39, 32762, 2127644, 75.79, 32762, 2127714, 77.02, 32762, 2127714, 96.40
h_128, 32768, 2130600, 0.00, 32764, 2130565, 0.08, 32764, 2129479, 1.18, 32764, 2129414, 12.71, 32764, 2129479, 15.25, 32764, 2129479, 16.98, 32764, 2129479, 18.31, 32764, 2129479, 20.02, 32764, 2129479, 23.67, 32764, 2129479, 25.68, 32764, 2129414, 31.78, 32764, 2129479, 33.07, 32764, 2129479, 35.08
h_129, 32768, 2148521, 0.00, 32768, 2148521, 0.12, 32768, 2148521, 1.78, 32768, 2148521, 41.06, 32768, 2148521, 44.18, 32768, 2148521, 46.18, 32768, 2148521, 48.04, 32768, 2148521, 49.85, 32768, 2148521, 74.79, 32768, 2148521, 78.12, 32768, 2148521, 92.48, 32768, 2148521, 94.14, 32768, 2148521, 97.73
h_130, 16384, 2192284, 0.00, 16384, 2192284, 0.06, 16384, 2172703, 2.04, 16384, 2172032, 53.06, 16384, 2172693, 59.28, 16384, 2172703, 61.57, 16384, 2172703, 64.03, 16384, 2172703, 66.61, 16384, 2172703, 70.94, 16384, 2172698, 73.91, 16384, 2172036, 106.54, 16384, 2172699, 110.55, 16384, 2172701, 124.96
h_131, 16384, 2194576, 0.00, 16384, 2194576, 0.06, 16384, 2174477, 2.58, 16384, 2173797, 49.54, 16384, 2174471, 54.80, 16384, 2174477, 58.06, 16384, 2174477, 60.92, 16384, 2174477, 65.74, 16384, 2174477, 70.95, 16384, 2174473, 74.32, 16384, 2173798, 102.33, 16384, 2174475, 105.67, 16384, 2174475, 123.22
h_132, 65536, 2184865, 0.00, 65535, 2184855, 0.10, 65528, 2146479, 2.78, 65518, 2143629, 35.17, 65520, 2146126, 41.40, 65520, 2146138, 47.85, 65522, 2146220, 52.53, 65522, 2146220, 56.62, 65518, 2146050, 61.64, 65528, 2146467, 64.83, 65528, 2144063, 76.70, 65528, 2146479, 78.60, 65528, 2146476, 82.85
h_133, 131065, 2130456, 0.00, 130077, 2122014, 0.17, 129762, 2045613, 4.05, 129488, 2030078, 84.77, 129534, 2039514, 106.55, 129576, 2040797, 118.90, 129596, 2041294, 128.76, 129616, 2041848, 138.13, 129560, 2040354, 148.92, 129757, 2045239, 154.47, 129729, 2036449, 173.87, 129760, 2045545, 180.16, 129752, 2045451, 188.74
h_134, 131065, 2131741, 0.00, 129996, 2122528, 0.17, 129570, 2044096, 5.44, 129256, 2027754, 95.40, 129305, 2037346, 122.42, 129379, 2038978, 134.95, 129361, 2039099, 145.98, 129386, 2039694, 159.17, 129327, 2038156, 171.89, 129564, 2043715, 180.43, 129548, 2034899, 207.59, 129562, 2044005, 213.26, 129554, 2043841, 221.11
h_135, 32768, 2235835, 0.00, 32455, 2230585, 0.09, 32439, 2228690, 1.76, 32435, 2228247, 18.10, 32435, 2228281, 24.01, 32435, 2228286, 27.67, 32437, 2228512, 30.18, 32437, 2228512, 32.70, 32435, 2228286, 38.81, 32439, 2228685, 42.65, 32439, 2228651, 49.13, 32439, 2228690, 51.37, 32439, 2228690, 54.85
h_136, 32768, 2240608, 0.00, 32457, 2234920, 0.09, 32451, 2233599, 2.01, 32450, 2233409, 17.09, 32450, 2233460, 21.91, 32450, 2233466, 24.86, 32450, 2233466, 27.71, 32450, 2233466, 31.10, 32450, 2233466, 39.20, 32451, 2233593, 42.65, 32451, 2233542, 48.41, 32451, 2233599, 50.29, 32451, 2233599, 52.61
h_137, 32768, 2241646, 0.00, 32415, 2236524, 0.09, 32406, 2234885, 1.30, 32405, 2234702, 14.81, 32405, 2234751, 20.34, 32405, 2234762, 22.58, 32406, 2234885, 24.83, 32406, 2234885, 27.07, 32405, 2234762, 35.22, 32406, 2234874, 38.95, 32406, 2234825, 44.42, 32406, 2234885, 45.72, 32406, 2234885, 47.52
h_138, 32768, 2270902, 0.00, 32767, 2270888, 0.08, 32767, 2268068, 1.44, 32767, 2267940, 71.47, 32767, 2268068, 73.58, 32767, 2268068, 75.33, 32767, 2268068, 76.69, 32767, 2268068, 78.88, 32767, 2268068, 81.98, 32767, 2268068, 83.43, 32767, 2267940, 103.11, 32767, 2268068, 104.44, 32767, 2268068, 128.74
h_139, 16384, 2293868, 0.00, 16012, 2222774, 0.90, 16012, 2222774, 2.30, 16012, 2222774, 7.52, 16012, 2222774, 9.06, 16012, 2222774, 10.11, 16012, 2222774, 11.00, 16012, 2222774, 12.06, 16012, 2222774, 15.66, 16012, 2222774, 16.54, 16012, 2222774, 17.54, 16012, 2222774, 18.58, 16012, 2222774, 19.60
h_140, 131068, 2199584, 0.00, 128579, 2121072, 0.17, 90966, 989004, 5.67, 39201, 184347, 41.09, 39318, 185511, 72.95, 40961, 199768, 101.04, 74881, 627172, 129.52, 75531, 640125, 152.34, 40213, 193879, 162.53, 90951, 988475, 168.40, 90943, 988160, 174.50, 88685, 948735, 182.76, 88562, 946954, 191.60
h_141, 65536, 2321780, 0.00, 65533, 2321715, 0.11, 65528, 2256565, 2.85, 65492, 2249616, 46.62, 65496, 2254555, 60.37, 65502, 2255059, 68.80, 65501, 2254950, 75.04, 65508, 2255355, 82.31, 65502, 2255015, 90.59, 65528, 2256461, 95.44, 65528, 2251765, 106.29, 65528, 2256557, 112.09, 65528, 2256549, 117.80
h_142, 131069, 2294338, 0.00, 130569, 2289798, 0.17, 130333, 2195393, 4.76, 130081, 2177664, 87.43, 130113, 2188868, 115.59, 130154, 2190178, 129.59, 130148, 2190273, 138.68, 130180, 2191289, 148.72, 130146, 2190246, 160.34, 130332, 2195052, 170.70, 130302, 2184236, 190.71, 130327, 2195268, 198.05, 130328, 2195289, 206.35
h_143, 32768, 2412833, 0.00, 32768, 2412833, 0.08, 32768, 2404317, 1.82, 32767, 2403970, 191.48, 32767, 2404218, 195.82, 32768, 2404317, 197.68, 32767, 2404218, 200.07, 32768, 2404317, 202.25, 32768, 2404317, 206.28, 32768, 2404317, 208.10, 32768, 2404069, 258.14, 32768, 2404317, 260.30, 32768, 2404317, 318.40
h_144, 32768, 2416672, 0.00, 32768, 2416672, 0.08, 32768, 2408228, 1.89, 32765, 2407732, 154.31, 32767, 2408098, 157.62, 32767, 2408098, 160.63, 32767, 2408098, 163.86, 32767, 2408098, 167.57, 32766, 2408017, 176.39, 32768, 2408228, 179.11, 32768, 2407988, 202.07, 32768, 2408228, 204.23, 32768, 2408228, 234.93
h_145, 32768, 2416820, 0.00, 32768, 2416820, 0.08, 32768, 2408190, 1.96, 32768, 2407948, 31.30, 32768, 2408190, 33.68, 32768, 2408190, 35.27, 32768, 2408190, 37.71, 32768, 2408190, 39.42, 32768, 2408190, 43.04, 32768, 2408190, 45.03, 32768, 2407948, 59.96, 32768, 2408190, 61.46, 32768, 2408190, 66.34
h_146, 131071, 2322563, 0.00, 130160, 2288810, 0.18, 96678, 1190002, 4.80, 34905, 148820, 30.41, 34934, 149003, 56.30, 35940, 157489, 78.44, 85562, 892184, 99.91, 85900, 905169, 119.74, 35506, 154325, 128.19, 96659, 1189823, 132.88, 96652, 1189696, 138.73, 95694, 1168351, 144.90, 95680, 1168031, 151.67
h_147, 32768, 2422154, 0.00, 32592, 2418187, 0.10, 32588, 2417389, 1.78, 32588, 2417355, 16.90, 32588, 2417389, 20.20, 32588, 2417389, 22.16, 32588, 2417389, 25.02, 32588, 2417389, 27.47, 32588, 2417389, 33.10, 32588, 2417389, 35.71, 32588, 2417355, 41.90, 32588, 2417389, 44.10, 32588, 2417389, 46.45
h_148, 432535, 2038645, 0.00, 408231, 2000993, 1.16, 91817, 336100, 3.50, 91817, 336100, 23.97, 91817, 336100, 26.47, 91817, 336100, 28.24, 91817, 336100, 30.41, 91817, 336100, 32.48, 91817, 336100, 45.31, 91817, 336100, 47.54, 91817, 336100, 54.66, 91817, 336100, 56.46, 91817, 336100, 59.55
h_149, 131071, 2340382, 0.00, 130213, 2313856, 0.18, 98422, 1235631, 4.77, 35048, 150979, 32.77, 35124, 151462, 59.03, 35955, 158703, 84.82, 86210, 890273, 115.51, 86746, 906342, 134.53, 35556, 155558, 143.47, 98422, 1235618, 148.23, 98422, 1235606, 154.26, 97552, 1216757, 161.37, 97492, 1215826, 168.12
h_150, 65536, 2456589, 0.00, 65536, 2456589, 0.10, 65536, 2350296, 3.11, 65494, 2336553, 40.40, 65495, 2346664, 57.70, 65495, 2347750, 66.12, 65512, 2348622, 72.63, 65518, 2349109, 77.89, 65500, 2348187, 85.04, 65536, 2349254, 91.18, 65536, 2339757, 102.02, 65536, 2350251, 106.59, 65536, 2350263, 112.63
h_151, 65536, 2457973, 0.00, 65536, 2457973, 0.10, 65536, 2351158, 3.35, 65478, 2335265, 43.72, 65479, 2345997, 61.85, 65485, 2347671, 70.07, 65489, 2348007, 77.77, 65496, 2348587, 85.92, 65486, 2347897, 95.44, 65536, 2349916, 100.97, 65536, 2339852, 111.19, 65536, 2351089, 116.35, 65536, 2351081, 123.38
h_152, 65536, 2458355, 0.00, 65535, 2458351, 0.15, 65532, 2351854, 3.89, 65456, 2336233, 42.30, 65458, 2346369, 59.49, 65465, 2347889, 68.00, 65476, 2348370, 76.05, 65480, 2348698, 83.26, 65463, 2347871, 92.76, 65532, 2350794, 100.03, 65532, 2341364, 108.24, 65532, 2351794, 112.91, 65532, 2351772, 119.23
h_153, 32768, 2554765, 0.00, 32768, 2554765, 0.08, 32768, 2531231, 2.12, 32766, 2530340, 29.11, 32766, 2531048, 35.03, 32767, 2531152, 38.97, 32766, 2531048, 43.69, 32767, 2531127, 46.99, 32767, 2531127, 53.56, 32768, 2531231, 56.42, 32768, 2530522, 69.69, 32768, 2531231, 71.98, 32768, 2531231, 74.61
h_154, 32768, 2556720, 0.00, 32768, 2556720, 0.08, 32768, 2533362, 2.37, 32767, 2532371, 95.80, 32767, 2533227, 101.39, 32768, 2533362, 103.36, 32767, 2533228, 107.07, 32767, 2533228, 110.59, 32767, 2533228, 118.41, 32768, 2533362, 121.31, 32768, 2532507, 160.85, 32768, 2533361, 162.90, 32768, 2533362, 179.69
h_155, 131071, 2459701, 0.00, 130854, 2457829, 0.18, 130653, 2335334, 4.35, 130306, 2310151, 88.39, 130366, 2325882, 118.84, 130424, 2327959, 132.70, 130456, 2328806, 144.97, 130470, 2329685, 156.25, 130383, 2327523, 171.86, 130644, 2334622, 179.75, 130618, 2319975, 202.32, 130653, 2335293, 207.59, 130653, 2335260, 215.07
h_156, 32768, 2558829, 0.00, 32768, 2558829, 0.08, 32768, 2536077, 1.83, 32768, 2535323, 26.58, 32768, 2536076, 31.34, 32768, 2536077, 33.29, 32768, 2536077, 35.37, 32768, 2536077, 37.70, 32768, 2536077, 42.79, 32768, 2536076, 45.86, 32768, 2535324, 61.40, 32768, 2536077, 63.38, 32768, 2536077, 67.16
h_157, 281903, 2312497, 0.00, 84913, 797699, 12.96, 25953, 97379, 117.53, 24280, 79786, 226.98, 24498, 80816, 332.40, 24845, 82155, 438.16, 25705, 96045, 538.55, 25240, 92551, 675.22, 24280, 79787, 882.47, 25735, 96349, 978.93, 25264, 92922, 1095.86, 25953, 97377, 1185.51, 25851, 96930, 1392.50
h_158, 32768, 2614043, 0.00, 32691, 2612131, 0.15, 32682, 2610942, 2.00, 32680, 2610644, 20.78, 32680, 2610682, 26.70, 32680, 2610687, 29.62, 32682, 2610942, 32.21, 32682, 2610942, 34.24, 32680, 2610687, 42.65, 32682, 2610937, 45.96, 32682, 2610899, 52.84, 32682, 2610942, 55.17, 32682, 2610942, 58.35
h_159, 32768, 2621362, 0.00, 32677, 2619916, 0.10, 32670, 2618780, 1.89, 32670, 2618727, 16.84, 32670, 2618780, 19.76, 32670, 2618780, 21.92, 32670, 2618780, 24.04, 32670, 2618780, 26.43, 32670, 2618780, 31.47, 32670, 2618780, 34.26, 32670, 2618727, 42.57, 32670, 2618780, 44.64, 32670, 2618780, 47.54
h_160, 65536, 2593066, 0.00, 65536, 2593066, 0.13, 65536, 2470685, 1.89, 65136, 2440766, 20.15, 65136, 2440854, 31.36, 65137, 2441243, 38.32, 65488, 2467240, 41.48, 65488, 2467240, 45.77, 65137, 2441243, 53.79, 65536, 2470435, 57.09, 65536, 2470366, 59.98, 65536, 2470583, 63.22, 65536, 2470592, 67.04
h_161, 32768, 2684883, 0.00, 32768, 2684883, 0.13, 32768, 2684883, 3.10, 32768, 2684883, 44.92, 32768, 2684883, 50.06, 32768, 2684883, 53.35, 32768, 2684883, 56.34, 32768, 2684883, 59.54, 32768, 2684883, 85.15, 32768, 2684883, 90.01, 32768, 2684883, 106.31, 32768, 2684883, 109.00, 32768, 2684883, 113.12
h_162, 131072, 2587747, 0.00, 131072, 2587747, 0.23, 128, 1658, 1.49, 8, 16, 3.10, 8, 16, 4.44, 8, 16, 5.77, 128, 1658, 6.82, 128, 1658, 7.80, 8, 16, 8.78, 128, 1658, 9.86, 128, 1658, 10.79, 128, 1658, 11.71, 128, 1658, 12.78
h_163, 32768, 2696696, 0.00, 32768, 2696696, 0.09, 32768, 2638149, 3.85, 32763, 2633282, 28.58, 32763, 2637097, 36.60, 32763, 2637491, 41.61, 32764, 2637611, 46.28, 32765, 2637763, 50.74, 32764, 2637643, 58.75, 32768, 2637765, 64.36, 32768, 2634148, 72.99, 32768, 2638138, 77.81, 32768, 2638147, 83.28
h_164, 131072, 2620644, 0.00, 130663, 2614061, 0.18, 128794, 2260493, 9.57, 112625, 1445560, 307.14, 113334, 1496915, 526.61, 115832, 1586149, 638.43, 119167, 1700084, 725.08, 120628, 1818023, 772.96, 113432, 1508089, 801.00, 128721, 2254502, 815.97, 128364, 2185860, 829.07, 128617, 2249722, 844.46, 128372, 2239140, 864.54
h_165, 131072, 2622100, 0.00, 130969, 2620941, 0.19, 130815, 2459629, 6.04, 130430, 2423079, 126.92, 130496, 2446320, 163.68, 130548, 2449834, 182.46, 130570, 2450442, 196.39, 130627, 2452975, 209.98, 130548, 2450289, 226.76, 130813, 2458024, 236.20, 130806, 2437383, 258.67, 130813, 2459455, 265.92, 130815, 2459527, 275.42
h_166, 65536, 2728370, 0.00, 57452, 2124246, 3.18, 57452, 2124246, 6.86, 57452, 2124246, 11.87, 57452, 2124246, 15.70, 57452, 2124246, 18.95, 57452, 2124246, 21.98, 57452, 2124246, 25.58, 57452, 2124246, 30.06, 57452, 2124246, 33.73, 57452, 2124246, 37.89, 57452, 2124246, 41.37, 57452, 2124246, 44.56
h_167, 65536, 2731506, 0.00, 57531, 2126614, 3.70, 57531, 2126614, 6.89, 57531, 2126614, 13.05, 57531, 2126614, 17.05, 57531, 2126614, 21.11, 57531, 2126614, 24.85, 57531, 2126614, 27.91, 57531, 2126614, 31.98, 57531, 2126614, 35.28, 57531, 2126614, 38.61, 57531, 2126614, 41.24, 57531, 2126614, 44.02
h_168, 32768, 2794794, 0.00, 32746, 2794370, 0.10, 32741, 2793462, 1.98, 32739, 2793273, 20.13, 32739, 2793303, 24.95, 32739, 2793303, 29.46, 32740, 2793359, 33.55, 32740, 2793359, 38.33, 32739, 2793303, 48.34, 32741, 2793462, 51.27, 32741, 2793433, 61.12, 32741, 2793462, 63.31, 32741, 2793462, 66.22
h_169, 32768, 2808603, 0.00, 32723, 2807547, 0.10, 32720, 2806703, 1.33, 32719, 2806553, 27.36, 32720, 2806703, 30.66, 32720, 2806703, 32.09, 32720, 2806703, 33.85, 32720, 2806703, 36.15, 32719, 2806599, 45.13, 32720, 2806703, 47.20, 32720, 2806657, 56.27, 32720, 2806703, 57.62, 32720, 2806703, 60.02
h_170, 32768, 2838628, 0.00, 29712, 2409626, 1.90, 29712, 2409626, 3.50, 29712, 2409626, 7.78, 29712, 2409626, 9.59, 29712, 2409626, 11.44, 29712, 2409626, 13.67, 29712, 2409626, 15.91, 29712, 2409626, 19.69, 29712, 2409626, 21.34, 29712, 2409626, 23.57, 29712, 2409626, 25.75, 29712, 2409626, 27.75
h_171, 131072, 2741624, 0.00, 130027, 2695663, 0.19, 114429, 1720777, 10.16, 59655, 381011, 105.37, 59997, 384689, 186.53, 62610, 417109, 252.80, 94446, 967343, 329.58, 100286, 1205245, 371.22, 61597, 405818, 390.24, 114333, 1716655, 401.71, 114256, 1711218, 414.16, 112727, 1665455, 428.20, 112520, 1659904, 441.52
h_172, 32768, 2840800, 0.00, 29740, 2413360, 1.67, 29740, 2413360, 3.21, 29740, 2413360, 7.93, 29740, 2413360, 10.26, 29740, 2413360, 12.36, 29740, 2413360, 14.12, 29740, 2413360, 16.37, 29740, 2413360, 20.59, 29740, 2413360, 22.23, 29740, 2413360, 24.00, 29740, 2413360, 25.96, 29740, 2413360, 27.40
h_173, 32768, 2843144, 0.00, 29795, 2420962, 1.59, 29795, 2420962, 3.66, 29795, 2420962, 8.24, 29795, 2420962, 10.26, 29795, 2420962, 12.41, 29795, 2420962, 14.59, 29795, 2420962, 16.51, 29795, 2420962, 20.31, 29795, 2420962, 21.86, 29795, 2420962, 23.61, 29795, 2420962, 25.08, 29795, 2420962, 27.27
h_174, 131072, 2754294, 0.00, 130067, 2701388, 0.19, 114972, 1738436, 10.13, 59822, 382961, 104.85, 60163, 386690, 192.09, 62693, 418818, 263.30, 94152, 962598, 350.73, 100449, 1215057, 393.80, 61694, 407983, 412.07, 114882, 1734243, 425.39, 114803, 1729230, 436.95, 113545, 1693475, 452.71, 113319, 1688088, 468.88
h_175, 131072, 2757784, 0.00, 130914, 2754523, 0.19, 129745, 2400417, 7.50, 109381, 1407444, 182.86, 109675, 1419305, 318.51, 111214, 1476361, 398.09, 120319, 1818701, 463.54, 121733, 1924207, 503.41, 110361, 1448279, 526.78, 129685, 2395127, 540.09, 129640, 2381422, 550.42, 129625, 2388305, 562.93, 129603, 2386147, 575.01
h_176, 131072, 2777076, 0.00, 130970, 2775756, 0.19, 129890, 2424988, 6.92, 109384, 1405713, 180.27, 109615, 1416086, 320.18, 111130, 1471555, 404.24, 120233, 1823196, 477.66, 121969, 1953045, 517.76, 110353, 1448031, 542.17, 129855, 2419694, 556.16, 129795, 2403377, 567.55, 129803, 2413181, 581.68, 129754, 2409761, 595.54
h_177, 131072, 2784435, 0.00, 130955, 2781917, 0.19, 129790, 2429818, 7.69, 108882, 1404355, 174.07, 109131, 1416178, 308.74, 110672, 1471900, 390.89, 119956, 1823386, 480.25, 121635, 1952701, 521.16, 109856, 1446393, 548.41, 129770, 2425575, 559.64, 129680, 2410021, 570.60, 129621, 2416544, 585.28, 129540, 2412843, 600.57
h_178, 131072, 2785982, 0.00, 131040, 2785640, 0.17, 130916, 2573723, 5.42, 130246, 2509966, 123.81, 130302, 2545113, 168.30, 130372, 2552631, 188.99, 130483, 2556361, 204.58, 130526, 2558445, 220.20, 130342, 2552065, 239.23, 130913, 2569404, 252.59, 130899, 2537085, 270.25, 130905, 2572936, 278.22, 130901, 2572908, 289.53
h_179, 131072, 2921009, 0.00, 130768, 2907824, 0.29, 119530, 2057654, 6.32, 53179, 308205, 69.74, 53224, 308766, 127.92, 54690, 326258, 181.56, 104107, 1312009, 259.44, 108616, 1563643, 292.56, 54155, 320582, 308.00, 119499, 2056439, 315.76, 119499, 2056294, 324.80, 118754, 2034241, 335.49, 118720, 2033077, 346.82
h_180, 131072, 2949960, 0.00, 131060, 2949843, 0.21, 130986, 2695470, 4.87, 129634, 2627848, 50.48, 129643, 2632512, 79.36, 129670, 2638431, 94.24, 130589, 2677901, 104.47, 130577, 2677423, 114.54, 129646, 2637463, 127.41, 130986, 2691242, 135.29, 130981, 2686599, 141.80, 130986, 2694437, 150.58, 130981, 2694424, 157.50
h_181, 131072, 2950732, 0.00, 131059, 2950586, 0.18, 131013, 2696403, 3.46, 129763, 2633862, 50.11, 129772, 2638665, 77.07, 129792, 2643769, 90.98, 130641, 2680158, 99.96, 130631, 2679765, 108.39, 129770, 2642908, 118.50, 131013, 2692665, 128.03, 131013, 2687967, 133.28, 131013, 2695634, 140.31, 131013, 2695656, 147.04
h_182, 131072, 2951641, 0.00, 131058, 2951505, 0.18, 131007, 2697263, 3.85, 129717, 2633212, 46.92, 129721, 2637543, 76.91, 129738, 2642653, 91.96, 130600, 2679673, 102.04, 130599, 2679617, 111.33, 129725, 2642229, 123.14, 131007, 2693349, 132.11, 131007, 2688806, 137.26, 131007, 2696351, 143.63, 131007, 2696316, 151.00
h_183, 131072, 3115621, 0.00, 131072, 3115621, 0.17, 131029, 2963971, 1.64, 126958, 2771517, 19.07, 126958, 2771518, 33.53, 126960, 2771787, 45.05, 130839, 2955085, 50.90, 130839, 2955085, 55.24, 126960, 2771787, 66.00, 131029, 2963971, 68.55, 131029, 2963971, 70.66, 131029, 2963773, 73.04, 131029, 2963772, 75.61
h_184, 32768, 3221596, 0.00, 32768, 3221596, 0.15, 32768, 3221596, 3.90, 32768, 3221596, 51.34, 32768, 3221596, 58.01, 32768, 3221596, 62.28, 32768, 3221596, 65.86, 32768, 3221596, 69.61, 32768, 3221596, 100.09, 32768, 3221596, 105.46, 32768, 3221596, 122.97, 32768, 3221596, 126.84, 32768, 3221596, 132.87
h_185, 32768, 3222505, 0.00, 32768, 3222505, 0.15, 32768, 3222505, 3.73, 32768, 3222505, 54.77, 32768, 3222505, 60.20, 32768, 3222505, 64.24, 32768, 3222505, 68.29, 32768, 3222505, 72.14, 32768, 3222505, 102.11, 32768, 3222505, 108.13, 32768, 3222505, 126.26, 32768, 3222505, 130.21, 32768, 3222505, 135.54
h_186, 566326, 2770690, 0.00, 549251, 2745294, 1.17, 96919, 354849, 3.38, 96919, 354849, 27.16, 96919, 354849, 30.48, 96919, 354849, 33.73, 96919, 354849, 36.54, 96919, 354849, 39.08, 96919, 354849, 53.88, 96919, 354849, 56.66, 96919, 354849, 65.35, 96919, 354849, 68.00, 96919, 354849, 72.07
h_187, 131072, 3225441, 0.00, 131072, 3225441, 0.20, 516, 9108, 1.95, 9, 18, 4.16, 9, 18, 6.30, 9, 18, 8.45, 516, 9108, 10.04, 516, 9108, 11.51, 9, 18, 13.05, 516, 9108, 14.91, 516, 9108, 16.71, 516, 9108, 18.05, 516, 9108, 19.23
h_188, 262140, 3100200, 0.00, 163662, 1189436, 9.71, 163662, 1189436, 17.20, 163662, 1189436, 26.67, 163662, 1189436, 35.14, 163662, 1189436, 43.54, 163662, 1189436, 50.96, 163656, 1189416, 59.92, 163656, 1189416, 68.71, 163662, 1189436, 77.07, 163662, 1189436, 86.02, 163662, 1189436, 94.01, 163662, 1189436, 103.80
h_189, 262141, 3100310, 0.00, 163839, 1191914, 10.07, 163823, 1191802, 18.02, 163839, 1191914, 28.63, 163817, 1191838, 38.36, 163817, 1191838, 46.02, 163817, 1191838, 54.12, 163839, 1191914, 62.07, 163823, 1191802, 70.06, 163839, 1191914, 78.02, 163823, 1191802, 87.27, 163839, 1191914, 95.35, 163839, 1191914, 102.47
h_190, 131072, 3244452, 0.00, 131072, 3244452, 0.17, 3657, 86742, 4.57, 8, 16, 12.21, 8, 16, 19.37, 8, 16, 27.09, 3657, 86742, 31.31, 3657, 86742, 36.68, 8, 16, 41.66, 3657, 86742, 46.81, 3657, 86742, 51.63, 3657, 86742, 56.66, 3657, 86742, 62.07
h_191, 131072, 3275806, 0.00, 131072, 3275806, 0.20, 4513, 111314, 5.15, 4, 8, 12.18, 4, 8, 20.76, 4, 8, 29.71, 4513, 111314, 34.88, 4513, 111314, 41.03, 4, 8, 47.61, 4513, 111314, 54.05, 4513, 111314, 60.07, 4513, 111314, 65.00, 4513, 111314, 70.38
h_192, 32768, 3726392, 0.00, 32550, 3693014, 1.55, 32550, 3693014, 3.14, 32550, 3693014, 11.40, 32550, 3693014, 13.74, 32550, 3693014, 15.81, 32550, 3693014, 18.53, 32550, 3693014, 21.21, 32550, 3693014, 26.86, 32550, 3693014, 29.18, 32550, 3693014, 31.86, 32550, 3693014, 34.00, 32550, 3693014, 35.99
h_193, 32768, 3734348, 0.00, 32563, 3702362, 1.43, 32563, 3702362, 3.74, 32563, 3702362, 11.77, 32563, 3702362, 15.24, 32563, 3702362, 18.23, 32563, 3702362, 20.11, 32563, 3702362, 22.18, 32563, 3702362, 28.51, 32563, 3702362, 30.74, 32563, 3702362, 33.86, 32563, 3702362, 35.75, 32563, 3702362, 37.54
h_194, 4096, 4194304, 0.00, 4096, 4194304, 0.11, 4096, 4194304, 16.11, 4096, 4194304, 193.42, 4096, 4194304, 217.73, 4096, 4194304, 233.20, 4096, 4194304, 245.57, 4096, 4194304, 259.49, 4096, 4194304, 317.70, 4096, 4194304, 339.01, 4096, 4194304, 362.01, 4096, 4194304, 375.19, 4096, 4194304, 489.02
h_195, 4096, 4194304, 0.00, 4096, 4194304, 0.11, 4096, 4194304, 14.74, 4096, 4194304, 192.04, 4096, 4194304, 214.86, 4096, 4194304, 229.10, 4096, 4194304, 242.99, 4096, 4194304, 258.40, 4096, 4194304, 320.28, 4096, 4194304, 343.45, 4096, 4194304, 364.82, 4096, 4194304, 378.99, 4096, 4194304, 492.34
h_196, 8192, 4194304, 0.00, 8192, 4194304, 0.13, 8192, 4194304, 12.37, 8192, 4194304, 60.08, 8192, 4194304, 73.23, 8192, 4194304, 84.34, 8192, 4194304, 93.83, 8192, 4194304, 104.04, 8192, 4194304, 138.18, 8192, 4194304, 153.37, 8192, 4194304, 171.00, 8192, 4194304, 182.56, 8192, 4194304, 195.53
h_197, 8192, 4194304, 0.00, 8192, 4194304, 0.12, 8192, 4194304, 11.49, 8192, 4194304, 59.09, 8192, 4194304, 74.38, 8192, 4194304, 83.28, 8192, 4194304, 93.84, 8192, 4194304, 103.16, 8192, 4194304, 134.08, 8192, 4194304, 147.50, 8192, 4194304, 165.11, 8192, 4194304, 174.49, 8192, 4194304, 186.65
h_198, 962897, 4419758, 0.00, 887706, 4300594, 3.13, 232674, 851805, 8.20, 232674, 851805, 76.89, 232674, 851805, 84.22, 232674, 851805, 89.93, 232674, 851805, 96.33, 232674, 851805, 102.52, 232674, 851805, 141.99, 232674, 851805, 147.93, 232674, 851805, 170.90, 232674, 851805, 176.95, 232674, 851805, 186.74
h_199, 875713, 5105039, 0.00, 196078, 1756279, 2.86, 4161, 25256, 5.89, 3055, 13224, 12.38, 3125, 13650, 17.23, 3126, 13662, 22.77, 4035, 24004, 27.23, 3974, 23556, 31.21, 3061, 13307, 34.96, 4121, 25043, 38.04, 4049, 24482, 42.22, 4124, 24816, 45.15, 4045, 24424, 49.02
h_200, 2394385, 5021410, 0.00, 122, 261, 20.86, 12, 24, 21.00, 12, 24, 21.00, 12, 24, 21.00, 12, 24, 21.00, 12, 24, 21.00, 12, 24, 21.00, 12, 24, 21.00, 12, 24, 21.00, 12, 24, 21.00, 12, 24, 21.00, 12, 24, 21.00
