id, orig-N, orig-E, orig-time, basic-N, basic-E, basic-time, known-N, known-E, known-time, all_dom-N, all_dom-E, all_dom-time, fast_dom-N, fast_dom-E, fast_dom-time, dom1-N, dom1-E, dom1-time, dom2-N, dom2-E, dom2-time, dom3-N, dom3-E, dom3-time, dom4-N, dom4-E, dom4-time, dom5-N, dom5-E, dom5-time, dom_nca-N, dom_nca-E, dom_nca-time, dom_nca_full-N, dom_nca_full-E, dom_nca_full-time, dom_mixed-N, dom_mixed-E, dom_mixed-time, dom_mixed_full-N, dom_mixed_full-E, dom_mixed_full-time
e_002, 1024, 3322, 0.00, 219, 1080, 0.00, 214, 1045, 0.00, 202, 955, 7.45, 214, 1045, 7.45, 214, 1045, 7.45, 214, 1045, 7.46, 214, 1045, 7.46, 214, 1045, 7.46, 214, 1045, 7.46, 214, 1045, 7.46, 214, 1045, 7.46, 214, 1045, 7.46, 214, 1045, 7.46
e_003, 1024, 6055, 0.00, 919, 5594, 0.00, 402, 2266, 0.00, 199, 588, 0.01, 199, 588, 0.02, 199, 588, 0.03, 199, 588, 0.04, 199, 588, 0.04, 199, 588, 0.05, 199, 588, 0.06, 199, 588, 0.07, 199, 588, 0.08, 199, 588, 0.09, 199, 588, 0.09
e_004, 961, 5081, 0.00, 95, 524, 0.00, 7, 27, 0.00, 4, 8, 0.00, 4, 8, 0.00, 4, 8, 0.00, 4, 8, 0.00, 4, 8, 0.00, 4, 8, 0.00, 4, 8, 0.00, 4, 8, 0.00, 4, 8, 0.00, 7, 27, 0.00, 4, 8, 0.00
e_005, 1024, 5736, 0.00, 875, 5136, 0.00, 313, 1634, 0.00, 145, 444, 0.01, 145, 444, 0.02, 145, 444, 0.02, 145, 444, 0.03, 145, 444, 0.04, 145, 444, 0.04, 145, 444, 0.06, 145, 444, 0.07, 145, 444, 0.08, 159, 477, 0.09, 145, 444, 0.10
e_006, 808, 2211, 0.00, 19, 45, 0.00, 0, 0, 0.00, 0, 0, 0.00, 0, 0, 0.00, 0, 0, 0.00, 0, 0, 0.00, 0, 0, 0.00, 0, 0, 0.00, 0, 0, 0.00, 0, 0, 0.00, 0, 0, 0.00, 0, 0, 0.00, 0, 0, 0.00
e_007, 912, 4198, 0.00, 137, 570, 0.00, 4, 8, 0.00, 4, 8, 0.00, 4, 8, 0.00, 4, 8, 0.00, 4, 8, 0.00, 4, 8, 0.00, 4, 8, 0.00, 4, 8, 0.00, 4, 8, 0.00, 4, 8, 0.00, 4, 8, 0.00, 4, 8, 0.00
e_008, 2047, 15020, 0.00, 1908, 14272, 0.00, 405, 2528, 0.01, 170, 398, 0.02, 170, 398, 0.03, 170, 398, 0.04, 170, 398, 0.06, 170, 398, 0.07, 170, 398, 0.08, 170, 398, 0.09, 170, 398, 0.10, 170, 398, 0.12, 170, 398, 0.13, 170, 398, 0.14
e_009, 1000, 6804, 0.00, 380, 1677, 0.00, 0, 0, 0.00, 0, 0, 0.00, 0, 0, 0.00, 0, 0, 0.00, 0, 0, 0.00, 0, 0, 0.00, 0, 0, 0.00, 0, 0, 0.00, 0, 0, 0.00, 0, 0, 0.00, 0, 0, 0.00, 0, 0, 0.00
e_010, 1016, 7005, 0.00, 798, 6136, 0.00, 655, 4493, 0.01, 566, 3230, 0.31, 634, 4091, 0.35, 577, 3628, 0.43, 577, 3628, 0.51, 577, 3628, 0.59, 634, 4091, 0.63, 577, 3628, 0.71, 577, 3646, 0.78, 577, 3628, 0.88, 578, 3673, 0.95, 577, 3628, 1.03
e_011, 4086, 15076, 0.00, 2219, 7792, 0.00, 181, 448, 0.01, 174, 410, 0.01, 174, 410, 0.02, 174, 410, 0.03, 174, 410, 0.03, 174, 410, 0.04, 174, 410, 0.05, 174, 410, 0.05, 174, 410, 0.06, 174, 410, 0.06, 174, 410, 0.07, 174, 410, 0.08
e_012, 4092, 15066, 0.00, 2357, 8332, 0.00, 239, 587, 0.01, 232, 535, 0.01, 232, 535, 0.02, 232, 535, 0.02, 232, 535, 0.03, 232, 535, 0.03, 232, 535, 0.04, 232, 535, 0.04, 232, 535, 0.05, 232, 535, 0.05, 232, 535, 0.06, 232, 535, 0.07
e_013, 1924, 7038, 0.00, 519, 2636, 0.00, 138, 504, 0.00, 102, 268, 0.01, 102, 268, 0.01, 103, 281, 0.01, 102, 268, 0.02, 102, 268, 0.02, 102, 268, 0.03, 102, 268, 0.03, 102, 268, 0.03, 102, 268, 0.04, 110, 313, 0.04, 102, 268, 0.04
e_014, 1951, 7847, 0.00, 670, 3275, 0.00, 141, 628, 0.01, 100, 356, 0.02, 111, 438, 0.02, 108, 397, 0.03, 100, 357, 0.04, 100, 357, 0.06, 111, 438, 0.07, 100, 357, 0.08, 100, 357, 0.09, 100, 357, 0.10, 101, 384, 0.11, 100, 357, 0.12
e_015, 1979, 9390, 0.00, 909, 4984, 0.00, 139, 622, 0.01, 46, 98, 0.02, 46, 98, 0.03, 46, 98, 0.03, 52, 114, 0.04, 46, 98, 0.04, 46, 98, 0.05, 46, 98, 0.05, 46, 98, 0.06, 46, 98, 0.06, 80, 205, 0.07, 46, 98, 0.07
e_016, 1939, 10655, 0.00, 285, 1016, 0.00, 14, 38, 0.00, 12, 24, 0.00, 12, 24, 0.00, 12, 24, 0.00, 12, 24, 0.00, 12, 24, 0.00, 12, 24, 0.00, 12, 24, 0.00, 12, 24, 0.00, 12, 24, 0.00, 12, 24, 0.00, 12, 24, 0.00
e_017, 886, 3800, 0.00, 188, 740, 0.00, 0, 0, 0.00, 0, 0, 0.00, 0, 0, 0.00, 0, 0, 0.00, 0, 0, 0.00, 0, 0, 0.00, 0, 0, 0.00, 0, 0, 0.00, 0, 0, 0.00, 0, 0, 0.00, 0, 0, 0.00, 0, 0, 0.00
e_018, 1923, 5964, 0.00, 707, 2734, 0.00, 150, 502, 0.00, 96, 212, 0.00, 96, 212, 0.01, 96, 212, 0.01, 96, 212, 0.01, 96, 212, 0.01, 96, 212, 0.01, 96, 212, 0.02, 96, 212, 0.02, 96, 212, 0.02, 96, 212, 0.02, 96, 212, 0.03
e_019, 2034, 11718, 0.00, 1669, 10045, 0.00, 349, 1630, 0.01, 204, 538, 0.02, 204, 538, 0.03, 204, 538, 0.04, 204, 538, 0.05, 204, 538, 0.06, 204, 538, 0.07, 204, 538, 0.08, 204, 538, 0.09, 204, 538, 0.10, 208, 563, 0.11, 204, 538, 0.12
e_020, 1906, 7039, 0.00, 593, 2888, 0.00, 130, 476, 0.01, 89, 235, 0.02, 89, 235, 0.03, 89, 235, 0.03, 89, 235, 0.04, 89, 235, 0.04, 89, 235, 0.05, 89, 235, 0.06, 89, 235, 0.06, 89, 235, 0.07, 102, 281, 0.08, 89, 235, 0.08
e_021, 1872, 6147, 0.00, 488, 2193, 0.00, 80, 265, 0.00, 60, 138, 0.00, 60, 138, 0.01, 60, 138, 0.01, 60, 138, 0.01, 60, 138, 0.01, 60, 138, 0.01, 60, 138, 0.02, 60, 138, 0.02, 60, 138, 0.02, 66, 169, 0.02, 60, 138, 0.02
e_022, 830, 1884, 0.00, 110, 314, 0.00, 20, 51, 0.00, 12, 24, 0.00, 12, 24, 0.00, 12, 24, 0.00, 12, 24, 0.00, 12, 24, 0.00, 12, 24, 0.00, 12, 24, 0.00, 12, 24, 0.00, 12, 24, 0.00, 12, 24, 0.00, 12, 24, 0.00
e_023, 1600, 5400, 0.00, 143, 430, 0.00, 4, 8, 0.00, 4, 8, 0.00, 4, 8, 0.00, 4, 8, 0.00, 4, 8, 0.00, 4, 8, 0.00, 4, 8, 0.00, 4, 8, 0.00, 4, 8, 0.00, 4, 8, 0.00, 4, 8, 0.00, 4, 8, 0.00
e_024, 1920, 7546, 0.00, 678, 3435, 0.00, 102, 430, 0.01, 38, 102, 0.01, 38, 102, 0.01, 38, 102, 0.02, 38, 102, 0.02, 38, 102, 0.02, 38, 102, 0.03, 38, 102, 0.03, 38, 102, 0.03, 38, 102, 0.04, 71, 185, 0.04, 38, 102, 0.04
e_025, 860, 2802, 0.00, 94, 240, 0.00, 0, 0, 0.00, 0, 0, 0.00, 0, 0, 0.00, 0, 0, 0.00, 0, 0, 0.00, 0, 0, 0.00, 0, 0, 0.00, 0, 0, 0.00, 0, 0, 0.00, 0, 0, 0.00, 0, 0, 0.00, 0, 0, 0.00
e_026, 723, 1365, 0.00, 81, 214, 0.00, 6, 20, 0.00, 0, 0, 0.00, 0, 0, 0.00, 0, 0, 0.00, 0, 0, 0.00, 0, 0, 0.00, 0, 0, 0.00, 0, 0, 0.00, 0, 0, 0.00, 0, 0, 0.00, 0, 0, 0.00, 0, 0, 0.00
e_027, 1899, 9406, 0.00, 246, 830, 0.00, 0, 0, 0.00, 0, 0, 0.00, 0, 0, 0.00, 0, 0, 0.00, 0, 0, 0.00, 0, 0, 0.00, 0, 0, 0.00, 0, 0, 0.00, 0, 0, 0.00, 0, 0, 0.00, 0, 0, 0.00, 0, 0, 0.00
e_028, 1930, 7372, 0.00, 827, 4142, 0.00, 218, 814, 0.01, 178, 622, 0.01, 178, 622, 0.02, 178, 622, 0.03, 178, 622, 0.04, 178, 622, 0.04, 178, 622, 0.05, 178, 622, 0.06, 178, 622, 0.07, 178, 622, 0.07, 184, 644, 0.08, 178, 622, 0.09
e_029, 1938, 11302, 0.00, 387, 1355, 0.00, 16, 32, 0.00, 16, 32, 0.00, 16, 32, 0.00, 16, 32, 0.00, 16, 32, 0.00, 16, 32, 0.00, 16, 32, 0.00, 16, 32, 0.00, 16, 32, 0.00, 16, 32, 0.00, 16, 32, 0.00, 16, 32, 0.00
e_030, 2025, 11894, 0.00, 1574, 9448, 0.00, 117, 609, 0.00, 55, 129, 0.01, 55, 129, 0.01, 55, 129, 0.02, 55, 129, 0.02, 55, 129, 0.03, 55, 129, 0.03, 55, 129, 0.04, 55, 129, 0.04, 55, 129, 0.05, 55, 129, 0.05, 55, 129, 0.06
e_031, 4053, 26071, 0.00, 2849, 18124, 0.00, 426, 1771, 0.01, 176, 404, 0.04, 176, 404, 0.06, 176, 404, 0.08, 177, 410, 0.10, 176, 404, 0.13, 176, 404, 0.15, 176, 404, 0.17, 176, 404, 0.19, 176, 404, 0.21, 224, 544, 0.23, 176, 404, 0.25
e_032, 2010, 10642, 0.00, 1259, 7103, 0.00, 161, 734, 0.01, 73, 176, 0.01, 73, 176, 0.02, 73, 176, 0.03, 73, 176, 0.03, 73, 176, 0.04, 73, 176, 0.04, 73, 176, 0.05, 73, 176, 0.06, 73, 176, 0.06, 73, 176, 0.07, 73, 176, 0.07
e_033, 850, 2010, 0.00, 153, 442, 0.00, 29, 69, 0.00, 28, 62, 0.00, 28, 62, 0.00, 28, 62, 0.00, 28, 62, 0.00, 28, 62, 0.00, 28, 62, 0.00, 28, 62, 0.00, 28, 62, 0.00, 28, 62, 0.00, 28, 63, 0.00, 28, 62, 0.00
e_034, 940, 2650, 0.00, 330, 1289, 0.00, 25, 62, 0.00, 21, 42, 0.00, 21, 42, 0.00, 21, 42, 0.00, 21, 42, 0.00, 21, 42, 0.00, 21, 42, 0.00, 21, 42, 0.00, 21, 42, 0.00, 21, 42, 0.00, 21, 42, 0.00, 21, 42, 0.00
e_035, 4095, 17074, 0.00, 3347, 13592, 0.00, 654, 1980, 0.02, 558, 1506, 0.04, 558, 1506, 0.06, 558, 1506, 0.08, 558, 1506, 0.10, 558, 1506, 0.12, 558, 1506, 0.14, 558, 1506, 0.15, 558, 1506, 0.17, 558, 1506, 0.19, 558, 1506, 0.21, 558, 1506, 0.23
e_036, 4091, 29827, 0.00, 3841, 28395, 0.00, 838, 5283, 0.02, 291, 670, 0.05, 291, 670, 0.09, 291, 670, 0.12, 291, 670, 0.15, 291, 670, 0.18, 291, 670, 0.22, 291, 670, 0.25, 291, 670, 0.28, 291, 670, 0.32, 291, 670, 0.35, 291, 670, 0.39
e_037, 4094, 28675, 0.00, 3873, 27696, 0.00, 2480, 16360, 0.04, 1463, 6180, 0.15, 1463, 6180, 0.25, 1463, 6180, 0.34, 1463, 6180, 0.43, 1463, 6180, 0.51, 1463, 6180, 0.60, 1463, 6180, 0.68, 1463, 6180, 0.76, 1463, 6180, 0.84, 1464, 6197, 0.92, 1463, 6180, 1.00
e_038, 761, 1496, 0.00, 95, 287, 0.00, 0, 0, 0.00, 0, 0, 0.00, 0, 0, 0.00, 0, 0, 0.00, 0, 0, 0.00, 0, 0, 0.00, 0, 0, 0.00, 0, 0, 0.00, 0, 0, 0.00, 0, 0, 0.00, 0, 0, 0.00, 0, 0, 0.00
e_039, 928, 2570, 0.00, 363, 1241, 0.00, 30, 88, 0.00, 25, 50, 0.00, 25, 50, 0.00, 25, 50, 0.00, 25, 50, 0.00, 25, 50, 0.00, 25, 50, 0.00, 25, 50, 0.00, 25, 50, 0.00, 25, 50, 0.00, 25, 50, 0.00, 25, 50, 0.00
e_040, 4016, 21948, 0.00, 2044, 11058, 0.00, 269, 975, 0.01, 162, 383, 0.03, 162, 383, 0.04, 162, 383, 0.05, 162, 383, 0.06, 162, 383, 0.07, 162, 383, 0.08, 162, 383, 0.09, 162, 383, 0.10, 162, 383, 0.10, 162, 383, 0.11, 162, 383, 0.12
e_041, 4093, 27082, 0.00, 3679, 25294, 0.00, 2133, 13020, 0.03, 1257, 5184, 0.11, 1257, 5184, 0.19, 1257, 5184, 0.26, 1262, 5204, 0.34, 1257, 5184, 0.42, 1257, 5184, 0.49, 1257, 5184, 0.57, 1257, 5184, 0.65, 1257, 5184, 0.73, 1261, 5226, 0.80, 1257, 5184, 0.88
e_042, 1554, 5013, 0.00, 149, 467, 0.00, 0, 0, 0.00, 0, 0, 0.00, 0, 0, 0.00, 0, 0, 0.00, 0, 0, 0.00, 0, 0, 0.00, 0, 0, 0.00, 0, 0, 0.00, 0, 0, 0.00, 0, 0, 0.00, 0, 0, 0.00, 0, 0, 0.00
e_043, 1623, 5700, 0.00, 148, 464, 0.00, 4, 8, 0.00, 4, 8, 0.00, 4, 8, 0.00, 4, 8, 0.00, 4, 8, 0.00, 4, 8, 0.00, 4, 8, 0.00, 4, 8, 0.00, 4, 8, 0.00, 4, 8, 0.00, 4, 8, 0.00, 4, 8, 0.00
e_044, 4044, 23319, 0.00, 2522, 14241, 0.00, 325, 1204, 0.01, 152, 336, 0.02, 152, 336, 0.04, 152, 336, 0.05, 152, 336, 0.06, 152, 336, 0.08, 152, 336, 0.09, 152, 336, 0.10, 152, 336, 0.11, 152, 336, 0.13, 152, 336, 0.14, 152, 336, 0.15
e_045, 4093, 30202, 0.00, 3972, 29576, 0.00, 2816, 19785, 0.03, 1510, 6321, 0.11, 1510, 6321, 0.19, 1510, 6321, 0.28, 1510, 6321, 0.36, 1510, 6321, 0.44, 1510, 6321, 0.53, 1510, 6321, 0.61, 1510, 6321, 0.69, 1510, 6321, 0.77, 1510, 6321, 0.85, 1510, 6321, 0.94
e_046, 948, 2671, 0.00, 316, 1215, 0.00, 50, 180, 0.00, 33, 66, 0.00, 33, 66, 0.01, 33, 66, 0.01, 33, 66, 0.01, 33, 66, 0.01, 33, 66, 0.01, 33, 66, 0.01, 33, 66, 0.01, 33, 66, 0.01, 33, 66, 0.01, 33, 66, 0.01
e_047, 4092, 28612, 0.00, 3827, 27287, 0.00, 2694, 17433, 0.04, 1457, 6186, 0.16, 1457, 6186, 0.28, 1457, 6186, 0.39, 1457, 6186, 0.51, 1457, 6186, 0.63, 1457, 6186, 0.74, 1457, 6186, 0.85, 1457, 6186, 0.99, 1457, 6186, 1.11, 1527, 6447, 1.21, 1457, 6186, 1.33
e_049, 4057, 23857, 0.00, 2960, 18521, 0.00, 842, 4041, 0.02, 525, 1541, 0.06, 525, 1541, 0.10, 529, 1565, 0.13, 526, 1559, 0.17, 525, 1541, 0.21, 525, 1541, 0.24, 525, 1541, 0.28, 525, 1541, 0.32, 525, 1541, 0.36, 529, 1588, 0.40, 525, 1541, 0.43
e_053, 4080, 26872, 0.00, 3677, 25004, 0.00, 518, 2962, 0.02, 213, 454, 0.04, 213, 454, 0.07, 213, 454, 0.09, 213, 454, 0.12, 213, 454, 0.14, 213, 454, 0.16, 213, 454, 0.18, 213, 454, 0.21, 213, 454, 0.23, 213, 454, 0.26, 213, 454, 0.28
e_054, 811, 1951, 0.00, 294, 799, 0.00, 0, 0, 0.00, 0, 0, 0.00, 0, 0, 0.00, 0, 0, 0.00, 0, 0, 0.00, 0, 0, 0.00, 0, 0, 0.00, 0, 0, 0.00, 0, 0, 0.00, 0, 0, 0.00, 0, 0, 0.00, 0, 0, 0.00
e_055, 3844, 12085, 0.00, 1827, 6679, 0.00, 402, 1386, 0.01, 220, 558, 0.02, 220, 558, 0.03, 220, 558, 0.03, 220, 558, 0.04, 220, 558, 0.05, 220, 558, 0.06, 220, 558, 0.07, 220, 558, 0.08, 220, 558, 0.08, 220, 558, 0.09, 220, 558, 0.10
e_056, 4086, 26915, 0.00, 3721, 25095, 0.00, 540, 3327, 0.01, 237, 588, 0.04, 237, 588, 0.06, 237, 588, 0.08, 237, 588, 0.11, 237, 588, 0.13, 237, 588, 0.16, 237, 588, 0.18, 237, 588, 0.20, 237, 588, 0.22, 237, 588, 0.25, 237, 588, 0.27
e_057, 3847, 12298, 0.00, 1921, 7153, 0.00, 455, 1618, 0.01, 274, 700, 0.02, 274, 700, 0.03, 274, 700, 0.04, 274, 700, 0.05, 274, 700, 0.06, 274, 700, 0.07, 274, 700, 0.08, 274, 700, 0.09, 274, 700, 0.10, 274, 700, 0.11, 274, 700, 0.12
e_058, 8167, 27574, 0.00, 2858, 9112, 0.01, 265, 599, 0.02, 265, 599, 0.03, 265, 599, 0.03, 265, 599, 0.04, 265, 599, 0.05, 265, 599, 0.06, 265, 599, 0.07, 265, 599, 0.08, 265, 599, 0.09, 265, 599, 0.10, 265, 599, 0.11, 265, 599, 0.12
e_059, 722, 1124, 0.00, 104, 282, 0.00, 9, 24, 0.00, 8, 16, 0.00, 8, 16, 0.00, 8, 16, 0.00, 8, 16, 0.00, 8, 16, 0.00, 8, 16, 0.00, 8, 16, 0.00, 8, 16, 0.00, 8, 16, 0.00, 8, 16, 0.00, 8, 16, 0.00
e_060, 4052, 22629, 0.00, 2922, 17907, 0.00, 881, 4525, 0.02, 395, 1142, 0.05, 395, 1142, 0.08, 395, 1142, 0.11, 406, 1184, 0.14, 395, 1142, 0.18, 395, 1142, 0.21, 395, 1142, 0.24, 395, 1142, 0.28, 395, 1142, 0.31, 479, 1375, 0.34, 395, 1142, 0.38
e_061, 1724, 4320, 0.00, 273, 832, 0.00, 22, 66, 0.00, 18, 38, 0.00, 18, 38, 0.00, 18, 38, 0.00, 18, 38, 0.00, 18, 38, 0.00, 18, 38, 0.00, 18, 38, 0.00, 18, 38, 0.00, 18, 38, 0.00, 18, 38, 0.00, 18, 38, 0.00
e_062, 763, 1272, 0.00, 132, 372, 0.00, 17, 48, 0.00, 5, 10, 0.00, 5, 10, 0.00, 5, 10, 0.00, 5, 10, 0.00, 5, 10, 0.00, 5, 10, 0.00, 5, 10, 0.00, 5, 10, 0.00, 5, 10, 0.00, 5, 10, 0.00, 5, 10, 0.00
e_063, 4062, 23766, 0.00, 3197, 19562, 0.00, 925, 4864, 0.02, 400, 1058, 0.05, 400, 1058, 0.10, 400, 1058, 0.14, 405, 1068, 0.19, 400, 1058, 0.23, 400, 1058, 0.27, 400, 1058, 0.31, 400, 1058, 0.36, 400, 1058, 0.40, 467, 1233, 0.43, 400, 1058, 0.46
e_064, 1892, 6447, 0.00, 577, 2322, 0.00, 49, 172, 0.00, 16, 32, 0.00, 16, 32, 0.00, 16, 32, 0.01, 16, 32, 0.01, 16, 32, 0.01, 16, 32, 0.01, 16, 32, 0.01, 16, 32, 0.01, 16, 32, 0.01, 16, 32, 0.01, 16, 32, 0.01
e_065, 8089, 48759, 0.00, 4711, 28170, 0.01, 689, 3029, 0.04, 352, 928, 0.09, 352, 928, 0.13, 425, 1127, 0.16, 352, 928, 0.19, 352, 928, 0.23, 352, 928, 0.26, 352, 928, 0.30, 352, 928, 0.33, 352, 928, 0.36, 424, 1119, 0.40, 352, 928, 0.43
e_066, 8180, 29503, 0.00, 4007, 13675, 0.01, 394, 973, 0.01, 316, 711, 0.03, 316, 711, 0.04, 316, 711, 0.05, 316, 711, 0.06, 316, 711, 0.07, 316, 711, 0.08, 316, 711, 0.09, 316, 711, 0.10, 316, 711, 0.12, 316, 711, 0.13, 316, 711, 0.14
e_067, 1392, 4241, 0.00, 133, 330, 0.00, 0, 0, 0.00, 0, 0, 0.00, 0, 0, 0.00, 0, 0, 0.00, 0, 0, 0.00, 0, 0, 0.00, 0, 0, 0.00, 0, 0, 0.00, 0, 0, 0.00, 0, 0, 0.00, 0, 0, 0.00, 0, 0, 0.00
e_068, 4067, 24043, 0.00, 3203, 20333, 0.00, 890, 4821, 0.02, 421, 1196, 0.06, 421, 1196, 0.09, 421, 1196, 0.13, 426, 1206, 0.16, 421, 1196, 0.20, 421, 1196, 0.23, 421, 1196, 0.27, 421, 1196, 0.30, 421, 1196, 0.34, 493, 1390, 0.37, 421, 1196, 0.41
e_069, 4053, 22368, 0.00, 2832, 16816, 0.00, 764, 3771, 0.01, 426, 1129, 0.04, 426, 1129, 0.07, 426, 1129, 0.10, 433, 1181, 0.12, 426, 1129, 0.15, 426, 1129, 0.18, 426, 1129, 0.22, 426, 1129, 0.26, 426, 1129, 0.29, 427, 1146, 0.31, 426, 1129, 0.34
e_070, 1817, 5184, 0.00, 513, 1624, 0.00, 33, 98, 0.00, 28, 58, 0.00, 28, 58, 0.00, 28, 58, 0.00, 28, 58, 0.00, 28, 58, 0.01, 28, 58, 0.01, 28, 58, 0.01, 28, 58, 0.01, 28, 58, 0.01, 28, 58, 0.01, 28, 58, 0.01
e_071, 1789, 4896, 0.00, 398, 1254, 0.00, 31, 86, 0.00, 24, 48, 0.00, 24, 48, 0.00, 24, 48, 0.00, 24, 48, 0.00, 24, 48, 0.00, 24, 48, 0.00, 24, 48, 0.00, 24, 48, 0.00, 24, 48, 0.00, 24, 48, 0.00, 24, 48, 0.00
e_072, 3968, 18054, 0.00, 2212, 11498, 0.00, 609, 2618, 0.01, 331, 862, 0.04, 331, 862, 0.07, 331, 862, 0.09, 332, 870, 0.11, 331, 862, 0.14, 331, 862, 0.16, 331, 862, 0.18, 331, 862, 0.21, 331, 862, 0.23, 379, 1000, 0.25, 331, 862, 0.28
e_073, 8132, 51796, 0.00, 6192, 41910, 0.01, 2050, 10794, 0.05, 976, 2877, 0.15, 976, 2877, 0.24, 976, 2877, 0.32, 991, 2949, 0.41, 976, 2877, 0.50, 976, 2877, 0.59, 976, 2877, 0.68, 976, 2877, 0.78, 976, 2877, 0.87, 989, 2955, 0.95, 976, 2877, 1.04
e_074, 802, 1525, 0.00, 248, 671, 0.00, 5, 16, 0.00, 4, 8, 0.00, 4, 8, 0.00, 4, 8, 0.00, 4, 8, 0.00, 4, 8, 0.00, 4, 8, 0.00, 4, 8, 0.00, 4, 8, 0.00, 4, 8, 0.00, 4, 8, 0.00, 4, 8, 0.00
e_075, 8189, 31504, 0.00, 5402, 19961, 0.01, 685, 1802, 0.02, 568, 1371, 0.04, 568, 1371, 0.07, 568, 1371, 0.09, 571, 1383, 0.11, 568, 1371, 0.13, 568, 1371, 0.15, 568, 1371, 0.18, 568, 1371, 0.20, 568, 1371, 0.22, 568, 1371, 0.24, 568, 1371, 0.26
e_076, 8153, 51863, 0.00, 6867, 45423, 0.01, 1604, 9140, 0.04, 599, 1542, 0.10, 599, 1542, 0.17, 599, 1542, 0.24, 599, 1542, 0.31, 599, 1542, 0.39, 599, 1542, 0.46, 599, 1542, 0.53, 599, 1542, 0.60, 599, 1542, 0.67, 708, 1824, 0.73, 599, 1542, 0.80
e_077, 8168, 54744, 0.00, 7402, 51303, 0.01, 1122, 6417, 0.03, 446, 1028, 0.09, 446, 1028, 0.15, 446, 1028, 0.21, 446, 1028, 0.27, 446, 1028, 0.34, 446, 1028, 0.40, 446, 1028, 0.46, 446, 1028, 0.53, 446, 1028, 0.59, 498, 1159, 0.64, 446, 1028, 0.70
e_078, 3960, 15992, 0.00, 2107, 9887, 0.00, 345, 1442, 0.01, 158, 356, 0.02, 158, 356, 0.03, 158, 356, 0.04, 158, 356, 0.05, 158, 356, 0.06, 158, 356, 0.07, 158, 356, 0.08, 158, 356, 0.09, 158, 356, 0.10, 158, 356, 0.11, 158, 356, 0.12
e_079, 8153, 52154, 0.00, 7018, 46613, 0.01, 1407, 7385, 0.04, 658, 1569, 0.11, 658, 1569, 0.17, 658, 1569, 0.23, 658, 1569, 0.30, 658, 1569, 0.36, 658, 1569, 0.42, 658, 1569, 0.49, 658, 1569, 0.55, 658, 1569, 0.62, 659, 1578, 0.69, 658, 1569, 0.76
e_080, 1024, 3480, 0.00, 296, 1379, 0.00, 292, 1349, 0.00, 291, 1330, 7.40, 292, 1349, 7.40, 292, 1349, 7.40, 292, 1349, 7.40, 292, 1349, 7.40, 292, 1349, 7.41, 292, 1349, 7.41, 292, 1349, 7.41, 292, 1349, 7.41, 292, 1349, 7.41, 292, 1349, 7.42
e_081, 8142, 51030, 0.00, 6963, 45552, 0.01, 1488, 8211, 0.04, 576, 1406, 0.12, 576, 1406, 0.19, 576, 1406, 0.26, 576, 1406, 0.34, 576, 1406, 0.42, 576, 1406, 0.51, 576, 1406, 0.58, 576, 1406, 0.65, 576, 1406, 0.72, 701, 1706, 0.80, 576, 1406, 0.89
e_082, 8058, 43548, 0.00, 5689, 30907, 0.01, 308, 1238, 0.02, 158, 320, 0.04, 158, 320, 0.06, 158, 320, 0.09, 158, 320, 0.12, 158, 320, 0.15, 158, 320, 0.18, 158, 320, 0.20, 158, 320, 0.23, 158, 320, 0.26, 158, 320, 0.28, 158, 320, 0.31
e_083, 1712, 3537, 0.00, 466, 1382, 0.00, 33, 102, 0.00, 20, 40, 0.00, 20, 40, 0.00, 20, 40, 0.00, 20, 40, 0.00, 20, 40, 0.00, 20, 40, 0.00, 20, 40, 0.01, 20, 40, 0.01, 20, 40, 0.01, 20, 40, 0.01, 20, 40, 0.01
e_084, 503, 1024, 0.00, 116, 398, 0.00, 114, 391, 0.00, 114, 391, 4.31, 114, 391, 4.31, 114, 391, 4.31, 114, 391, 4.31, 114, 391, 4.31, 114, 391, 4.31, 114, 391, 4.31, 114, 391, 4.31, 114, 391, 4.31, 114, 391, 4.31, 114, 391, 4.31
e_086, 16360, 124104, 0.00, 15460, 119107, 0.02, 3438, 21983, 0.10, 1173, 2896, 0.28, 1173, 2896, 0.46, 1173, 2896, 0.64, 1173, 2896, 0.81, 1173, 2896, 0.99, 1173, 2896, 1.17, 1173, 2896, 1.35, 1173, 2896, 1.54, 1173, 2896, 1.72, 1173, 2896, 1.89, 1173, 2896, 2.07
e_088, 8189, 65903, 0.00, 8023, 65189, 0.01, 6629, 51204, 0.06, 3912, 18527, 0.32, 3912, 18527, 0.57, 3912, 18527, 0.82, 3912, 18527, 1.06, 3912, 18527, 1.30, 3912, 18527, 1.54, 3912, 18527, 1.79, 3912, 18527, 2.03, 3912, 18527, 2.27, 3913, 18544, 2.51, 3912, 18527, 2.75
e_089, 8168, 55556, 0.00, 7388, 52134, 0.01, 4778, 28939, 0.12, 3278, 15082, 0.50, 3278, 15082, 0.87, 3278, 15082, 1.11, 3310, 15272, 1.41, 3278, 15082, 1.71, 3278, 15082, 2.01, 3278, 15082, 2.31, 3278, 15082, 2.61, 3278, 15082, 2.91, 3289, 15277, 3.22, 3278, 15082, 3.54
e_090, 1740, 3544, 0.00, 488, 1402, 0.00, 46, 136, 0.00, 39, 80, 0.00, 39, 80, 0.00, 39, 80, 0.01, 39, 80, 0.01, 39, 80, 0.01, 39, 80, 0.01, 39, 80, 0.01, 39, 80, 0.01, 39, 80, 0.01, 39, 80, 0.01, 39, 80, 0.01
e_091, 1726, 3364, 0.00, 406, 1137, 0.00, 14, 34, 0.00, 13, 26, 0.00, 13, 26, 0.00, 13, 26, 0.00, 13, 26, 0.00, 13, 26, 0.00, 13, 26, 0.00, 13, 26, 0.00, 13, 26, 0.00, 13, 26, 0.00, 13, 26, 0.00, 13, 26, 0.00
e_092, 16333, 119263, 0.00, 13996, 98448, 0.01, 959, 4428, 0.07, 532, 1170, 0.15, 532, 1170, 0.24, 532, 1170, 0.32, 532, 1170, 0.41, 532, 1170, 0.49, 532, 1170, 0.58, 532, 1170, 0.67, 532, 1170, 0.75, 532, 1170, 0.84, 532, 1170, 0.93, 532, 1170, 1.01
e_093, 16333, 109487, 0.00, 14991, 102670, 0.01, 1873, 10861, 0.07, 736, 1672, 0.18, 736, 1672, 0.28, 736, 1672, 0.39, 736, 1672, 0.50, 736, 1672, 0.61, 736, 1672, 0.72, 736, 1672, 0.83, 736, 1672, 0.94, 736, 1672, 1.05, 736, 1672, 1.16, 736, 1672, 1.27
e_094, 8087, 41813, 0.00, 5683, 31857, 0.01, 940, 4211, 0.03, 463, 1094, 0.08, 463, 1094, 0.13, 463, 1094, 0.17, 463, 1094, 0.22, 463, 1094, 0.26, 463, 1094, 0.31, 463, 1094, 0.35, 463, 1094, 0.40, 463, 1094, 0.44, 519, 1242, 0.48, 463, 1094, 0.53
e_095, 8174, 59029, 0.00, 7664, 56758, 0.01, 5223, 34185, 0.09, 3668, 17497, 0.49, 3668, 17497, 0.80, 3669, 17516, 1.06, 3681, 17589, 1.34, 3668, 17497, 1.67, 3668, 17497, 2.06, 3668, 17497, 2.40, 3668, 17497, 2.71, 3668, 17497, 3.04, 3686, 17643, 3.36, 3668, 17497, 3.78
e_096, 16290, 113251, 0.00, 12184, 80761, 0.01, 1476, 7214, 0.06, 587, 1384, 0.16, 587, 1384, 0.25, 587, 1384, 0.34, 587, 1384, 0.43, 587, 1384, 0.52, 587, 1384, 0.61, 587, 1384, 0.70, 587, 1384, 0.79, 587, 1384, 0.88, 758, 1807, 0.96, 587, 1384, 1.04
e_097, 16314, 103725, 0.00, 13933, 92026, 0.03, 2908, 16011, 0.11, 1253, 3184, 0.31, 1253, 3184, 0.49, 1253, 3184, 0.64, 1253, 3184, 0.81, 1253, 3184, 0.97, 1253, 3184, 1.12, 1253, 3184, 1.27, 1253, 3184, 1.42, 1253, 3184, 1.57, 1443, 3686, 1.70, 1253, 3184, 1.85
e_098, 16245, 107319, 0.00, 12731, 80615, 0.01, 684, 2842, 0.05, 364, 810, 0.13, 364, 810, 0.20, 364, 810, 0.28, 364, 810, 0.34, 364, 810, 0.40, 364, 810, 0.46, 364, 810, 0.52, 364, 810, 0.58, 364, 810, 0.64, 364, 810, 0.70, 364, 810, 0.77
e_099, 8061, 38175, 0.00, 6290, 31553, 0.01, 430, 1708, 0.02, 243, 510, 0.05, 243, 510, 0.08, 243, 510, 0.12, 243, 510, 0.15, 243, 510, 0.18, 243, 510, 0.21, 243, 510, 0.23, 243, 510, 0.26, 243, 510, 0.28, 243, 510, 0.31, 243, 510, 0.33
e_100, 32735, 246591, 0.00, 31059, 236551, 0.03, 5665, 35328, 0.20, 1879, 4618, 0.63, 1879, 4618, 1.03, 1879, 4618, 1.49, 1879, 4618, 1.91, 1879, 4618, 2.36, 1879, 4618, 2.85, 1879, 4618, 3.26, 1879, 4618, 3.66, 1879, 4618, 4.09, 2273, 5638, 4.45, 1879, 4618, 4.85
e_101, 32724, 246723, 0.00, 30942, 236317, 0.04, 6021, 38661, 0.24, 2102, 5054, 0.66, 2102, 5054, 1.05, 2102, 5054, 1.46, 2102, 5054, 1.86, 2102, 5054, 2.27, 2102, 5054, 2.72, 2102, 5054, 3.12, 2102, 5054, 3.51, 2102, 5054, 3.96, 2102, 5054, 4.36, 2102, 5054, 4.76
e_102, 16384, 73685, 0.00, 15538, 69031, 0.01, 6900, 25776, 0.15, 5113, 16194, 0.43, 5113, 16194, 0.69, 5113, 16194, 0.94, 5113, 16194, 1.20, 5113, 16194, 1.50, 5113, 16194, 1.79, 5113, 16194, 2.05, 5113, 16194, 2.31, 5113, 16194, 2.56, 5113, 16194, 2.82, 5113, 16194, 3.09
e_103, 16384, 77536, 0.00, 7587, 27486, 0.06, 7534, 27226, 0.11, 7568, 27408, 0.18, 7566, 27414, 0.23, 7587, 27486, 0.29, 7465, 26960, 0.34, 7587, 27486, 0.39, 7577, 27438, 0.45, 7578, 27432, 0.50, 7587, 27486, 0.55, 7540, 27262, 0.61, 7463, 26974, 0.66, 7515, 27140, 0.72
e_104, 16384, 77432, 0.00, 7701, 27648, 0.06, 7681, 27570, 0.11, 7701, 27648, 0.18, 7682, 27572, 0.24, 7662, 27496, 0.30, 7641, 27430, 0.36, 7675, 27544, 0.41, 7696, 27618, 0.47, 7695, 27626, 0.52, 7681, 27570, 0.58, 7570, 27160, 0.64, 7676, 27566, 0.69, 7663, 27516, 0.75
e_105, 2048, 10584, 0.00, 744, 4739, 0.00, 743, 4687, 0.00, 743, 4671, 3.01, 743, 4687, 3.01, 743, 4687, 3.02, 743, 4687, 3.02, 743, 4687, 3.03, 743, 4687, 3.04, 743, 4687, 3.04, 743, 4687, 3.04, 743, 4687, 3.05, 743, 4687, 3.06, 743, 4687, 3.06
e_106, 16349, 119809, 0.00, 15102, 113570, 0.02, 10785, 68565, 0.21, 8017, 40370, 1.25, 8018, 40384, 2.13, 8024, 40431, 2.71, 8062, 40630, 3.44, 8018, 40384, 4.18, 8018, 40384, 4.93, 8018, 40384, 5.67, 8018, 40384, 6.41, 8018, 40384, 7.21, 8073, 40875, 7.90, 8018, 40384, 8.65
e_107, 16316, 104833, 0.00, 13722, 93444, 0.02, 8470, 46905, 0.27, 6498, 29524, 1.32, 6520, 29677, 2.14, 6546, 29917, 2.88, 6514, 29630, 3.81, 6500, 29565, 4.65, 6520, 29677, 5.47, 6500, 29565, 6.36, 6500, 29591, 7.17, 6500, 29565, 8.12, 6634, 30640, 8.91, 6500, 29565, 9.81
e_108, 2048, 30272, 0.00, 2043, 30259, 0.00, 2011, 28323, 0.01, 1686, 19908, 0.09, 1686, 19908, 0.17, 1686, 19908, 0.23, 1686, 19908, 0.31, 1686, 19908, 0.38, 1686, 19908, 0.46, 1686, 19908, 0.53, 1686, 19908, 0.59, 1686, 19908, 0.67, 1686, 19910, 0.73, 1686, 19908, 0.80
e_110, 2048, 6990, 0.00, 613, 3121, 0.00, 611, 3083, 0.00, 611, 3069, 1.32, 611, 3083, 1.32, 611, 3083, 1.33, 611, 3083, 1.33, 611, 3083, 1.34, 611, 3083, 1.34, 611, 3083, 1.35, 611, 3083, 1.35, 611, 3083, 1.35, 611, 3083, 1.36, 611, 3083, 1.37
e_112, 2048, 30308, 0.00, 2048, 30308, 0.00, 1981, 28075, 0.01, 1664, 19725, 0.13, 1664, 19725, 0.23, 1664, 19725, 0.32, 1664, 19725, 0.43, 1664, 19725, 0.53, 1664, 19725, 0.62, 1664, 19725, 0.70, 1664, 19725, 0.77, 1664, 19725, 0.85, 1666, 19775, 0.92, 1664, 19725, 1.00
e_114, 2044, 23899, 0.00, 2001, 23591, 0.00, 1933, 19544, 0.05, 1813, 16599, 0.54, 1837, 17696, 0.75, 1816, 17406, 0.98, 1815, 17375, 1.25, 1815, 17375, 1.49, 1837, 17696, 1.70, 1815, 17375, 1.99, 1815, 17433, 2.20, 1815, 17375, 2.48, 1815, 17402, 2.71, 1815, 17375, 3.00
e_115, 32766, 304304, 0.00, 32537, 303055, 0.03, 29229, 259159, 0.29, 20708, 127527, 2.16, 20708, 127527, 3.83, 20708, 127527, 5.29, 20713, 127615, 7.08, 20708, 127527, 8.70, 20708, 127527, 10.34, 20708, 127527, 12.01, 20708, 127527, 13.71, 20708, 127527, 15.52, 20720, 127638, 17.13, 20708, 127527, 18.89
e_116, 1024, 24462, 0.00, 1024, 24462, 0.00, 1019, 23171, 0.01, 938, 19654, 0.07, 938, 19654, 0.12, 938, 19654, 0.16, 938, 19654, 0.22, 938, 19654, 0.28, 938, 19654, 0.34, 938, 19654, 0.40, 938, 19654, 0.45, 938, 19654, 0.50, 938, 19657, 0.55, 938, 19654, 0.60
e_117, 32764, 304790, 0.00, 32505, 303380, 0.04, 29455, 261485, 0.42, 20471, 124413, 2.23, 20471, 124413, 3.86, 20471, 124413, 5.44, 20472, 124423, 7.15, 20471, 124413, 8.76, 20471, 124413, 10.36, 20471, 124413, 12.00, 20471, 124413, 13.73, 20471, 124413, 15.52, 20475, 124460, 17.11, 20471, 124413, 18.75
e_118, 32711, 240624, 0.00, 29866, 226347, 0.03, 21797, 134183, 0.61, 17359, 87646, 3.67, 17381, 87968, 6.31, 17483, 88643, 8.28, 17438, 88297, 10.61, 17379, 87936, 13.02, 17381, 87968, 15.39, 17379, 87936, 17.84, 17379, 87971, 20.17, 17379, 87936, 22.68, 17511, 89235, 24.88, 17379, 87936, 27.31
e_119, 32751, 272707, 0.00, 31628, 266728, 0.03, 26485, 194384, 0.41, 21132, 123334, 3.11, 21133, 123353, 5.30, 21145, 123430, 6.87, 21174, 123615, 9.06, 21133, 123353, 11.17, 21133, 123353, 13.42, 21133, 123353, 15.54, 21133, 123360, 17.75, 21133, 123353, 19.85, 21203, 124092, 22.00, 21133, 123353, 24.10
e_120, 2048, 28679, 0.00, 2038, 28635, 0.00, 2001, 25511, 0.01, 1822, 20930, 0.11, 1822, 20930, 0.18, 1822, 20930, 0.24, 1822, 20930, 0.33, 1822, 20930, 0.40, 1822, 20930, 0.48, 1822, 20930, 0.55, 1822, 20930, 0.63, 1822, 20930, 0.70, 1823, 20977, 0.77, 1822, 20930, 0.84
e_121, 1024, 5480, 0.00, 525, 3412, 0.00, 515, 3295, 0.01, 515, 3292, 1.07, 515, 3293, 1.07, 515, 3293, 1.08, 515, 3293, 1.09, 515, 3293, 1.10, 515, 3293, 1.11, 515, 3293, 1.11, 515, 3295, 1.12, 515, 3293, 1.13, 515, 3293, 1.13, 515, 3293, 1.14
e_122, 32766, 305033, 0.00, 32563, 303900, 0.03, 29473, 262548, 0.38, 20399, 124974, 2.27, 20399, 124974, 4.09, 20399, 124974, 5.86, 20402, 125024, 7.74, 20399, 124974, 9.51, 20399, 124974, 11.29, 20399, 124974, 13.33, 20399, 124974, 15.18, 20399, 124974, 16.95, 20406, 125082, 18.63, 20399, 124974, 20.66
e_123, 32735, 256256, 0.00, 30893, 247080, 0.03, 24661, 164765, 0.46, 19872, 108095, 3.29, 19876, 108147, 5.54, 19905, 108375, 7.19, 19944, 108644, 9.51, 19876, 108147, 11.90, 19876, 108147, 14.09, 19876, 108147, 16.25, 19876, 108154, 18.31, 19876, 108147, 20.54, 20010, 109491, 22.35, 19876, 108147, 24.47
e_124, 32760, 288288, 0.00, 32156, 285096, 0.03, 28164, 226463, 0.35, 21596, 132639, 2.34, 21596, 132639, 4.24, 21596, 132639, 5.88, 21619, 132827, 7.72, 21596, 132639, 9.60, 21596, 132639, 11.62, 21596, 132639, 13.59, 21596, 132639, 15.53, 21596, 132639, 17.40, 21641, 133192, 19.14, 21596, 132639, 21.07
e_125, 32759, 288748, 0.00, 32168, 285568, 0.03, 28018, 225376, 0.36, 21233, 129811, 2.47, 21233, 129812, 4.41, 21234, 129828, 6.04, 21256, 130002, 8.10, 21233, 129812, 10.03, 21233, 129812, 11.96, 21233, 129812, 14.18, 21233, 129812, 16.12, 21233, 129812, 18.37, 21322, 130596, 20.02, 21233, 129812, 22.03
e_126, 32762, 288979, 0.00, 32235, 286024, 0.04, 28000, 226927, 0.41, 21306, 131754, 2.68, 21306, 131754, 4.63, 21308, 131765, 6.26, 21330, 132018, 8.24, 21306, 131754, 10.21, 21306, 131754, 12.17, 21306, 131754, 14.12, 21306, 131754, 16.10, 21306, 131754, 18.06, 21334, 132107, 19.80, 21306, 131754, 21.74
e_127, 2046, 25492, 0.00, 2024, 25366, 0.00, 1975, 21042, 0.03, 1853, 18178, 0.21, 1853, 18342, 0.36, 1853, 18342, 0.48, 1853, 18339, 0.63, 1853, 18342, 0.77, 1853, 18342, 0.91, 1853, 18342, 1.06, 1853, 18397, 1.19, 1853, 18342, 1.34, 1854, 18388, 1.47, 1853, 18342, 1.64
e_128, 32748, 272272, 0.00, 31638, 266518, 0.03, 26579, 194325, 0.45, 21130, 123661, 3.05, 21132, 123679, 5.19, 21140, 123768, 7.00, 21251, 124735, 9.14, 21130, 123668, 11.31, 21132, 123679, 13.62, 21130, 123668, 15.91, 21130, 123670, 18.05, 21130, 123668, 20.38, 21240, 124941, 22.51, 21130, 123668, 24.80
e_129, 32732, 256665, 0.00, 30901, 247147, 0.04, 24068, 160887, 0.60, 19276, 104253, 3.62, 19291, 104451, 5.99, 19319, 104692, 7.74, 19364, 104955, 10.15, 19291, 104451, 12.53, 19291, 104451, 14.92, 19291, 104451, 17.39, 19291, 104471, 19.65, 19291, 104451, 22.03, 19352, 105522, 24.38, 19291, 104451, 26.80
e_130, 32759, 272924, 0.00, 31590, 266651, 0.05, 26044, 191638, 0.54, 20256, 118730, 2.82, 20257, 118742, 5.07, 20277, 118883, 6.68, 20325, 119362, 8.89, 20257, 118742, 11.16, 20257, 118742, 13.28, 20257, 118742, 15.36, 20257, 118744, 17.43, 20257, 118742, 19.54, 20326, 119484, 21.41, 20257, 118742, 23.49
e_131, 32719, 240240, 0.00, 29886, 226224, 0.03, 21915, 135119, 0.58, 17707, 90989, 3.97, 17745, 91255, 6.52, 17829, 91812, 8.54, 17809, 91578, 11.06, 17744, 91247, 13.94, 17745, 91255, 16.71, 17744, 91247, 19.82, 17745, 91361, 22.11, 17744, 91247, 24.75, 17934, 93041, 26.92, 17744, 91247, 29.56
e_133, 2046, 22332, 0.00, 1933, 21704, 0.00, 1805, 17946, 0.05, 1679, 14973, 1.19, 1721, 16455, 1.41, 1703, 16180, 1.67, 1699, 16123, 1.93, 1700, 16144, 2.19, 1721, 16455, 2.41, 1699, 16123, 2.69, 1700, 16214, 2.90, 1699, 16123, 3.18, 1702, 16200, 3.42, 1699, 16123, 3.69
e_134, 32741, 256870, 0.00, 30849, 246884, 0.03, 23914, 160821, 0.51, 18940, 104135, 3.52, 18946, 104220, 5.97, 18991, 104510, 7.86, 18996, 104635, 10.36, 18945, 104198, 12.83, 18946, 104220, 15.43, 18945, 104198, 17.97, 18945, 104207, 20.39, 18945, 104198, 22.92, 19011, 105075, 25.37, 18945, 104198, 27.91
e_135, 32716, 240816, 0.00, 29867, 226939, 0.03, 21426, 132930, 0.77, 16901, 87088, 4.20, 16912, 87256, 6.88, 16989, 87729, 8.88, 16957, 87576, 11.41, 16910, 87249, 14.03, 16912, 87256, 16.67, 16910, 87249, 19.41, 16910, 87310, 22.00, 16910, 87249, 24.87, 17036, 88398, 27.35, 16910, 87249, 30.18
e_136, 65532, 288528, 0.00, 61731, 268040, 0.05, 25763, 93371, 0.53, 17309, 53146, 1.93, 17309, 53146, 3.19, 17309, 53146, 4.43, 17309, 53146, 5.70, 17309, 53146, 7.02, 17309, 53146, 8.30, 17309, 53146, 9.55, 17309, 53146, 10.77, 17309, 53146, 12.26, 17733, 54339, 13.22, 17309, 53146, 14.46
e_137, 2048, 7003, 0.00, 640, 3188, 0.00, 637, 3139, 0.00, 636, 3121, 0.54, 637, 3139, 0.55, 637, 3139, 0.55, 637, 3139, 0.56, 637, 3139, 0.57, 637, 3139, 0.57, 637, 3139, 0.58, 637, 3139, 0.58, 637, 3139, 0.59, 637, 3139, 0.60, 637, 3139, 0.61
e_138, 65530, 273310, 0.00, 56569, 229701, 0.06, 14074, 44775, 0.46, 11063, 31280, 1.10, 11063, 31280, 1.70, 11063, 31280, 2.27, 11070, 31306, 2.92, 11063, 31280, 3.51, 11063, 31280, 4.11, 11063, 31280, 4.71, 11063, 31280, 5.33, 11063, 31280, 5.93, 11063, 31280, 6.65, 11063, 31280, 7.26
e_139, 65535, 288492, 0.00, 61700, 267847, 0.07, 25698, 93357, 0.58, 17765, 55178, 1.90, 17765, 55178, 3.06, 17765, 55178, 4.24, 17765, 55178, 5.66, 17765, 55178, 6.88, 17765, 55178, 8.03, 17765, 55178, 9.21, 17765, 55178, 10.37, 17765, 55178, 11.55, 17765, 55178, 12.73, 17765, 55178, 13.91
e_140, 65522, 273600, 0.00, 56347, 228891, 0.06, 14901, 47577, 0.40, 11297, 31607, 1.15, 11297, 31607, 1.91, 11297, 31607, 2.62, 11297, 31607, 3.35, 11297, 31607, 4.02, 11297, 31607, 4.70, 11297, 31607, 5.38, 11297, 31607, 6.07, 11297, 31607, 6.75, 11297, 31607, 7.42, 11297, 31607, 8.11
e_141, 65536, 303686, 0.00, 29881, 104858, 0.33, 29769, 104428, 0.58, 29773, 104370, 1.00, 29685, 104090, 1.27, 29866, 104796, 1.53, 29819, 104614, 1.79, 29705, 104204, 2.04, 29839, 104672, 2.29, 29728, 104214, 2.56, 29805, 104556, 2.82, 29704, 104192, 3.09, 29831, 104654, 3.35, 29758, 104410, 3.68
e_142, 65527, 273337, 0.00, 56843, 230657, 0.06, 13916, 44077, 0.43, 10809, 30244, 1.12, 10809, 30244, 1.75, 10809, 30244, 2.38, 10809, 30244, 3.07, 10809, 30244, 3.73, 10809, 30244, 4.36, 10809, 30244, 5.00, 10809, 30244, 5.67, 10809, 30244, 6.32, 10809, 30244, 6.95, 10809, 30244, 7.59
e_143, 65536, 303696, 0.00, 29115, 101200, 0.28, 29017, 100834, 0.46, 29060, 100988, 0.78, 28982, 100706, 1.18, 29006, 100734, 1.42, 28854, 100172, 1.70, 29003, 100726, 1.99, 28990, 100688, 2.23, 29031, 100858, 2.48, 29092, 101084, 2.76, 29038, 100866, 3.10, 29025, 100850, 3.36, 29060, 100964, 3.67
e_144, 65536, 303996, 0.00, 29836, 104694, 0.33, 29737, 104300, 0.55, 29701, 104170, 0.90, 29744, 104318, 1.15, 29687, 104098, 1.42, 29763, 104356, 1.68, 29702, 104138, 1.93, 29658, 104020, 2.19, 29740, 104282, 2.46, 29718, 104236, 2.71, 29689, 104120, 2.98, 29760, 104414, 3.24, 29748, 104342, 3.52
e_145, 2048, 27086, 0.00, 2037, 27060, 0.00, 1994, 23196, 0.03, 1862, 20171, 0.16, 1862, 20191, 0.24, 1869, 20248, 0.34, 1865, 20219, 0.48, 1862, 20191, 0.57, 1862, 20191, 0.65, 1862, 20191, 0.74, 1862, 20203, 0.81, 1862, 20191, 0.90, 1862, 20204, 0.97, 1862, 20191, 1.07
e_146, 65532, 288796, 0.00, 61761, 268581, 0.06, 26036, 94451, 0.53, 17413, 53134, 1.88, 17413, 53134, 3.11, 17413, 53134, 4.37, 17413, 53134, 5.60, 17413, 53134, 6.81, 17413, 53134, 8.05, 17413, 53134, 9.38, 17413, 53134, 10.65, 17413, 53134, 11.90, 17413, 53134, 13.14, 17413, 53134, 14.42
e_148, 2048, 25737, 0.00, 2010, 25512, 0.00, 1921, 21214, 0.06, 1800, 18478, 0.36, 1806, 18901, 0.55, 1802, 18834, 0.74, 1801, 18810, 0.95, 1801, 18810, 1.17, 1806, 18901, 1.41, 1801, 18810, 1.63, 1801, 18880, 1.82, 1801, 18810, 2.04, 1804, 18881, 2.21, 1801, 18810, 2.42
e_149, 1024, 3624, 0.00, 400, 1987, 0.00, 392, 1921, 0.00, 389, 1903, 6.36, 392, 1921, 6.36, 392, 1921, 6.39, 392, 1921, 6.43, 392, 1921, 6.47, 392, 1921, 6.47, 392, 1921, 6.51, 392, 1921, 6.54, 392, 1921, 6.58, 392, 1921, 6.62, 392, 1921, 6.67
e_150, 1024, 22042, 0.00, 1024, 22042, 0.00, 1018, 20063, 0.03, 970, 18353, 0.15, 970, 18373, 0.23, 970, 18373, 0.31, 974, 18525, 0.39, 970, 18373, 0.45, 970, 18373, 0.52, 970, 18373, 0.58, 970, 18384, 0.64, 970, 18373, 0.71, 973, 18511, 0.76, 970, 18373, 0.83
e_151, 65534, 653240, 0.00, 65153, 651037, 0.07, 61127, 581170, 0.78, 44733, 305187, 5.49, 44733, 305187, 9.79, 44735, 305226, 13.74, 44740, 305303, 17.98, 44733, 305187, 22.39, 44733, 305187, 27.06, 44733, 305187, 31.45, 44733, 305187, 35.80, 44733, 305187, 40.17, 44741, 305356, 44.37, 44733, 305187, 48.72
e_152, 65531, 618237, 0.00, 64757, 613941, 0.07, 59136, 508459, 0.87, 46916, 316924, 6.87, 46917, 316948, 12.28, 46927, 317029, 16.37, 46950, 317300, 22.23, 46917, 316948, 27.58, 46917, 316948, 32.95, 46917, 316948, 38.47, 46917, 316948, 43.82, 46917, 316948, 49.25, 46942, 317644, 54.50, 46917, 316948, 59.90
e_153, 2043, 22306, 0.00, 1971, 21826, 0.00, 1881, 18161, 0.04, 1770, 15612, 0.64, 1794, 16789, 0.88, 1782, 16555, 1.12, 1782, 16555, 1.35, 1783, 16583, 1.57, 1794, 16789, 1.78, 1782, 16555, 2.01, 1787, 16646, 2.21, 1782, 16555, 2.43, 1782, 16574, 2.66, 1782, 16555, 2.92
e_154, 65536, 653641, 0.00, 65157, 651490, 0.07, 61101, 582135, 0.69, 44975, 308997, 5.59, 44975, 308997, 10.26, 44975, 308997, 14.20, 45001, 309279, 19.31, 44975, 308997, 23.97, 44975, 308997, 28.57, 44975, 308997, 33.41, 44975, 308997, 38.27, 44975, 308997, 43.01, 44985, 309178, 47.47, 44975, 308997, 52.26
e_155, 65529, 619239, 0.00, 64752, 614915, 0.07, 58984, 508011, 0.81, 47071, 320780, 6.55, 47074, 320816, 11.83, 47099, 321047, 15.96, 47114, 321248, 21.73, 47074, 320816, 27.22, 47074, 320816, 32.79, 47074, 320816, 37.94, 47074, 320816, 43.29, 47074, 320816, 48.47, 47157, 322118, 53.02, 47074, 320816, 58.41
e_156, 65522, 584478, 0.00, 63837, 575281, 0.08, 56009, 438565, 1.20, 45733, 293499, 7.79, 45734, 293530, 13.60, 45766, 293771, 17.79, 45782, 294036, 23.68, 45734, 293530, 29.54, 45734, 293530, 35.39, 45734, 293530, 41.08, 45734, 293532, 46.72, 45734, 293530, 52.48, 45845, 295154, 57.67, 45734, 293530, 63.50
e_157, 65536, 652583, 0.00, 65181, 650588, 0.08, 61067, 579859, 0.66, 44909, 306105, 4.95, 44909, 306105, 8.84, 44909, 306105, 12.38, 44912, 306135, 16.55, 44909, 306105, 20.58, 44909, 306105, 24.65, 44909, 306105, 28.77, 44909, 306105, 32.70, 44909, 306105, 36.72, 44914, 306222, 40.67, 44909, 306105, 44.67
e_158, 65521, 584837, 0.00, 63834, 575553, 0.07, 55990, 440213, 1.15, 45911, 298034, 8.80, 45936, 298230, 14.55, 45938, 298312, 19.90, 45981, 298800, 26.11, 45911, 298047, 32.31, 45936, 298230, 38.07, 45911, 298047, 44.95, 45911, 298050, 50.77, 45911, 298047, 57.19, 46000, 299564, 63.41, 45911, 298047, 70.02
e_159, 65503, 550097, 0.00, 62512, 534038, 0.08, 52301, 374322, 1.28, 43177, 257964, 9.59, 43182, 258132, 16.40, 43271, 258842, 21.28, 43351, 259370, 27.49, 43181, 258118, 34.40, 43182, 258132, 41.12, 43181, 258118, 48.23, 43181, 258162, 54.53, 43181, 258118, 61.75, 43396, 260909, 67.53, 43181, 258118, 74.47
e_161, 2048, 28713, 0.00, 2042, 28658, 0.00, 1987, 25450, 0.02, 1815, 21206, 0.12, 1815, 21208, 0.20, 1815, 21208, 0.27, 1815, 21208, 0.34, 1815, 21208, 0.43, 1815, 21208, 0.51, 1815, 21208, 0.59, 1815, 21211, 0.66, 1815, 21208, 0.74, 1816, 21248, 0.81, 1815, 21208, 0.89
e_162, 131066, 573836, 0.00, 123407, 533092, 0.12, 48574, 174279, 1.20, 33641, 102880, 4.75, 33641, 102880, 8.09, 33641, 102880, 11.37, 33641, 102880, 14.62, 33641, 102880, 17.90, 33641, 102880, 21.16, 33641, 102880, 24.57, 33641, 102880, 27.84, 33641, 102880, 31.27, 33641, 102880, 34.61, 33641, 102880, 38.05
e_163, 131067, 574081, 0.00, 123088, 530853, 0.12, 49103, 175843, 1.52, 35070, 106913, 4.67, 35070, 106913, 7.53, 35070, 106913, 10.38, 35070, 106913, 13.19, 35070, 106913, 16.09, 35070, 106913, 18.97, 35070, 106913, 21.76, 35070, 106913, 24.53, 35070, 106913, 27.47, 35070, 106913, 30.38, 35070, 106913, 33.22
e_164, 65497, 549544, 0.00, 62806, 534981, 0.09, 52341, 373712, 1.30, 43635, 261970, 10.90, 43665, 262327, 18.95, 43753, 263011, 24.67, 43790, 263127, 32.11, 43653, 262268, 39.75, 43665, 262327, 47.76, 43653, 262268, 55.90, 43654, 262356, 63.23, 43653, 262268, 71.47, 43877, 265069, 78.31, 43653, 262268, 86.62
e_165, 131072, 603932, 0.00, 56720, 196376, 0.70, 56557, 195824, 1.14, 56606, 195906, 1.93, 56602, 195850, 2.56, 56458, 195362, 3.17, 56496, 195530, 3.75, 56462, 195362, 4.31, 56453, 195414, 4.89, 56546, 195702, 5.61, 56452, 195326, 6.16, 56616, 195964, 6.76, 56488, 195456, 7.37, 56559, 195754, 7.99
e_166, 65519, 583890, 0.00, 63962, 575286, 0.10, 56092, 438456, 1.16, 46416, 298453, 9.02, 46449, 298728, 15.32, 46487, 298980, 20.14, 46522, 299431, 26.64, 46448, 298714, 32.65, 46449, 298728, 39.01, 46448, 298714, 45.38, 46448, 298722, 51.28, 46448, 298714, 57.45, 46548, 300384, 62.87, 46448, 298714, 69.25
e_167, 1024, 5487, 0.00, 563, 3546, 0.00, 563, 3527, 0.00, 563, 3526, 1.41, 563, 3527, 1.41, 563, 3527, 1.42, 563, 3527, 1.42, 563, 3527, 1.43, 563, 3527, 1.43, 563, 3527, 1.44, 563, 3527, 1.44, 563, 3527, 1.44, 563, 3527, 1.45, 563, 3527, 1.45
e_168, 65502, 550435, 0.00, 62564, 534652, 0.09, 52174, 374537, 1.32, 43439, 263785, 10.63, 43459, 264138, 17.94, 43520, 264550, 23.46, 43589, 265211, 30.78, 43450, 264042, 38.24, 43459, 264138, 45.70, 43450, 264042, 53.29, 43451, 264122, 59.95, 43450, 264042, 67.53, 43681, 266715, 74.25, 43450, 264042, 82.00
e_169, 131072, 604300, 0.00, 55432, 191170, 0.92, 55238, 190452, 1.33, 55225, 190372, 2.01, 55167, 190170, 2.50, 55261, 190556, 3.04, 55088, 189984, 3.62, 55098, 189972, 4.13, 55195, 190274, 4.70, 55310, 190742, 5.21, 55205, 190322, 5.76, 55243, 190460, 6.34, 55237, 190466, 6.88, 55335, 190748, 7.42
e_170, 131063, 573737, 0.00, 123213, 531438, 0.12, 48226, 172342, 1.43, 34282, 104389, 4.16, 34282, 104389, 6.75, 34282, 104389, 9.37, 34282, 104389, 11.91, 34282, 104389, 14.50, 34282, 104389, 17.05, 34282, 104389, 19.69, 34282, 104389, 22.25, 34282, 104389, 24.83, 34282, 104389, 27.50, 34282, 104389, 30.11
e_171, 131072, 604042, 0.00, 54833, 188030, 0.72, 54643, 187272, 1.13, 54648, 187298, 1.85, 54635, 187326, 2.33, 54608, 187216, 2.83, 54633, 187260, 3.33, 54626, 187250, 3.82, 54635, 187268, 4.31, 54644, 187272, 4.85, 54655, 187336, 5.33, 54638, 187308, 5.85, 54684, 187476, 6.39, 54601, 187214, 7.06
e_172, 4096, 67676, 0.00, 4091, 67650, 0.00, 4027, 63480, 0.03, 3540, 49143, 0.26, 3540, 49143, 0.42, 3540, 49143, 0.57, 3541, 49181, 0.77, 3540, 49143, 0.93, 3540, 49143, 1.08, 3540, 49143, 1.24, 3540, 49143, 1.39, 3540, 49143, 1.55, 3540, 49150, 1.72, 3540, 49143, 1.89
e_173, 1024, 23175, 0.00, 1024, 23175, 0.00, 1017, 21012, 0.01, 992, 19959, 0.07, 992, 19980, 0.11, 992, 19980, 0.14, 992, 19980, 0.18, 992, 19980, 0.22, 992, 19980, 0.25, 992, 19980, 0.29, 992, 19993, 0.32, 992, 19980, 0.36, 992, 19992, 0.39, 992, 19980, 0.43
e_174, 1010, 2048, 0.00, 236, 868, 0.00, 235, 870, 0.00, 235, 870, 0.38, 235, 870, 0.38, 235, 870, 0.39, 235, 870, 0.40, 235, 870, 0.41, 235, 870, 0.41, 235, 870, 0.42, 235, 870, 0.43, 235, 870, 0.43, 235, 870, 0.44, 235, 870, 0.45
e_175, 2043, 22520, 0.00, 1962, 22087, 0.00, 1839, 18320, 0.04, 1683, 14974, 0.71, 1705, 16147, 0.93, 1703, 16102, 1.12, 1703, 16102, 1.34, 1703, 16102, 1.55, 1705, 16147, 1.77, 1703, 16102, 2.02, 1703, 16153, 2.20, 1703, 16102, 2.44, 1703, 16124, 2.64, 1703, 16102, 2.86
e_176, 4096, 66372, 0.00, 4096, 66372, 0.00, 4043, 62465, 0.03, 3617, 49798, 0.24, 3617, 49798, 0.41, 3617, 49798, 0.53, 3617, 49798, 0.73, 3617, 49798, 0.89, 3617, 49798, 1.05, 3617, 49798, 1.23, 3617, 49798, 1.39, 3617, 49798, 1.56, 3617, 49807, 1.72, 3617, 49798, 1.88
e_178, 4096, 66408, 0.00, 4096, 66408, 0.00, 4059, 62771, 0.05, 3562, 47917, 0.29, 3562, 47917, 0.48, 3562, 47917, 0.64, 3567, 47989, 0.84, 3562, 47917, 1.04, 3562, 47917, 1.19, 3562, 47917, 1.34, 3562, 47917, 1.49, 3562, 47917, 1.64, 3562, 47925, 1.80, 3562, 47917, 1.97
e_179, 2048, 27346, 0.00, 2027, 27248, 0.00, 1976, 23241, 0.03, 1864, 20693, 0.14, 1864, 20699, 0.23, 1865, 20723, 0.31, 1866, 20745, 0.41, 1864, 20699, 0.50, 1864, 20699, 0.59, 1864, 20699, 0.68, 1864, 20717, 0.77, 1864, 20699, 0.86, 1865, 20740, 0.94, 1864, 20699, 1.03
e_182, 1002, 2048, 0.00, 240, 877, 0.00, 240, 876, 0.00, 240, 876, 0.10, 240, 876, 0.10, 240, 876, 0.10, 240, 876, 0.11, 240, 876, 0.11, 240, 876, 0.11, 240, 876, 0.11, 240, 876, 0.11, 240, 876, 0.11, 240, 876, 0.11, 240, 876, 0.11
e_183, 1024, 5471, 0.00, 549, 3678, 0.00, 548, 3650, 0.00, 548, 3636, 5.21, 548, 3650, 5.21, 548, 3650, 5.22, 548, 3650, 5.24, 548, 3650, 5.25, 548, 3650, 5.26, 548, 3650, 5.27, 548, 3650, 5.28, 548, 3650, 5.29, 548, 3650, 5.31, 548, 3650, 5.32
e_184, 131065, 1315170, 0.00, 129909, 1308043, 0.16, 121996, 1113877, 2.03, 100715, 746203, 19.67, 100723, 746277, 35.72, 100729, 746385, 46.74, 100794, 747105, 62.96, 100723, 746277, 79.07, 100723, 746277, 95.32, 100723, 746277, 111.78, 100723, 746277, 127.73, 100723, 746277, 143.78, 100855, 748460, 157.74, 100723, 746277, 173.91
e_185, 4096, 62879, 0.00, 4090, 62825, 0.00, 4016, 56236, 0.04, 3764, 49129, 0.27, 3764, 49131, 0.42, 3764, 49131, 0.54, 3765, 49171, 0.74, 3764, 49131, 0.89, 3764, 49131, 1.09, 3764, 49131, 1.29, 3764, 49131, 1.46, 3764, 49131, 1.61, 3765, 49184, 1.75, 3764, 49131, 1.90
e_186, 2047, 23928, 0.00, 1973, 23543, 0.00, 1845, 19433, 0.04, 1733, 16698, 0.59, 1746, 17631, 0.83, 1743, 17559, 1.07, 1738, 17474, 1.34, 1738, 17474, 1.61, 1746, 17631, 1.85, 1738, 17474, 2.13, 1738, 17546, 2.34, 1738, 17474, 2.64, 1738, 17490, 2.89, 1738, 17474, 3.18
e_187, 1024, 3632, 0.00, 427, 2073, 0.00, 424, 2012, 0.00, 424, 2010, 0.82, 424, 2012, 0.82, 424, 2012, 0.82, 424, 2012, 0.83, 424, 2012, 0.83, 424, 2012, 0.84, 424, 2012, 0.84, 424, 2012, 0.84, 424, 2012, 0.85, 424, 2012, 0.85, 424, 2012, 0.86
e_188, 4096, 62913, 0.00, 4092, 62899, 0.00, 4053, 56642, 0.05, 3777, 49284, 0.30, 3777, 49284, 0.52, 3777, 49284, 0.68, 3777, 49284, 0.94, 3777, 49284, 1.17, 3777, 49284, 1.40, 3777, 49284, 1.62, 3777, 49287, 1.82, 3777, 49284, 2.04, 3782, 49365, 2.23, 3777, 49284, 2.45
e_190, 2048, 7005, 0.00, 649, 3189, 0.00, 647, 3155, 0.01, 646, 3140, 0.56, 647, 3155, 0.57, 647, 3155, 0.57, 647, 3155, 0.58, 647, 3155, 0.58, 647, 3155, 0.59, 647, 3155, 0.60, 647, 3155, 0.61, 647, 3155, 0.61, 647, 3155, 0.62, 647, 3155, 0.63
e_192, 2048, 7307, 0.00, 812, 4093, 0.00, 812, 4084, 0.01, 812, 4080, 0.16, 812, 4084, 0.16, 812, 4084, 0.17, 812, 4084, 0.17, 812, 4084, 0.18, 812, 4084, 0.18, 812, 4084, 0.19, 812, 4084, 0.20, 812, 4084, 0.20, 812, 4084, 0.21, 812, 4084, 0.22
e_193, 1024, 17144, 0.00, 1005, 17001, 0.00, 994, 15983, 0.02, 985, 15639, 0.30, 986, 15815, 0.37, 986, 15815, 0.43, 986, 15815, 0.51, 987, 15839, 0.59, 986, 15815, 0.65, 986, 15815, 0.72, 986, 15817, 0.78, 986, 15815, 0.85, 986, 15817, 0.92, 986, 15815, 0.99
e_194, 2048, 15440, 0.00, 1522, 13090, 0.00, 1522, 13055, 0.01, 1522, 13052, 0.44, 1522, 13055, 0.46, 1522, 13055, 0.48, 1522, 13055, 0.50, 1522, 13055, 0.52, 1522, 13055, 0.53, 1522, 13055, 0.55, 1522, 13055, 0.56, 1522, 13055, 0.58, 1522, 13055, 0.60, 1522, 13055, 0.62
e_197, 4096, 93346, 0.00, 4085, 93276, 0.01, 4078, 90123, 0.09, 4071, 89394, 2.35, 4071, 89828, 2.62, 4071, 89828, 2.89, 4071, 89828, 3.12, 4071, 89828, 3.37, 4071, 89828, 3.67, 4071, 89828, 3.95, 4071, 89832, 4.16, 4071, 89828, 4.45, 4071, 89828, 4.71, 4071, 89828, 4.96
e_198, 8192, 230662, 0.00, 8192, 230662, 0.01, 8182, 219681, 0.23, 8150, 217112, 3.46, 8156, 218605, 4.48, 8160, 218701, 5.73, 8150, 218422, 7.40, 8150, 218422, 8.98, 8156, 218605, 10.11, 8150, 218422, 11.89, 8150, 218507, 13.18, 8150, 218422, 14.88, 8150, 218424, 16.45, 8150, 218422, 18.13
e_199, 16384, 559996, 0.00, 16384, 559996, 0.03, 16384, 533425, 0.23, 16154, 519032, 2.42, 16154, 519037, 3.96, 16154, 519037, 5.12, 16156, 519143, 6.70, 16154, 519037, 8.23, 16154, 519037, 9.71, 16154, 519037, 11.25, 16154, 519050, 12.75, 16154, 519037, 14.84, 16156, 519151, 16.25, 16154, 519037, 17.84
e_200, 32767, 503421, 0.00, 32464, 500904, 0.04, 32302, 470067, 0.87, 32136, 461679, 15.64, 32168, 466578, 20.53, 32163, 466371, 26.10, 32156, 466268, 32.52, 32170, 466678, 37.80, 32168, 466578, 42.73, 32156, 466268, 48.96, 32161, 466504, 54.34, 32156, 466268, 60.88, 32153, 466308, 66.38, 32156, 466268, 73.13
h_002, 1024, 3473, 0.00, 302, 1516, 0.00, 300, 1492, 0.00, 289, 1411, 103.15, 300, 1492, 103.15, 293, 1457, 103.18, 293, 1457, 103.24, 293, 1457, 103.30, 300, 1492, 103.30, 293, 1457, 103.36, 293, 1457, 103.38, 293, 1457, 103.41, 293, 1457, 103.43, 293, 1457, 103.46
h_003, 1024, 3480, 0.00, 296, 1379, 0.00, 292, 1349, 0.00, 291, 1330, 8.03, 292, 1349, 8.03, 292, 1349, 8.03, 292, 1349, 8.04, 292, 1349, 8.04, 292, 1349, 8.04, 292, 1349, 8.04, 292, 1349, 8.05, 292, 1349, 8.05, 292, 1349, 8.05, 292, 1349, 8.05
h_004, 1024, 3624, 0.00, 400, 1987, 0.00, 392, 1921, 0.00, 389, 1903, 6.01, 392, 1921, 6.01, 392, 1921, 6.05, 392, 1921, 6.09, 392, 1921, 6.13, 392, 1921, 6.13, 392, 1921, 6.16, 392, 1921, 6.20, 392, 1921, 6.23, 392, 1921, 6.27, 392, 1921, 6.31
h_005, 843, 3995, 0.00, 794, 3896, 0.00, 159, 567, 0.00, 159, 567, 81.14, 159, 567, 81.14, 159, 567, 81.35, 159, 567, 81.55, 159, 567, 81.75, 159, 567, 81.75, 159, 567, 81.96, 159, 567, 82.16, 159, 567, 82.37, 159, 567, 82.57, 159, 567, 82.79
h_006, 2002, 4096, 0.00, 483, 1723, 0.00, 482, 1719, 0.00, 482, 1719, 0.03, 482, 1719, 0.03, 482, 1719, 0.03, 482, 1719, 0.04, 482, 1719, 0.04, 482, 1719, 0.04, 482, 1719, 0.04, 482, 1719, 0.04, 482, 1719, 0.05, 482, 1719, 0.05, 482, 1719, 0.05
h_008, 1024, 5222, 0.00, 333, 2129, 0.00, 331, 2083, 0.00, 320, 1894, 172.79, 331, 2083, 172.80, 331, 2083, 172.82, 331, 2083, 172.84, 331, 2083, 172.86, 331, 2083, 172.87, 331, 2083, 172.89, 331, 2083, 172.91, 331, 2083, 172.93, 331, 2083, 172.96, 331, 2083, 172.98
h_009, 1024, 5231, 0.00, 342, 2218, 0.00, 342, 2126, 0.00, 333, 1968, 247.70, 342, 2126, 247.70, 342, 2126, 248.76, 342, 2126, 249.84, 342, 2126, 250.91, 342, 2126, 250.92, 342, 2126, 251.99, 342, 2126, 253.06, 342, 2126, 254.12, 342, 2126, 255.21, 342, 2126, 256.28
h_010, 1024, 5471, 0.00, 549, 3678, 0.00, 548, 3650, 0.00, 548, 3636, 5.20, 548, 3650, 5.20, 548, 3650, 5.22, 548, 3650, 5.23, 548, 3650, 5.25, 548, 3650, 5.25, 548, 3650, 5.26, 548, 3650, 5.28, 548, 3650, 5.29, 548, 3650, 5.30, 548, 3650, 5.32
h_011, 1024, 5480, 0.00, 525, 3412, 0.00, 515, 3295, 0.00, 515, 3292, 1.00, 515, 3293, 1.00, 515, 3293, 1.01, 515, 3293, 1.02, 515, 3293, 1.03, 515, 3293, 1.03, 515, 3293, 1.04, 515, 3295, 1.04, 515, 3293, 1.05, 515, 3293, 1.06, 515, 3293, 1.07
h_012, 1024, 5487, 0.00, 563, 3546, 0.00, 563, 3527, 0.00, 563, 3526, 1.50, 563, 3527, 1.50, 563, 3527, 1.51, 563, 3527, 1.51, 563, 3527, 1.52, 563, 3527, 1.52, 563, 3527, 1.53, 563, 3527, 1.53, 563, 3527, 1.54, 563, 3527, 1.54, 563, 3527, 1.55
h_013, 2033, 5216, 0.00, 909, 3416, 0.00, 909, 3415, 0.00, 909, 3415, 0.04, 909, 3415, 0.05, 909, 3415, 0.05, 909, 3415, 0.06, 909, 3415, 0.06, 909, 3415, 0.07, 909, 3415, 0.07, 909, 3415, 0.08, 909, 3415, 0.08, 909, 3415, 0.09, 909, 3415, 0.09
h_015, 2048, 7005, 0.00, 649, 3189, 0.00, 647, 3155, 0.00, 646, 3140, 0.47, 647, 3155, 0.47, 647, 3155, 0.48, 647, 3155, 0.48, 647, 3155, 0.49, 647, 3155, 0.49, 647, 3155, 0.50, 647, 3155, 0.50, 647, 3155, 0.51, 647, 3155, 0.51, 647, 3155, 0.52
h_016, 2048, 7307, 0.00, 812, 4093, 0.00, 812, 4084, 0.00, 812, 4080, 0.12, 812, 4084, 0.13, 812, 4084, 0.13, 812, 4084, 0.14, 812, 4084, 0.14, 812, 4084, 0.15, 812, 4084, 0.15, 812, 4084, 0.16, 812, 4084, 0.17, 812, 4084, 0.17, 812, 4084, 0.18
h_017, 1024, 9737, 0.00, 849, 8652, 0.00, 849, 8620, 0.01, 849, 8620, 0.30, 849, 8620, 0.31, 849, 8620, 0.32, 849, 8620, 0.33, 849, 8620, 0.34, 849, 8620, 0.35, 849, 8620, 0.35, 849, 8620, 0.36, 849, 8620, 0.37, 849, 8620, 0.38, 849, 8620, 0.39
h_018, 1974, 9003, 0.00, 1813, 8747, 0.00, 494, 1787, 0.01, 494, 1787, 0.03, 494, 1787, 0.03, 494, 1787, 0.04, 494, 1787, 0.04, 494, 1787, 0.05, 494, 1787, 0.05, 494, 1787, 0.06, 494, 1787, 0.06, 494, 1787, 0.07, 494, 1787, 0.07, 494, 1787, 0.08
h_019, 1024, 10284, 0.00, 780, 8163, 0.00, 780, 8091, 0.01, 780, 8085, 0.71, 780, 8091, 0.72, 780, 8091, 0.73, 780, 8091, 0.74, 780, 8091, 0.75, 780, 8091, 0.76, 780, 8091, 0.77, 780, 8091, 0.78, 780, 8091, 0.79, 780, 8091, 0.80, 780, 8091, 0.81
h_020, 1024, 10743, 0.00, 916, 9908, 0.00, 916, 9887, 0.01, 916, 9883, 0.30, 916, 9887, 0.32, 916, 9887, 0.33, 916, 9887, 0.34, 916, 9887, 0.36, 916, 9887, 0.37, 916, 9887, 0.38, 916, 9887, 0.39, 916, 9887, 0.40, 916, 9887, 0.42, 916, 9887, 0.43
h_021, 2048, 10573, 0.00, 759, 5001, 0.00, 754, 4916, 0.01, 745, 4573, 0.61, 754, 4916, 0.62, 754, 4916, 0.63, 754, 4916, 0.64, 754, 4916, 0.65, 754, 4916, 0.65, 754, 4916, 0.66, 754, 4916, 0.67, 754, 4916, 0.68, 754, 4916, 0.69, 754, 4916, 0.70
h_022, 2048, 10584, 0.00, 744, 4739, 0.00, 743, 4687, 0.00, 743, 4671, 3.03, 743, 4687, 3.04, 743, 4687, 3.04, 743, 4687, 3.05, 743, 4687, 3.05, 743, 4687, 3.06, 743, 4687, 3.07, 743, 4687, 3.08, 743, 4687, 3.09, 743, 4687, 3.09, 743, 4687, 3.10
h_023, 2048, 11098, 0.00, 1135, 7565, 0.00, 1135, 7543, 0.01, 1135, 7541, 0.25, 1135, 7543, 0.26, 1135, 7543, 0.27, 1135, 7543, 0.28, 1135, 7543, 0.29, 1135, 7543, 0.30, 1135, 7543, 0.30, 1135, 7543, 0.31, 1135, 7543, 0.32, 1135, 7543, 0.33, 1135, 7543, 0.34
h_024, 2650, 12400, 0.00, 2491, 12136, 0.00, 582, 2107, 0.01, 582, 2107, 0.05, 582, 2107, 0.05, 582, 2107, 0.06, 582, 2107, 0.07, 582, 2107, 0.08, 582, 2107, 0.08, 582, 2107, 0.09, 582, 2107, 0.09, 582, 2107, 0.10, 582, 2107, 0.11, 582, 2107, 0.11
h_025, 1024, 15102, 0.00, 924, 14061, 0.00, 924, 14019, 0.01, 924, 14003, 140.81, 924, 14019, 140.82, 924, 14019, 140.84, 924, 14019, 140.85, 924, 14019, 140.87, 924, 14019, 140.88, 924, 14019, 140.89, 924, 14019, 140.90, 924, 14019, 140.92, 924, 14019, 140.93, 924, 14019, 140.95
h_026, 2048, 14725, 0.00, 1190, 10365, 0.01, 1190, 10333, 0.01, 1190, 10322, 0.54, 1190, 10333, 0.55, 1190, 10333, 0.56, 1190, 10333, 0.58, 1190, 10333, 0.59, 1190, 10333, 0.60, 1190, 10333, 0.62, 1190, 10333, 0.63, 1190, 10333, 0.64, 1190, 10333, 0.66, 1190, 10333, 0.67
h_027, 2048, 14738, 0.00, 1173, 10012, 0.00, 1173, 9973, 0.01, 1173, 9970, 0.70, 1173, 9973, 0.71, 1173, 9973, 0.72, 1173, 9973, 0.73, 1173, 9973, 0.74, 1173, 9973, 0.75, 1173, 9973, 0.77, 1173, 9973, 0.78, 1173, 9973, 0.79, 1173, 9973, 0.80, 1173, 9973, 0.81
h_028, 3588, 16698, 0.00, 3363, 16356, 0.00, 770, 2842, 0.01, 770, 2842, 0.07, 770, 2842, 0.08, 770, 2842, 0.09, 770, 2842, 0.10, 770, 2842, 0.11, 770, 2842, 0.12, 770, 2842, 0.14, 770, 2842, 0.14, 770, 2842, 0.15, 770, 2842, 0.17, 770, 2842, 0.18
h_029, 1024, 19861, 0.00, 980, 18927, 0.00, 980, 18849, 0.02, 980, 18835, 2.20, 980, 18849, 2.22, 980, 18849, 2.25, 980, 18849, 2.27, 980, 18849, 2.29, 980, 18849, 2.31, 980, 18849, 2.33, 980, 18849, 2.35, 980, 18849, 2.37, 980, 18849, 2.39, 980, 18849, 2.42
h_030, 2048, 18851, 0.00, 1437, 14851, 0.00, 1437, 14831, 0.01, 1437, 14796, 0.60, 1437, 14831, 0.62, 1437, 14831, 0.63, 1437, 14831, 0.65, 1437, 14831, 0.66, 1437, 14831, 0.68, 1437, 14831, 0.70, 1437, 14831, 0.71, 1437, 14831, 0.72, 1437, 14831, 0.74, 1437, 14831, 0.76
h_031, 2048, 18876, 0.00, 1477, 14855, 0.00, 1477, 14835, 0.01, 1477, 14834, 0.47, 1477, 14835, 0.49, 1477, 14835, 0.51, 1477, 14835, 0.52, 1477, 14835, 0.54, 1477, 14835, 0.55, 1477, 14835, 0.57, 1477, 14835, 0.58, 1477, 14835, 0.59, 1477, 14835, 0.61, 1477, 14835, 0.63
h_032, 2048, 20942, 0.00, 1570, 17192, 0.00, 1570, 17087, 0.01, 1570, 16938, 0.60, 1570, 17087, 0.62, 1570, 17087, 0.64, 1570, 17087, 0.66, 1570, 17087, 0.68, 1570, 17087, 0.70, 1570, 17087, 0.73, 1570, 17087, 0.74, 1570, 17087, 0.76, 1570, 17087, 0.79, 1570, 17087, 0.81
h_033, 6301, 20777, 0.00, 1281, 8374, 0.01, 1281, 8372, 0.01, 1281, 8372, 0.14, 1281, 8372, 0.15, 1281, 8372, 0.16, 1281, 8372, 0.17, 1281, 8372, 0.18, 1281, 8372, 0.19, 1281, 8372, 0.20, 1281, 8372, 0.21, 1281, 8372, 0.22, 1281, 8372, 0.23, 1281, 8372, 0.24
h_034, 4983, 22602, 0.00, 4539, 21923, 0.00, 1248, 4501, 0.01, 1248, 4501, 0.08, 1248, 4501, 0.09, 1248, 4501, 0.10, 1248, 4501, 0.12, 1248, 4501, 0.13, 1248, 4501, 0.15, 1248, 4501, 0.16, 1248, 4501, 0.17, 1248, 4501, 0.19, 1248, 4501, 0.20, 1248, 4501, 0.22
h_035, 7966, 30498, 0.00, 4524, 19788, 0.01, 1298, 4843, 0.02, 893, 2653, 0.06, 893, 2653, 0.09, 893, 2653, 0.12, 893, 2653, 0.15, 893, 2653, 0.19, 893, 2653, 0.22, 893, 2653, 0.25, 893, 2653, 0.29, 893, 2653, 0.32, 901, 2677, 0.35, 893, 2653, 0.39
h_036, 7957, 30671, 0.00, 4432, 19566, 0.01, 1501, 5564, 0.03, 942, 2866, 0.09, 942, 2866, 0.13, 942, 2866, 0.16, 942, 2866, 0.20, 942, 2866, 0.24, 942, 2866, 0.28, 942, 2866, 0.32, 942, 2866, 0.36, 942, 2866, 0.40, 1033, 3102, 0.43, 942, 2866, 0.47
h_037, 7941, 30814, 0.00, 4533, 20374, 0.01, 1895, 7772, 0.03, 1293, 4184, 0.09, 1293, 4184, 0.13, 1293, 4184, 0.17, 1293, 4184, 0.22, 1293, 4184, 0.26, 1293, 4184, 0.31, 1293, 4184, 0.35, 1293, 4184, 0.40, 1293, 4184, 0.44, 1293, 4184, 0.49, 1293, 4184, 0.54
h_038, 10876, 39994, 0.00, 2828, 17096, 0.01, 2828, 17090, 0.02, 2828, 17090, 0.26, 2828, 17090, 0.28, 2828, 17090, 0.31, 2828, 17090, 0.33, 2828, 17090, 0.35, 2828, 17090, 0.37, 2828, 17090, 0.39, 2828, 17090, 0.41, 2828, 17090, 0.43, 2828, 17090, 0.46, 2828, 17090, 0.48
h_039, 9473, 43691, 0.00, 8814, 42698, 0.01, 2302, 8422, 0.02, 2302, 8422, 0.17, 2302, 8422, 0.20, 2302, 8422, 0.22, 2302, 8422, 0.25, 2302, 8422, 0.27, 2302, 8422, 0.30, 2302, 8422, 0.33, 2302, 8422, 0.35, 2302, 8422, 0.37, 2302, 8422, 0.40, 2302, 8422, 0.42
h_040, 8124, 45091, 0.00, 5893, 36331, 0.01, 2560, 12012, 0.13, 1968, 7469, 0.34, 1970, 7509, 0.50, 1994, 7601, 0.65, 1995, 7662, 0.80, 1970, 7509, 0.96, 1970, 7509, 1.12, 1970, 7509, 1.29, 1970, 7523, 1.45, 1970, 7509, 1.67, 1994, 7651, 1.85, 1970, 7509, 2.01
h_041, 8111, 45139, 0.00, 6046, 37138, 0.01, 2902, 14332, 0.09, 2099, 8371, 0.38, 2105, 8432, 0.61, 2114, 8530, 0.81, 2133, 8566, 1.02, 2101, 8409, 1.25, 2105, 8432, 1.48, 2101, 8409, 1.72, 2101, 8419, 1.94, 2101, 8409, 2.18, 2117, 8611, 2.40, 2101, 8409, 2.64
h_042, 8128, 45262, 0.00, 5960, 36707, 0.01, 2722, 13340, 0.09, 2076, 8129, 0.34, 2077, 8160, 0.55, 2082, 8185, 0.74, 2086, 8212, 0.94, 2077, 8160, 1.14, 2077, 8160, 1.33, 2077, 8160, 1.55, 2077, 8170, 1.75, 2077, 8160, 1.94, 2098, 8379, 2.12, 2077, 8160, 2.34
h_043, 8113, 50901, 0.00, 5593, 38208, 0.01, 1893, 10024, 0.07, 936, 3009, 0.20, 941, 3054, 0.32, 969, 3165, 0.43, 972, 3164, 0.55, 941, 3054, 0.70, 941, 3054, 0.85, 941, 3054, 0.98, 941, 3054, 1.09, 941, 3054, 1.21, 985, 3325, 1.34, 941, 3054, 1.47
h_044, 8119, 51806, 0.00, 5349, 33424, 0.01, 728, 3395, 0.03, 336, 788, 0.07, 336, 788, 0.10, 336, 788, 0.14, 336, 788, 0.18, 336, 788, 0.21, 336, 788, 0.25, 336, 788, 0.29, 336, 788, 0.33, 336, 788, 0.36, 389, 917, 0.40, 336, 788, 0.44
h_045, 8092, 54189, 0.00, 6342, 46146, 0.01, 4918, 30031, 0.18, 4272, 22504, 1.56, 4387, 24475, 2.25, 4340, 24010, 2.99, 4331, 23962, 3.89, 4342, 24084, 4.71, 4387, 24475, 5.41, 4331, 23962, 6.33, 4360, 24517, 7.10, 4331, 23962, 8.00, 4341, 24055, 8.87, 4331, 23962, 9.76
h_046, 8088, 54350, 0.00, 6178, 45806, 0.01, 4624, 29188, 0.17, 3939, 21885, 1.58, 4112, 23782, 2.36, 3975, 22834, 3.17, 3973, 22822, 4.07, 4000, 23134, 4.86, 4112, 23782, 5.58, 3973, 22825, 6.47, 3983, 23118, 7.28, 3973, 22825, 8.28, 3975, 22920, 9.18, 3973, 22825, 10.17
h_047, 8071, 54807, 0.00, 6200, 46828, 0.01, 4838, 30779, 0.15, 4240, 23686, 1.68, 4479, 26562, 2.41, 4365, 25778, 3.14, 4364, 25754, 3.93, 4381, 25960, 4.60, 4479, 26562, 5.21, 4364, 25754, 6.07, 4372, 26029, 6.83, 4364, 25754, 7.68, 4368, 25856, 8.43, 4364, 25754, 9.29
h_048, 8073, 54891, 0.00, 6281, 47073, 0.01, 5088, 32578, 0.15, 4388, 24732, 2.13, 4607, 27396, 2.82, 4456, 26192, 3.67, 4455, 26170, 4.73, 4458, 26212, 5.66, 4607, 27396, 6.37, 4455, 26170, 7.40, 4484, 26631, 8.22, 4455, 26170, 9.32, 4471, 26337, 10.14, 4455, 26170, 11.20
h_049, 8099, 57468, 0.00, 5550, 39687, 0.01, 813, 3884, 0.04, 427, 1065, 0.09, 427, 1065, 0.15, 427, 1065, 0.20, 427, 1065, 0.26, 427, 1065, 0.31, 427, 1065, 0.36, 427, 1065, 0.42, 427, 1065, 0.49, 427, 1065, 0.56, 439, 1128, 0.63, 427, 1065, 0.70
h_050, 22687, 54705, 0.00, 3168, 15637, 0.01, 3166, 15621, 0.02, 3166, 15621, 0.24, 3166, 15621, 0.26, 3166, 15621, 0.28, 3166, 15621, 0.30, 3166, 15621, 0.33, 3166, 15621, 0.35, 3166, 15621, 0.37, 3166, 15621, 0.39, 3166, 15621, 0.41, 3166, 15621, 0.43, 3166, 15621, 0.45
h_051, 8170, 71995, 0.00, 6451, 61092, 0.01, 4061, 30029, 0.21, 2721, 15217, 1.26, 2791, 16119, 2.12, 2831, 16402, 2.85, 2779, 15928, 3.77, 2775, 15922, 4.60, 2791, 16119, 5.41, 2775, 15922, 6.33, 2775, 16009, 7.14, 2775, 15922, 8.03, 2874, 16773, 8.82, 2775, 15922, 9.70
h_052, 8171, 72700, 0.00, 6488, 61472, 0.01, 3958, 28691, 0.21, 2564, 14057, 1.27, 2657, 15343, 2.06, 2694, 15595, 2.83, 2666, 15285, 3.79, 2639, 15137, 4.77, 2657, 15343, 5.60, 2639, 15137, 6.49, 2643, 15205, 7.32, 2639, 15137, 8.21, 2690, 15693, 9.01, 2639, 15137, 9.91
h_053, 8178, 73399, 0.00, 6648, 62965, 0.01, 4208, 30717, 0.20, 2800, 15331, 1.34, 2924, 16963, 2.12, 3055, 17883, 2.84, 2897, 16803, 3.79, 2874, 16662, 4.65, 2924, 16963, 5.43, 2874, 16662, 6.32, 2874, 16701, 7.13, 2874, 16662, 8.02, 2931, 17066, 8.82, 2874, 16662, 9.78
h_054, 14882, 67834, 0.00, 13640, 65884, 0.01, 3732, 13600, 0.04, 3732, 13600, 0.26, 3732, 13600, 0.30, 3732, 13600, 0.34, 3732, 13600, 0.38, 3732, 13600, 0.42, 3732, 13600, 0.46, 3732, 13600, 0.49, 3732, 13600, 0.53, 3732, 13600, 0.57, 3732, 13600, 0.60, 3732, 13600, 0.65
h_055, 15268, 74339, 0.00, 14802, 73681, 0.02, 2647, 9718, 0.06, 2647, 9718, 0.26, 2647, 9718, 0.31, 2647, 9718, 0.35, 2647, 9718, 0.39, 2647, 9718, 0.42, 2647, 9718, 0.46, 2647, 9718, 0.50, 2647, 9718, 0.53, 2647, 9718, 0.56, 2647, 9718, 0.60, 2647, 9718, 0.64
h_056, 8185, 82550, 0.00, 5999, 56593, 0.01, 1943, 10996, 0.11, 1144, 4078, 0.32, 1144, 4082, 0.51, 1162, 4206, 0.67, 1165, 4186, 0.89, 1144, 4082, 1.09, 1144, 4082, 1.28, 1144, 4082, 1.47, 1144, 4082, 1.66, 1144, 4082, 1.86, 1169, 4288, 2.05, 1144, 4082, 2.25
h_057, 8170, 83083, 0.00, 6168, 61851, 0.01, 2070, 12087, 0.10, 1182, 4542, 0.36, 1203, 4704, 0.60, 1232, 4798, 0.82, 1200, 4694, 1.04, 1199, 4680, 1.24, 1203, 4704, 1.44, 1199, 4680, 1.66, 1199, 4681, 1.85, 1199, 4680, 2.06, 1227, 4873, 2.25, 1199, 4680, 2.46
h_058, 8185, 92304, 0.00, 7772, 89638, 0.01, 7581, 81402, 0.20, 7473, 78041, 2.90, 7503, 79792, 3.70, 7505, 79700, 4.61, 7488, 79584, 5.65, 7491, 79647, 6.59, 7503, 79792, 7.39, 7488, 79584, 8.44, 7488, 79650, 9.27, 7488, 79584, 10.37, 7488, 79602, 11.29, 7488, 79584, 12.35
h_059, 7115, 103689, 0.00, 1109, 35582, 0.03, 1067, 32357, 0.08, 1065, 32162, 3.17, 1066, 32267, 3.26, 1066, 32267, 3.35, 1066, 32267, 3.46, 1066, 32267, 3.56, 1066, 32267, 3.65, 1066, 32267, 3.74, 1066, 32269, 3.80, 1066, 32267, 3.91, 1066, 32267, 4.02, 1066, 32267, 4.12
h_060, 8190, 110532, 0.00, 6408, 85910, 0.02, 4080, 36777, 0.31, 2408, 14238, 2.07, 2619, 17234, 3.43, 2603, 17045, 4.73, 2514, 16267, 6.11, 2514, 16267, 7.52, 2619, 17234, 8.96, 2514, 16267, 10.48, 2532, 16459, 11.82, 2514, 16267, 13.25, 2542, 16531, 14.57, 2514, 16267, 16.11
h_061, 8183, 112798, 0.00, 6468, 87485, 0.01, 4174, 38212, 0.29, 2495, 14569, 2.26, 2664, 16883, 3.82, 2660, 16720, 5.26, 2596, 16130, 7.11, 2593, 16152, 8.74, 2664, 16883, 10.33, 2593, 16151, 12.03, 2621, 16459, 13.53, 2593, 16151, 15.27, 2585, 16136, 16.84, 2593, 16151, 18.65
h_062, 16309, 104900, 0.00, 13666, 93253, 0.01, 8524, 46712, 0.24, 6560, 29814, 1.27, 6564, 29869, 2.14, 6619, 30157, 2.84, 6621, 30152, 3.59, 6564, 29869, 4.43, 6564, 29869, 5.26, 6564, 29869, 6.16, 6564, 29889, 6.98, 6564, 29869, 7.83, 6629, 30352, 8.64, 6564, 29869, 9.51
h_063, 36682, 88328, 0.00, 5041, 28001, 0.02, 5041, 27997, 0.04, 5041, 27997, 0.47, 5041, 27997, 0.50, 5041, 27997, 0.54, 5041, 27997, 0.58, 5041, 27997, 0.62, 5041, 27997, 0.66, 5041, 27997, 0.70, 5041, 27997, 0.72, 5041, 27997, 0.77, 5041, 27997, 0.81, 5041, 27997, 0.84
h_064, 23131, 107151, 0.00, 21567, 104678, 0.02, 5371, 19656, 0.06, 5371, 19656, 0.39, 5371, 19656, 0.45, 5371, 19656, 0.52, 5371, 19656, 0.58, 5371, 19656, 0.64, 5371, 19656, 0.70, 5371, 19656, 0.79, 5371, 19656, 0.85, 5371, 19656, 0.91, 5371, 19656, 0.98, 5371, 19656, 1.04
h_066, 16357, 119886, 0.00, 15159, 114493, 0.02, 11023, 70020, 0.24, 8242, 40788, 1.24, 8242, 40793, 2.21, 8255, 40892, 2.89, 8295, 41115, 3.72, 8242, 40793, 4.83, 8242, 40793, 5.75, 8242, 40793, 6.64, 8242, 40796, 7.51, 8242, 40793, 8.46, 8331, 41643, 9.29, 8242, 40793, 10.18
h_067, 8191, 138733, 0.00, 7974, 135505, 0.01, 7622, 110477, 0.33, 6827, 76468, 7.05, 7002, 85833, 10.95, 6967, 84986, 14.38, 6933, 83988, 18.54, 6933, 83989, 22.42, 7002, 85833, 25.76, 6933, 83989, 29.70, 6934, 84193, 33.21, 6933, 83989, 37.32, 6950, 84481, 40.85, 6933, 83989, 45.03
h_068, 25678, 121390, 0.00, 24284, 119261, 0.02, 5397, 19780, 0.06, 5397, 19780, 0.42, 5397, 19780, 0.50, 5397, 19780, 0.57, 5397, 19780, 0.64, 5397, 19780, 0.70, 5397, 19780, 0.76, 5397, 19780, 0.83, 5397, 19780, 0.89, 5397, 19780, 0.96, 5397, 19780, 1.02, 5397, 19780, 1.09
h_069, 8187, 156904, 0.00, 8118, 156328, 0.01, 8033, 143696, 0.21, 7917, 138586, 2.55, 7923, 139958, 4.04, 7921, 139945, 5.45, 7921, 139942, 7.05, 7923, 139989, 8.45, 7923, 139958, 9.88, 7921, 139945, 11.50, 7921, 140430, 12.53, 7921, 139945, 14.05, 7922, 140021, 15.30, 7921, 139945, 16.84
h_071, 8192, 168714, 0.00, 8185, 168612, 0.01, 8131, 143821, 0.19, 6846, 85142, 3.31, 6886, 86866, 5.92, 6896, 87219, 7.97, 6890, 86993, 10.49, 6881, 86727, 12.96, 6886, 86866, 15.45, 6881, 86727, 18.06, 6880, 86829, 20.43, 6881, 86727, 22.90, 6915, 88365, 25.18, 6881, 86727, 27.82
h_072, 32078, 149020, 0.00, 29907, 145557, 0.03, 7308, 26795, 0.08, 7308, 26795, 0.57, 7308, 26795, 0.65, 7308, 26795, 0.74, 7308, 26795, 0.83, 7308, 26795, 0.92, 7308, 26795, 1.00, 7308, 26795, 1.10, 7308, 26795, 1.18, 7308, 26795, 1.27, 7308, 26795, 1.36, 7308, 26795, 1.47
h_073, 16362, 166938, 0.00, 14889, 158137, 0.02, 14486, 145950, 0.38, 14201, 141104, 9.34, 14341, 143768, 11.69, 14281, 143341, 14.61, 14266, 143170, 17.63, 14283, 143335, 20.15, 14341, 143768, 22.44, 14266, 143170, 25.92, 14289, 143365, 28.42, 14266, 143170, 31.84, 14266, 143180, 34.99, 14266, 143170, 38.42
h_074, 16370, 169955, 0.00, 14826, 156883, 0.02, 10383, 85143, 0.56, 6802, 40000, 3.86, 6988, 41743, 6.57, 7123, 42667, 8.62, 7020, 41772, 11.42, 6956, 41433, 14.06, 6988, 41743, 16.69, 6956, 41433, 19.70, 6960, 41568, 22.19, 6956, 41433, 25.10, 7141, 43168, 27.47, 6956, 41433, 30.19
h_075, 34978, 169522, 0.00, 33733, 167746, 0.03, 6272, 22917, 0.09, 6272, 22917, 0.53, 6272, 22917, 0.62, 6272, 22917, 0.71, 6272, 22917, 0.81, 6272, 22917, 0.90, 6272, 22917, 0.98, 6272, 22917, 1.07, 6272, 22917, 1.15, 6272, 22917, 1.24, 6272, 22917, 1.34, 6272, 22917, 1.44
h_076, 36705, 170621, 0.00, 34231, 166748, 0.03, 8543, 31076, 0.09, 8543, 31076, 0.67, 8543, 31076, 0.77, 8543, 31076, 0.87, 8543, 31076, 0.98, 8543, 31076, 1.08, 8543, 31076, 1.21, 8543, 31076, 1.36, 8543, 31076, 1.48, 8543, 31076, 1.60, 8543, 31076, 1.71, 8543, 31076, 1.82
h_077, 62586, 147892, 0.00, 8094, 44445, 0.03, 8083, 44392, 0.08, 8083, 44392, 0.87, 8083, 44392, 0.95, 8083, 44392, 1.04, 8083, 44392, 1.12, 8083, 44392, 1.21, 8083, 44392, 1.29, 8083, 44392, 1.38, 8083, 44392, 1.44, 8083, 44392, 1.52, 8083, 44392, 1.61, 8083, 44392, 1.69
h_078, 8191, 204075, 0.00, 8180, 203963, 0.01, 8175, 199081, 0.20, 8160, 198079, 2.65, 8168, 198713, 3.28, 8161, 198547, 4.41, 8160, 198512, 5.61, 8160, 198512, 6.69, 8168, 198713, 7.31, 8160, 198512, 8.67, 8160, 198518, 9.73, 8160, 198512, 11.04, 8160, 198512, 12.16, 8160, 198512, 13.49
h_079, 16382, 216334, 0.00, 16017, 213524, 0.03, 15858, 198257, 0.47, 15653, 192515, 8.63, 15717, 195516, 11.06, 15696, 195311, 13.83, 15686, 195175, 16.82, 15694, 195289, 19.29, 15717, 195516, 21.81, 15686, 195175, 25.12, 15691, 195322, 27.54, 15686, 195175, 30.67, 15687, 195200, 33.69, 15686, 195175, 36.90
h_081, 32662, 224254, 0.00, 23929, 141502, 0.36, 23872, 141188, 0.67, 23907, 141356, 1.17, 23895, 141318, 1.53, 23839, 141020, 1.89, 23892, 141254, 2.31, 23899, 141286, 2.73, 23905, 141356, 3.07, 23910, 141376, 3.45, 23887, 141218, 3.96, 23871, 141140, 4.35, 23857, 141102, 4.91, 23893, 141308, 5.31
h_082, 48665, 222764, 0.00, 44735, 216441, 0.04, 11877, 43419, 0.13, 11877, 43419, 1.08, 11877, 43419, 1.23, 11877, 43419, 1.43, 11877, 43419, 1.62, 11877, 43419, 1.77, 11877, 43419, 1.91, 11877, 43419, 2.06, 11877, 43419, 2.20, 11877, 43419, 2.36, 11877, 43419, 2.50, 11877, 43419, 2.65
h_083, 32735, 256256, 0.00, 30893, 247080, 0.03, 24661, 164765, 0.46, 19872, 108095, 3.23, 19876, 108147, 5.28, 19905, 108375, 6.91, 19944, 108644, 9.11, 19876, 108147, 11.18, 19876, 108147, 13.38, 19876, 108147, 15.61, 19876, 108154, 17.70, 19876, 108147, 19.86, 20010, 109491, 21.77, 19876, 108147, 23.92
h_084, 16383, 273584, 0.00, 14952, 243441, 0.02, 10832, 114331, 0.87, 6505, 42475, 7.37, 6897, 47334, 12.69, 7069, 48645, 17.64, 6849, 46529, 23.42, 6803, 46262, 28.55, 6897, 47334, 33.97, 6803, 46262, 39.42, 6813, 46720, 44.41, 6803, 46262, 50.16, 6989, 48212, 54.99, 6803, 46262, 60.45
h_085, 16384, 283794, 0.00, 16363, 283600, 0.02, 16306, 253838, 0.41, 16009, 239064, 4.44, 16023, 243929, 6.78, 16013, 243649, 9.17, 16010, 243563, 11.99, 16010, 243562, 14.59, 16023, 243929, 16.88, 16010, 243562, 19.80, 16010, 244334, 21.95, 16010, 243562, 24.87, 16012, 243844, 27.19, 16010, 243562, 30.03
h_086, 8192, 295951, 0.00, 8173, 295758, 0.01, 8173, 294698, 0.17, 8171, 294479, 34.36, 8171, 294611, 34.90, 8171, 294611, 35.38, 8171, 294611, 35.99, 8171, 294611, 36.49, 8171, 294611, 36.99, 8171, 294611, 37.52, 8171, 294613, 37.86, 8171, 294611, 38.38, 8171, 294611, 38.88, 8171, 294611, 39.40
h_087, 58960, 269439, 0.00, 54119, 261749, 0.05, 14650, 53593, 0.16, 14650, 53593, 1.37, 14650, 53593, 1.53, 14650, 53593, 1.71, 14650, 53593, 1.89, 14650, 53593, 2.06, 14650, 53593, 2.23, 14650, 53593, 2.41, 14650, 53593, 2.56, 14650, 53593, 2.75, 14650, 53593, 2.92, 14650, 53593, 3.11
h_088, 60892, 286474, 0.00, 57367, 281017, 0.05, 12900, 47422, 0.17, 12900, 47422, 1.16, 12900, 47422, 1.32, 12900, 47422, 1.50, 12900, 47422, 1.68, 12900, 47422, 1.84, 12900, 47422, 2.02, 12900, 47422, 2.20, 12900, 47422, 2.36, 12900, 47422, 2.57, 12900, 47422, 2.78, 12900, 47422, 2.96
h_089, 8192, 358201, 0.00, 8192, 358201, 0.02, 8192, 351705, 0.26, 8191, 351194, 9.26, 8191, 351643, 10.06, 8191, 351643, 10.84, 8191, 351643, 11.65, 8191, 351643, 12.52, 8191, 351643, 13.30, 8191, 351643, 14.15, 8191, 351644, 14.75, 8191, 351643, 15.59, 8191, 351645, 16.26, 8191, 351643, 17.11
h_090, 16382, 353824, 0.00, 16220, 352445, 0.03, 16197, 349054, 0.40, 16179, 348277, 4.77, 16179, 348541, 6.55, 16181, 348605, 7.94, 16179, 348541, 9.64, 16179, 348541, 11.27, 16179, 348541, 12.93, 16179, 348541, 14.58, 16179, 348549, 15.96, 16179, 348541, 17.60, 16179, 348541, 19.28, 16179, 348541, 20.98
h_091, 16384, 354031, 0.00, 16220, 352560, 0.02, 16200, 349181, 0.33, 16196, 348692, 3.90, 16196, 349039, 4.98, 16196, 349039, 5.98, 16196, 349039, 6.96, 16196, 349039, 8.03, 16196, 349039, 9.09, 16196, 349039, 10.20, 16196, 349047, 10.97, 16196, 349039, 12.10, 16196, 349039, 13.26, 16196, 349039, 14.34
h_092, 63674, 306833, 0.00, 61115, 302870, 0.06, 11959, 43682, 0.20, 11959, 43682, 1.12, 11959, 43682, 1.29, 11959, 43682, 1.48, 11959, 43682, 1.66, 11959, 43682, 1.83, 11959, 43682, 2.00, 11959, 43682, 2.19, 11959, 43682, 2.35, 11959, 43682, 2.54, 11959, 43682, 2.73, 11959, 43682, 2.92
h_093, 32748, 363878, 0.00, 31835, 357988, 0.04, 30418, 296031, 0.79, 29423, 271969, 9.85, 29537, 278550, 14.27, 29457, 277326, 19.34, 29444, 277205, 25.31, 29448, 277277, 30.60, 29537, 278550, 35.08, 29444, 277205, 41.05, 29457, 279101, 45.42, 29444, 277205, 51.51, 29445, 277424, 56.50, 29444, 277205, 62.57
h_094, 68946, 335845, 0.00, 66705, 332553, 0.06, 12115, 44357, 0.19, 12115, 44357, 1.18, 12115, 44357, 1.37, 12115, 44357, 1.57, 12115, 44357, 1.77, 12115, 44357, 1.96, 12115, 44357, 2.18, 12115, 44357, 2.42, 12115, 44357, 2.61, 12115, 44357, 2.81, 12115, 44357, 3.02, 12115, 44357, 3.23
h_095, 32759, 409363, 0.00, 32465, 407264, 0.05, 31815, 361814, 0.35, 31064, 345459, 2.54, 31064, 345467, 4.23, 31064, 345467, 5.71, 31064, 345467, 7.25, 31064, 345467, 8.81, 31064, 345467, 10.55, 31064, 345467, 12.12, 31064, 345493, 13.85, 31064, 345467, 15.51, 31059, 345462, 16.90, 31064, 345467, 18.47
h_096, 34546, 421534, 0.00, 2559, 27350, 0.12, 0, 0, 0.13, 0, 0, 0.14, 0, 0, 0.14, 0, 0, 0.15, 0, 0, 0.16, 0, 0, 0.16, 0, 0, 0.17, 0, 0, 0.17, 0, 0, 0.18, 0, 0, 0.19, 0, 0, 0.19, 0, 0, 0.20
h_097, 16381, 458925, 0.00, 16051, 455835, 0.03, 16031, 454823, 0.38, 16026, 454615, 5.79, 16026, 454675, 6.64, 16028, 454708, 7.41, 16026, 454675, 8.47, 16026, 454675, 9.47, 16026, 454675, 10.35, 16026, 454675, 11.24, 16026, 454675, 12.02, 16026, 454675, 12.99, 16026, 454675, 13.85, 16026, 454675, 14.76
h_098, 32766, 503494, 0.00, 32475, 501156, 0.04, 32294, 470278, 1.03, 32106, 461601, 16.49, 32154, 466546, 21.81, 32149, 466484, 28.23, 32136, 466297, 34.77, 32140, 466430, 40.73, 32154, 466546, 46.15, 32136, 466297, 53.00, 32136, 466503, 58.30, 32136, 466297, 65.11, 32136, 466329, 71.23, 32136, 466297, 77.95
h_099, 97898, 447979, 0.00, 89898, 435171, 0.10, 23963, 88122, 0.34, 23963, 88122, 2.66, 23963, 88122, 2.97, 23963, 88122, 3.33, 23963, 88122, 3.74, 23963, 88122, 4.15, 23963, 88122, 4.49, 23963, 88122, 4.84, 23963, 88122, 5.12, 23963, 88122, 5.46, 23963, 88122, 5.80, 23963, 88122, 6.15
h_100, 75879, 508837, 0.00, 3882, 41339, 0.10, 690, 5803, 0.15, 535, 3728, 134.80, 537, 3950, 134.88, 537, 3950, 135.25, 537, 3950, 135.64, 537, 3950, 136.04, 537, 3950, 136.12, 537, 3950, 136.50, 538, 3985, 137.84, 537, 3950, 138.22, 537, 3950, 138.59, 537, 3950, 138.98
h_101, 65531, 618237, 0.00, 64757, 613941, 0.07, 59136, 508459, 0.85, 46916, 316924, 6.96, 46917, 316948, 12.33, 46927, 317029, 16.52, 46950, 317300, 22.35, 46917, 316948, 27.67, 46917, 316948, 33.03, 46917, 316948, 38.41, 46917, 316948, 43.51, 46917, 316948, 49.01, 46942, 317644, 54.22, 46917, 316948, 59.59
h_102, 265009, 418956, 0.00, 3, 6, 0.38, 0, 0, 0.39, 0, 0, 0.39, 0, 0, 0.39, 0, 0, 0.39, 0, 0, 0.39, 0, 0, 0.39, 0, 0, 0.39, 0, 0, 0.39, 0, 0, 0.39, 0, 0, 0.39, 0, 0, 0.39, 0, 0, 0.39
h_104, 65499, 640429, 0.00, 64203, 632581, 0.10, 61310, 547514, 0.84, 58551, 497289, 5.74, 58551, 497291, 9.58, 58551, 497291, 12.53, 58559, 497393, 16.19, 58551, 497291, 19.97, 58551, 497291, 23.77, 58551, 497291, 27.87, 58551, 497301, 31.71, 58551, 497291, 35.48, 58554, 497427, 38.83, 58551, 497291, 42.85
h_105, 65536, 652583, 0.00, 65181, 650588, 0.09, 61067, 579859, 0.68, 44909, 306105, 4.95, 44909, 306105, 8.84, 44909, 306105, 12.51, 44912, 306135, 16.75, 44909, 306105, 20.70, 44909, 306105, 24.55, 44909, 306105, 28.71, 44909, 306105, 32.54, 44909, 306105, 36.68, 44914, 306222, 40.40, 44909, 306105, 44.29
h_106, 65530, 654158, 0.00, 65171, 652179, 0.07, 60032, 572310, 0.74, 43613, 295229, 5.37, 43613, 295229, 9.90, 43613, 295229, 13.80, 43620, 295279, 18.51, 43613, 295229, 22.94, 43613, 295229, 27.43, 43613, 295229, 31.87, 43613, 295229, 36.35, 43613, 295229, 41.00, 43620, 295338, 45.20, 43613, 295229, 49.80
h_107, 32763, 699385, 0.00, 32333, 695314, 0.06, 32276, 690365, 0.66, 32259, 689482, 10.20, 32266, 689937, 12.12, 32265, 689891, 14.28, 32265, 689891, 17.09, 32265, 689891, 19.64, 32266, 689937, 21.75, 32265, 689891, 24.41, 32265, 689895, 26.30, 32265, 689891, 28.95, 32265, 689891, 31.56, 32265, 689891, 34.24
h_108, 65536, 688044, 0.00, 35017, 207388, 0.89, 35017, 207388, 1.52, 35017, 207388, 2.29, 35017, 207388, 2.92, 35017, 207388, 3.56, 35017, 207388, 4.19, 35017, 207388, 4.82, 35017, 207388, 5.49, 35017, 207388, 6.14, 35017, 207388, 6.76, 35017, 207388, 7.42, 35017, 207388, 8.07, 35017, 207388, 8.72
h_109, 8192, 839576, 0.00, 8192, 839576, 0.03, 8192, 839248, 0.35, 8192, 839200, 57.47, 8192, 839248, 58.18, 8192, 839248, 59.04, 8192, 839248, 59.86, 8192, 839248, 60.59, 8192, 839248, 61.30, 8192, 839248, 62.10, 8192, 839248, 62.85, 8192, 839248, 63.75, 8192, 839248, 64.62, 8192, 839248, 65.51
h_110, 32768, 826394, 0.00, 32680, 825409, 0.05, 32667, 819212, 0.81, 32650, 818155, 39.03, 32660, 818945, 41.80, 32659, 818902, 45.09, 32659, 818902, 48.98, 32659, 818902, 52.39, 32660, 818945, 55.09, 32659, 818902, 58.70, 32659, 818917, 61.33, 32659, 818902, 64.82, 32659, 818904, 68.02, 32659, 818902, 71.70
h_111, 77360, 828161, 0.00, 925, 2389, 0.14, 26, 54, 0.15, 26, 54, 0.15, 26, 54, 0.15, 26, 54, 0.15, 26, 54, 0.15, 26, 54, 0.15, 26, 54, 0.15, 26, 54, 0.15, 26, 54, 0.16, 26, 54, 0.16, 26, 54, 0.16, 26, 54, 0.16
h_112, 8192, 944523, 0.00, 8192, 944523, 0.02, 8192, 940889, 0.58, 8191, 940554, 211.71, 8191, 940694, 212.96, 8191, 940694, 214.31, 8191, 940694, 215.99, 8191, 940694, 217.21, 8191, 940694, 218.48, 8191, 940694, 219.87, 8191, 940694, 221.17, 8191, 940694, 222.56, 8191, 940694, 223.91, 8191, 940694, 225.43
h_113, 192409, 854377, 0.00, 3, 6, 0.82, 0, 0, 0.83, 0, 0, 0.83, 0, 0, 0.83, 0, 0, 0.83, 0, 0, 0.83, 0, 0, 0.83, 0, 0, 0.83, 0, 0, 0.83, 0, 0, 0.83, 0, 0, 0.83, 0, 0, 0.83, 0, 0, 0.83
h_114, 187341, 865700, 0.00, 173693, 844287, 0.28, 43852, 160915, 0.88, 43852, 160915, 6.51, 43852, 160915, 7.28, 43852, 160915, 8.38, 43852, 160915, 9.36, 43852, 160915, 10.29, 43852, 160915, 11.08, 43852, 160915, 11.98, 43852, 160915, 12.73, 43852, 160915, 13.74, 43852, 160915, 14.64, 43852, 160915, 15.56
h_115, 262111, 1234877, 0.00, 131231, 576758, 0.35, 7838, 24254, 1.08, 5972, 13480, 2.56, 5991, 13557, 3.81, 6008, 13631, 5.17, 5996, 13567, 6.36, 5991, 13557, 7.52, 5991, 13557, 8.68, 5991, 13557, 10.02, 5991, 13558, 11.19, 5991, 13557, 12.42, 5991, 13569, 13.56, 5991, 13557, 14.72
h_116, 299580, 1363755, 0.00, 274030, 1322966, 0.44, 75285, 275881, 1.43, 75285, 275881, 12.04, 75285, 275881, 13.42, 75285, 275881, 14.90, 75285, 275881, 16.34, 75285, 275881, 17.82, 75285, 275881, 19.34, 75285, 275881, 21.03, 75285, 275881, 22.45, 75285, 275881, 24.18, 75285, 275881, 25.73, 75285, 275881, 27.39
h_117, 325729, 1469679, 0.00, 53155, 780225, 0.85, 33362, 583613, 1.59, 32742, 572102, 309.74, 32843, 578636, 312.11, 32748, 578284, 386.38, 32747, 578278, 473.11, 32747, 578278, 546.27, 32843, 578636, 548.71, 32747, 578278, 622.93, 32747, 578301, 696.68, 32747, 578278, 783.48, 32747, 578278, 857.22, 32747, 578278, 928.97
h_118, 81306, 1768135, 0.00, 51620, 1242460, 0.24, 11505, 167566, 4.02, 6688, 67803, 973.92, 7016, 75566, 981.55, 7046, 74789, 1085.44, 6928, 73439, 1259.19, 6924, 74365, 1415.69, 7016, 75566, 1423.24, 6922, 73330, 1576.70, 7002, 74755, 1712.18, 6900, 73619, 1872.49, 6899, 73375, 2038.54, 6897, 73328, 2199.47
h_119, 342573, 1619304, 0.00, 323730, 1590029, 0.48, 71796, 262729, 1.76, 71796, 262729, 13.08, 71796, 262729, 14.80, 71796, 262729, 16.66, 71796, 262729, 18.49, 71796, 262729, 20.07, 71796, 262729, 21.70, 71796, 262729, 23.52, 71796, 262729, 25.09, 71796, 262729, 26.99, 71796, 262729, 28.95, 71796, 262729, 30.80
h_120, 32768, 2049515, 0.00, 32174, 2039595, 0.09, 32165, 2037874, 1.67, 32165, 2037824, 12.62, 32165, 2037874, 15.28, 32165, 2037874, 18.04, 32165, 2037874, 21.06, 32165, 2037874, 23.79, 32165, 2037874, 26.61, 32165, 2037874, 29.73, 32165, 2037874, 31.96, 32165, 2037874, 34.80, 32165, 2037874, 37.61, 32165, 2037874, 40.61
h_121, 16384, 2076651, 0.00, 16384, 2076651, 0.06, 16384, 2074086, 1.53, 16384, 2073945, 15.71, 16384, 2074086, 18.21, 16384, 2074086, 20.99, 16384, 2074086, 23.70, 16384, 2074086, 26.07, 16384, 2074086, 28.43, 16384, 2074086, 31.27, 16384, 2074086, 33.89, 16384, 2074086, 36.70, 16384, 2074086, 39.55, 16384, 2074086, 42.46
h_122, 2048, 2097152, 0.00, 2048, 2097152, 0.06, 2048, 2097152, 3.64, 2048, 2097152, 138.17, 2048, 2097152, 146.73, 2048, 2097152, 156.05, 2048, 2097152, 165.19, 2048, 2097152, 173.69, 2048, 2097152, 181.97, 2048, 2097152, 191.37, 2048, 2097152, 196.33, 2048, 2097152, 205.42, 2048, 2097152, 214.26, 2048, 2097152, 223.15
h_123, 4096, 2097152, 0.00, 4096, 2097152, 0.05, 4096, 2097152, 3.64, 4096, 2097152, 122.49, 4096, 2097152, 128.96, 4096, 2097152, 135.37, 4096, 2097152, 141.57, 4096, 2097152, 147.60, 4096, 2097152, 153.94, 4096, 2097152, 160.10, 4096, 2097152, 163.72, 4096, 2097152, 170.07, 4096, 2097152, 176.38, 4096, 2097152, 182.67
h_124, 8192, 2097152, 0.00, 8192, 2097152, 0.06, 8192, 2097152, 2.87, 8192, 2097152, 16.34, 8192, 2097152, 20.65, 8192, 2097152, 25.12, 8192, 2097152, 29.82, 8192, 2097152, 34.10, 8192, 2097152, 38.27, 8192, 2097152, 42.62, 8192, 2097152, 45.73, 8192, 2097152, 50.17, 8192, 2097152, 54.36, 8192, 2097152, 58.54
h_125, 16384, 2097152, 0.00, 16384, 2097152, 0.07, 16384, 2097152, 2.36, 16384, 2097152, 19.58, 16384, 2097152, 22.93, 16384, 2097152, 26.28, 16384, 2097152, 29.72, 16384, 2097152, 33.15, 16384, 2097152, 36.75, 16384, 2097152, 40.31, 16384, 2097152, 42.96, 16384, 2097152, 46.88, 16384, 2097152, 50.63, 16384, 2097152, 54.30
h_126, 65536, 2048311, 0.00, 65513, 2047962, 0.12, 65502, 2025125, 1.72, 65495, 2023390, 42.63, 65495, 2024784, 49.23, 65495, 2024784, 55.12, 65495, 2024784, 62.28, 65495, 2024784, 68.50, 65495, 2024784, 74.91, 65495, 2024784, 81.19, 65495, 2024789, 86.19, 65495, 2024784, 92.63, 65495, 2024786, 97.51, 65495, 2024784, 103.85
h_127, 32768, 2128971, 0.00, 32764, 2128921, 0.08, 32762, 2127714, 1.27, 32762, 2127644, 51.78, 32762, 2127714, 53.91, 32762, 2127714, 56.27, 32762, 2127714, 58.90, 32762, 2127714, 60.98, 32762, 2127714, 63.10, 32762, 2127714, 65.59, 32762, 2127714, 67.69, 32762, 2127714, 70.10, 32762, 2127714, 72.46, 32762, 2127714, 74.88
h_128, 32768, 2130600, 0.00, 32764, 2130565, 0.08, 32764, 2129479, 1.30, 32764, 2129414, 12.88, 32764, 2129479, 14.96, 32764, 2129479, 17.34, 32764, 2129479, 19.59, 32764, 2129479, 21.73, 32764, 2129479, 23.83, 32764, 2129479, 26.11, 32764, 2129479, 28.05, 32764, 2129479, 30.38, 32764, 2129479, 32.66, 32764, 2129479, 35.04
h_129, 32768, 2148521, 0.00, 32768, 2148521, 0.10, 32768, 2148521, 2.24, 32768, 2148521, 40.67, 32768, 2148521, 43.98, 32768, 2148521, 47.35, 32768, 2148521, 50.72, 32768, 2148521, 54.05, 32768, 2148521, 57.49, 32768, 2148521, 61.03, 32768, 2148521, 63.42, 32768, 2148521, 66.91, 32768, 2148521, 70.61, 32768, 2148521, 73.92
h_130, 16384, 2192284, 0.00, 16384, 2192284, 0.06, 16384, 2172703, 2.07, 16384, 2172032, 45.73, 16384, 2172693, 51.30, 16384, 2172693, 56.91, 16384, 2172693, 62.48, 16384, 2172693, 68.02, 16384, 2172693, 73.46, 16384, 2172693, 79.34, 16384, 2172699, 83.30, 16384, 2172693, 89.63, 16384, 2172698, 93.84, 16384, 2172693, 99.85
h_131, 16384, 2194576, 0.00, 16384, 2194576, 0.07, 16384, 2174477, 2.37, 16384, 2173797, 43.31, 16384, 2174471, 48.13, 16384, 2174471, 53.26, 16384, 2174471, 58.30, 16384, 2174471, 63.11, 16384, 2174471, 67.89, 16384, 2174471, 73.23, 16384, 2174475, 77.66, 16384, 2174471, 83.44, 16384, 2174473, 87.94, 16384, 2174471, 93.26
h_132, 65536, 2184865, 0.00, 65535, 2184855, 0.12, 65528, 2146479, 1.96, 65518, 2143629, 35.04, 65520, 2146126, 41.57, 65520, 2146126, 47.13, 65520, 2146126, 55.66, 65520, 2146126, 62.48, 65520, 2146126, 69.19, 65520, 2146126, 76.11, 65520, 2146138, 81.42, 65520, 2146126, 88.28, 65520, 2146126, 94.99, 65520, 2146126, 101.98
h_133, 131065, 2130456, 0.00, 130077, 2122014, 0.23, 129762, 2045613, 4.18, 129488, 2030078, 86.70, 129534, 2039514, 106.60, 129543, 2039641, 124.81, 129524, 2039303, 149.74, 129527, 2039401, 169.95, 129534, 2039514, 190.16, 129524, 2039303, 213.02, 129527, 2039634, 232.36, 129524, 2039303, 255.44, 129524, 2039321, 276.07, 129524, 2039303, 298.79
h_134, 131065, 2131741, 0.00, 129996, 2122528, 0.19, 129570, 2044096, 4.81, 129256, 2027754, 99.56, 129305, 2037346, 123.46, 129293, 2036968, 156.35, 129280, 2036797, 195.33, 129283, 2036896, 227.54, 129305, 2037346, 251.05, 129280, 2036797, 287.95, 129280, 2037090, 316.33, 129280, 2036797, 350.54, 129280, 2036811, 384.14, 129280, 2036797, 420.40
h_135, 32768, 2235835, 0.00, 32455, 2230585, 0.12, 32439, 2228690, 1.82, 32435, 2228247, 16.40, 32435, 2228281, 21.90, 32435, 2228281, 26.86, 32435, 2228281, 33.64, 32435, 2228281, 39.71, 32435, 2228281, 45.28, 32435, 2228281, 51.14, 32435, 2228286, 54.87, 32435, 2228281, 60.37, 32435, 2228281, 65.91, 32435, 2228281, 71.48
h_136, 32768, 2240608, 0.00, 32457, 2234920, 0.12, 32451, 2233599, 2.04, 32450, 2233409, 16.39, 32450, 2233460, 21.39, 32450, 2233460, 26.20, 32450, 2233460, 32.29, 32450, 2233460, 37.06, 32450, 2233460, 41.95, 32450, 2233460, 47.24, 32450, 2233466, 50.45, 32450, 2233460, 55.78, 32450, 2233460, 61.17, 32450, 2233460, 67.13
h_137, 32768, 2241646, 0.00, 32415, 2236524, 0.09, 32406, 2234885, 1.35, 32405, 2234702, 15.10, 32405, 2234751, 19.34, 32405, 2234751, 23.83, 32405, 2234751, 28.07, 32405, 2234751, 32.42, 32405, 2234751, 36.90, 32405, 2234751, 41.38, 32405, 2234762, 43.95, 32405, 2234751, 48.55, 32405, 2234751, 53.04, 32405, 2234751, 57.59
h_138, 32768, 2270902, 0.00, 32767, 2270888, 0.08, 32767, 2268068, 1.23, 32767, 2267940, 70.87, 32767, 2268068, 73.03, 32767, 2268068, 75.44, 32767, 2268068, 77.96, 32767, 2268068, 80.32, 32767, 2268068, 82.48, 32767, 2268068, 84.91, 32767, 2268068, 86.99, 32767, 2268068, 89.36, 32767, 2268068, 91.91, 32767, 2268068, 94.53
h_139, 16384, 2293868, 0.00, 16012, 2222774, 0.72, 16012, 2222774, 1.63, 16012, 2222774, 6.28, 16012, 2222774, 7.61, 16012, 2222774, 8.88, 16012, 2222774, 10.15, 16012, 2222774, 11.58, 16012, 2222774, 12.88, 16012, 2222774, 14.24, 16012, 2222774, 15.53, 16012, 2222774, 16.93, 16012, 2222774, 18.25, 16012, 2222774, 19.68
h_140, 131068, 2199584, 0.00, 128579, 2121072, 0.19, 90966, 989004, 5.12, 39201, 184347, 35.18, 39318, 185511, 62.20, 39629, 187972, 84.16, 39759, 187931, 111.61, 39317, 185498, 139.93, 39318, 185511, 166.88, 39317, 185498, 194.60, 39323, 185542, 221.24, 39317, 185498, 249.09, 40765, 198343, 275.01, 39317, 185498, 302.06
h_141, 65536, 2321780, 0.00, 65533, 2321715, 0.12, 65528, 2256565, 2.60, 65492, 2249616, 45.26, 65496, 2254555, 57.12, 65495, 2254492, 70.79, 65494, 2254461, 85.42, 65495, 2254524, 98.51, 65496, 2254555, 110.69, 65494, 2254461, 126.34, 65494, 2254566, 138.96, 65494, 2254461, 154.27, 65494, 2254471, 167.36, 65494, 2254461, 182.71
h_142, 131069, 2294338, 0.00, 130569, 2289798, 0.20, 130333, 2195393, 4.05, 130081, 2177664, 82.30, 130113, 2188868, 108.41, 130109, 2188750, 133.48, 130104, 2188587, 164.31, 130108, 2188752, 191.91, 130113, 2188868, 217.98, 130104, 2188587, 248.14, 130106, 2188972, 272.03, 130104, 2188587, 302.82, 130104, 2188617, 329.92, 130104, 2188587, 360.01
h_143, 32768, 2412833, 0.00, 32768, 2412833, 0.08, 32768, 2404317, 1.55, 32767, 2403970, 187.06, 32767, 2404218, 190.81, 32767, 2404218, 194.85, 32767, 2404218, 198.72, 32768, 2404317, 201.13, 32767, 2404218, 204.77, 32767, 2404218, 208.71, 32767, 2404218, 212.15, 32767, 2404218, 216.11, 32767, 2404218, 219.98, 32767, 2404218, 224.04
h_144, 32768, 2416672, 0.00, 32768, 2416672, 0.08, 32768, 2408228, 1.67, 32765, 2407732, 151.87, 32767, 2408098, 155.09, 32767, 2408098, 158.47, 32767, 2408098, 162.16, 32767, 2408098, 165.36, 32767, 2408098, 168.60, 32767, 2408098, 172.31, 32767, 2408098, 175.53, 32767, 2408098, 179.21, 32767, 2408098, 182.72, 32767, 2408098, 186.23
h_145, 32768, 2416820, 0.00, 32768, 2416820, 0.09, 32768, 2408190, 1.51, 32768, 2407948, 27.91, 32768, 2408190, 30.30, 32768, 2408190, 32.98, 32768, 2408190, 35.80, 32768, 2408190, 38.24, 32768, 2408190, 40.68, 32768, 2408190, 43.41, 32768, 2408190, 45.85, 32768, 2408190, 48.75, 32768, 2408190, 51.62, 32768, 2408190, 54.48
h_146, 131071, 2322563, 0.00, 130160, 2288810, 0.20, 96678, 1190002, 3.98, 34905, 148820, 27.01, 34934, 149003, 48.66, 35006, 149444, 67.30, 35217, 150814, 86.98, 34934, 149003, 108.43, 34934, 149003, 130.14, 34934, 149003, 152.24, 34934, 149004, 173.26, 34934, 149003, 195.01, 35896, 157199, 215.22, 34934, 149003, 237.03
h_147, 32768, 2422154, 0.00, 32592, 2418187, 0.10, 32588, 2417389, 1.81, 32588, 2417355, 15.30, 32588, 2417389, 18.48, 32588, 2417389, 21.80, 32588, 2417389, 25.15, 32588, 2417389, 28.22, 32588, 2417389, 31.30, 32588, 2417389, 34.58, 32588, 2417389, 37.31, 32588, 2417389, 40.66, 32588, 2417389, 44.22, 32588, 2417389, 47.54
h_148, 432535, 2038645, 0.00, 408231, 2000993, 0.87, 91817, 336100, 2.86, 91817, 336100, 21.25, 91817, 336100, 23.91, 91817, 336100, 26.77, 91817, 336100, 29.71, 91817, 336100, 32.40, 91817, 336100, 35.10, 91817, 336100, 37.90, 91817, 336100, 40.36, 91817, 336100, 43.29, 91817, 336100, 46.29, 91817, 336100, 49.20
h_149, 131071, 2340382, 0.00, 130213, 2313856, 0.20, 98422, 1235631, 4.33, 35048, 150979, 29.41, 35124, 151462, 52.78, 35181, 151948, 73.90, 35453, 153330, 96.95, 35124, 151462, 119.66, 35124, 151462, 142.21, 35124, 151462, 164.90, 35124, 151463, 187.70, 35124, 151462, 210.31, 35930, 158514, 232.03, 35124, 151462, 255.07
h_150, 65536, 2456589, 0.00, 65536, 2456589, 0.11, 65536, 2350296, 2.77, 65494, 2336553, 39.11, 65495, 2346664, 51.91, 65495, 2346664, 63.27, 65495, 2346664, 76.88, 65495, 2346664, 89.90, 65495, 2346664, 102.92, 65495, 2346664, 115.89, 65495, 2347705, 125.53, 65495, 2346664, 138.73, 65495, 2346706, 150.39, 65495, 2346664, 163.66
h_151, 65536, 2457973, 0.00, 65536, 2457973, 0.11, 65536, 2351158, 2.77, 65478, 2335265, 39.18, 65479, 2345997, 56.11, 65478, 2345951, 71.87, 65478, 2345951, 88.64, 65479, 2346036, 105.28, 65479, 2345997, 122.42, 65478, 2345951, 142.27, 65478, 2347202, 156.33, 65478, 2345951, 175.59, 65478, 2346032, 192.17, 65478, 2345951, 211.58
h_152, 65536, 2458355, 0.00, 65535, 2458351, 0.13, 65532, 2351854, 2.46, 65456, 2336233, 37.71, 65458, 2346369, 53.48, 65457, 2346321, 68.15, 65457, 2346321, 86.89, 65458, 2346377, 102.66, 65458, 2346369, 118.34, 65457, 2346321, 136.46, 65457, 2347401, 149.03, 65457, 2346321, 167.27, 65457, 2346388, 182.53, 65457, 2346321, 200.63
h_153, 32768, 2554765, 0.00, 32768, 2554765, 0.09, 32768, 2531231, 1.80, 32766, 2530340, 24.85, 32766, 2531048, 29.41, 32766, 2531048, 34.10, 32766, 2531048, 38.39, 32766, 2531048, 43.20, 32766, 2531048, 48.07, 32766, 2531048, 53.09, 32766, 2531048, 57.56, 32766, 2531048, 62.75, 32766, 2531048, 67.70, 32766, 2531048, 72.81
h_154, 32768, 2556720, 0.00, 32768, 2556720, 0.11, 32768, 2533362, 1.67, 32767, 2532371, 87.00, 32767, 2533227, 91.70, 32767, 2533227, 96.64, 32767, 2533227, 101.35, 32767, 2533227, 106.26, 32767, 2533227, 111.31, 32767, 2533227, 116.59, 32767, 2533227, 120.88, 32767, 2533227, 126.41, 32767, 2533228, 130.61, 32767, 2533227, 136.02
h_155, 131071, 2459701, 0.00, 130854, 2457829, 0.20, 130653, 2335334, 4.22, 130306, 2310151, 88.67, 130366, 2325882, 113.94, 130355, 2325557, 142.19, 130346, 2325346, 175.25, 130359, 2325715, 201.17, 130366, 2325882, 227.10, 130346, 2325347, 260.17, 130347, 2325999, 288.27, 130346, 2325347, 322.14, 130346, 2325384, 354.07, 130346, 2325347, 387.80
h_156, 32768, 2558829, 0.00, 32768, 2558829, 0.09, 32768, 2536077, 1.95, 32768, 2535323, 25.64, 32768, 2536076, 29.52, 32768, 2536076, 33.31, 32768, 2536076, 37.02, 32768, 2536076, 40.53, 32768, 2536076, 44.04, 32768, 2536076, 48.02, 32768, 2536077, 50.88, 32768, 2536076, 54.86, 32768, 2536076, 58.71, 32768, 2536076, 62.62
h_157, 281903, 2312497, 0.00, 84913, 797699, 13.88, 25953, 97379, 111.72, 24280, 79786, 208.64, 24498, 80816, 307.96, 24400, 80240, 409.40, 24280, 79786, 509.95, 24280, 79786, 609.75, 24498, 80816, 708.22, 24280, 79786, 810.14, 24280, 79786, 910.46, 24280, 79786, 1007.95, 24280, 79787, 1104.66, 24280, 79786, 1198.84
h_158, 32768, 2614043, 0.00, 32691, 2612131, 0.10, 32682, 2610942, 1.44, 32680, 2610644, 18.30, 32680, 2610682, 23.50, 32680, 2610682, 28.90, 32680, 2610682, 34.41, 32680, 2610682, 39.61, 32680, 2610682, 44.88, 32680, 2610682, 50.91, 32680, 2610687, 54.49, 32680, 2610682, 60.19, 32680, 2610682, 65.58, 32680, 2610682, 71.11
h_159, 32768, 2621362, 0.00, 32677, 2619916, 0.10, 32670, 2618780, 2.05, 32670, 2618727, 16.83, 32670, 2618780, 20.04, 32670, 2618780, 23.59, 32670, 2618780, 27.06, 32670, 2618780, 30.30, 32670, 2618780, 33.55, 32670, 2618780, 37.06, 32670, 2618780, 39.98, 32670, 2618780, 43.65, 32670, 2618780, 47.15, 32670, 2618780, 50.87
h_160, 65536, 2593066, 0.00, 65536, 2593066, 0.12, 65536, 2470685, 1.76, 65136, 2440766, 16.14, 65136, 2440854, 25.49, 65136, 2440854, 34.02, 65136, 2440854, 43.04, 65136, 2440854, 52.34, 65136, 2440854, 61.06, 65136, 2440854, 70.28, 65136, 2441071, 78.20, 65136, 2440854, 87.38, 65137, 2441004, 94.63, 65136, 2440854, 103.74
h_161, 32768, 2684883, 0.00, 32768, 2684883, 0.13, 32768, 2684883, 3.05, 32768, 2684883, 44.55, 32768, 2684883, 49.24, 32768, 2684883, 54.15, 32768, 2684883, 58.85, 32768, 2684883, 63.38, 32768, 2684883, 68.23, 32768, 2684883, 73.39, 32768, 2684883, 76.97, 32768, 2684883, 81.91, 32768, 2684883, 86.72, 32768, 2684883, 91.72
h_162, 131072, 2587747, 0.00, 131072, 2587747, 0.16, 128, 1658, 1.23, 8, 16, 2.60, 8, 16, 3.97, 8, 16, 5.25, 8, 16, 6.62, 8, 16, 7.88, 8, 16, 9.24, 8, 16, 10.70, 8, 16, 12.05, 8, 16, 13.47, 8, 16, 14.90, 8, 16, 16.28
h_163, 32768, 2696696, 0.00, 32768, 2696696, 0.09, 32768, 2638149, 2.98, 32763, 2633282, 22.80, 32763, 2637097, 30.74, 32763, 2637097, 37.98, 32763, 2637097, 46.42, 32763, 2637097, 54.38, 32763, 2637097, 62.41, 32763, 2637097, 70.80, 32763, 2637480, 76.92, 32763, 2637097, 85.55, 32763, 2637107, 93.30, 32763, 2637097, 102.17
h_164, 131072, 2620644, 0.00, 130663, 2614061, 0.20, 128794, 2260493, 8.26, 112625, 1445560, 280.92, 113334, 1496912, 482.04, 113505, 1501039, 625.54, 113166, 1491420, 855.81, 113076, 1489663, 1058.02, 113334, 1496912, 1256.27, 113076, 1489666, 1473.85, 113095, 1494362, 1652.18, 113076, 1489666, 1859.84, 113844, 1515626, 2014.77, 113076, 1489663, 2232.39
h_165, 131072, 2622100, 0.00, 130969, 2620941, 0.22, 130815, 2459629, 5.47, 130430, 2423079, 114.29, 130496, 2446320, 148.91, 130477, 2445831, 181.81, 130469, 2445496, 221.21, 130481, 2445950, 259.01, 130496, 2446320, 294.02, 130468, 2445462, 336.55, 130468, 2447042, 370.26, 130468, 2445462, 411.95, 130470, 2445643, 447.52, 130468, 2445462, 489.89
h_166, 65536, 2728370, 0.00, 57452, 2124246, 2.93, 57452, 2124246, 5.59, 57452, 2124246, 10.35, 57452, 2124246, 13.46, 57452, 2124246, 16.60, 57452, 2124246, 19.67, 57452, 2124246, 22.86, 57452, 2124246, 26.17, 57452, 2124246, 29.40, 57452, 2124246, 32.48, 57452, 2124246, 35.83, 57452, 2124246, 39.12, 57452, 2124246, 42.39
h_167, 65536, 2731506, 0.00, 57531, 2126614, 2.79, 57531, 2126614, 5.50, 57531, 2126614, 10.44, 57531, 2126614, 13.52, 57531, 2126614, 16.69, 57531, 2126614, 19.79, 57531, 2126614, 23.02, 57531, 2126614, 26.28, 57531, 2126614, 29.58, 57531, 2126614, 32.83, 57531, 2126614, 36.03, 57531, 2126614, 39.28, 57531, 2126614, 42.56
h_168, 32768, 2794794, 0.00, 32746, 2794370, 0.10, 32741, 2793462, 1.98, 32739, 2793273, 20.38, 32739, 2793303, 25.48, 32739, 2793303, 30.19, 32739, 2793303, 36.91, 32739, 2793303, 41.99, 32739, 2793303, 47.13, 32739, 2793303, 52.66, 32739, 2793303, 57.75, 32739, 2793303, 63.25, 32739, 2793303, 68.79, 32739, 2793303, 74.37
h_169, 32768, 2808603, 0.00, 32723, 2807547, 0.10, 32720, 2806703, 1.32, 32719, 2806553, 27.14, 32720, 2806703, 29.80, 32720, 2806703, 32.89, 32720, 2806703, 36.02, 32720, 2806703, 38.71, 32720, 2806703, 41.44, 32720, 2806703, 44.61, 32720, 2806703, 47.14, 32720, 2806703, 50.50, 32720, 2806703, 53.67, 32720, 2806703, 56.97
h_170, 32768, 2838628, 0.00, 29712, 2409626, 1.66, 29712, 2409626, 3.30, 29712, 2409626, 7.73, 29712, 2409626, 9.80, 29712, 2409626, 11.90, 29712, 2409626, 13.93, 29712, 2409626, 16.03, 29712, 2409626, 18.09, 29712, 2409626, 20.27, 29712, 2409626, 22.30, 29712, 2409626, 24.35, 29712, 2409626, 26.43, 29712, 2409626, 28.60
h_171, 131072, 2741624, 0.00, 130027, 2695663, 0.22, 114429, 1720777, 8.78, 59655, 381011, 88.15, 59997, 384689, 159.41, 60453, 389150, 217.02, 60668, 390255, 289.44, 59981, 384528, 360.82, 59997, 384689, 434.67, 59981, 384528, 508.82, 59982, 384639, 579.92, 59981, 384528, 651.86, 62256, 412884, 715.75, 59981, 384528, 788.99
h_172, 32768, 2840800, 0.00, 29740, 2413360, 1.67, 29740, 2413360, 3.18, 29740, 2413360, 7.75, 29740, 2413360, 9.80, 29740, 2413360, 11.90, 29740, 2413360, 14.13, 29740, 2413360, 16.37, 29740, 2413360, 18.43, 29740, 2413360, 20.82, 29740, 2413360, 22.89, 29740, 2413360, 25.23, 29740, 2413360, 27.29, 29740, 2413360, 29.40
h_173, 32768, 2843144, 0.00, 29795, 2420962, 1.76, 29795, 2420962, 3.41, 29795, 2420962, 7.99, 29795, 2420962, 10.12, 29795, 2420962, 12.19, 29795, 2420962, 14.30, 29795, 2420962, 16.57, 29795, 2420962, 18.61, 29795, 2420962, 20.70, 29795, 2420962, 22.95, 29795, 2420962, 25.13, 29795, 2420962, 27.28, 29795, 2420962, 29.40
h_174, 131072, 2754294, 0.00, 130067, 2701388, 0.22, 114972, 1738436, 8.94, 59822, 382961, 96.46, 60163, 386690, 171.21, 60729, 391767, 231.67, 60853, 392613, 303.53, 60153, 386584, 378.17, 60163, 386690, 451.31, 60153, 386584, 528.15, 60153, 386679, 603.14, 60153, 386584, 678.62, 62315, 414013, 745.95, 60153, 386584, 820.67
h_175, 131072, 2757784, 0.00, 130914, 2754523, 0.21, 129745, 2400417, 6.12, 109381, 1407444, 162.91, 109675, 1419305, 275.94, 109835, 1424406, 363.44, 109772, 1422489, 483.09, 109636, 1418339, 597.47, 109675, 1419305, 713.94, 109636, 1418339, 833.86, 109653, 1420185, 938.09, 109636, 1418339, 1054.88, 110595, 1453681, 1150.88, 109636, 1418339, 1271.73
h_176, 131072, 2777076, 0.00, 130970, 2775756, 0.20, 129890, 2424988, 7.02, 109384, 1405713, 160.65, 109615, 1416086, 279.44, 109878, 1423217, 368.24, 109735, 1419982, 487.05, 109584, 1415689, 605.56, 109615, 1416086, 725.94, 109584, 1415689, 846.71, 109604, 1417763, 954.21, 109584, 1415689, 1071.79, 110561, 1452700, 1172.36, 109584, 1415689, 1294.16
h_177, 131072, 2784435, 0.00, 130955, 2781917, 0.19, 129790, 2429818, 6.70, 108882, 1404355, 160.08, 109131, 1416178, 280.86, 109387, 1423042, 364.47, 109462, 1424211, 488.02, 109108, 1415439, 606.85, 109131, 1416178, 723.73, 109108, 1415439, 847.89, 109157, 1417976, 959.08, 109108, 1415439, 1078.96, 110118, 1451932, 1178.52, 109108, 1415439, 1297.48
h_178, 131072, 2785982, 0.00, 131040, 2785640, 0.23, 130916, 2573723, 4.77, 130246, 2509966, 109.95, 130302, 2545113, 148.63, 130283, 2544498, 191.16, 130276, 2544237, 239.85, 130288, 2544795, 285.41, 130302, 2545113, 326.63, 130275, 2544199, 377.55, 130279, 2548626, 413.20, 130275, 2544199, 464.66, 130276, 2544823, 506.29, 130275, 2544199, 559.51
h_179, 131072, 2921009, 0.00, 130768, 2907824, 0.21, 119530, 2057654, 5.95, 53179, 308205, 59.12, 53224, 308766, 109.38, 53374, 309881, 152.66, 53795, 313698, 203.62, 53224, 308766, 257.20, 53224, 308766, 309.76, 53224, 308766, 360.12, 53225, 308793, 409.75, 53224, 308766, 460.50, 54651, 325839, 508.30, 53224, 308766, 559.82
h_180, 131072, 2949960, 0.00, 131060, 2949843, 0.22, 130986, 2695470, 3.86, 129634, 2627848, 39.36, 129643, 2632512, 63.95, 129636, 2632240, 85.75, 129637, 2632301, 112.53, 129636, 2632240, 139.07, 129643, 2632512, 164.48, 129636, 2632240, 191.74, 129636, 2636062, 212.24, 129636, 2632240, 239.69, 129648, 2633332, 262.45, 129636, 2632240, 291.40
h_181, 131072, 2950732, 0.00, 131059, 2950586, 0.23, 131013, 2696403, 3.54, 129763, 2633862, 43.23, 129772, 2638665, 67.70, 129771, 2638514, 90.27, 129765, 2638388, 120.95, 129764, 2638324, 147.59, 129772, 2638665, 172.98, 129764, 2638324, 202.42, 129764, 2641884, 223.18, 129764, 2638324, 252.80, 129772, 2639256, 278.06, 129764, 2638324, 309.12
h_182, 131072, 2951641, 0.00, 131058, 2951505, 0.21, 131007, 2697263, 3.25, 129717, 2633212, 39.90, 129721, 2637543, 64.22, 129725, 2637665, 84.15, 129718, 2637423, 108.44, 129718, 2637423, 133.82, 129721, 2637543, 159.28, 129718, 2637423, 186.89, 129719, 2641163, 206.58, 129718, 2637423, 234.05, 129726, 2638375, 257.32, 129718, 2637423, 285.39
h_183, 131072, 3115621, 0.00, 131072, 3115621, 0.23, 131029, 2963971, 1.73, 126958, 2771517, 17.63, 126958, 2771518, 30.42, 126958, 2771518, 40.45, 126959, 2771570, 54.49, 126958, 2771518, 67.66, 126958, 2771518, 80.42, 126958, 2771518, 93.67, 126958, 2771518, 106.44, 126958, 2771518, 119.64, 126960, 2771787, 131.99, 126958, 2771518, 145.23
h_184, 32768, 3221596, 0.00, 32768, 3221596, 0.13, 32768, 3221596, 3.70, 32768, 3221596, 47.31, 32768, 3221596, 52.78, 32768, 3221596, 58.89, 32768, 3221596, 64.73, 32768, 3221596, 70.09, 32768, 3221596, 75.73, 32768, 3221596, 81.66, 32768, 3221596, 85.84, 32768, 3221596, 91.36, 32768, 3221596, 97.12, 32768, 3221596, 103.05
h_185, 32768, 3222505, 0.00, 32768, 3222505, 0.18, 32768, 3222505, 3.86, 32768, 3222505, 48.33, 32768, 3222505, 53.86, 32768, 3222505, 59.74, 32768, 3222505, 65.86, 32768, 3222505, 71.55, 32768, 3222505, 77.20, 32768, 3222505, 83.58, 32768, 3222505, 88.23, 32768, 3222505, 93.94, 32768, 3222505, 99.60, 32768, 3222505, 105.81
h_186, 566326, 2770690, 0.00, 549251, 2745294, 1.11, 96919, 354849, 3.47, 96919, 354849, 24.02, 96919, 354849, 27.21, 96919, 354849, 30.85, 96919, 354849, 34.61, 96919, 354849, 37.97, 96919, 354849, 41.38, 96919, 354849, 45.09, 96919, 354849, 48.52, 96919, 354849, 52.38, 96919, 354849, 56.29, 96919, 354849, 60.20
h_187, 131072, 3225441, 0.00, 131072, 3225441, 0.17, 516, 9108, 1.57, 9, 18, 3.64, 9, 18, 5.81, 9, 18, 7.91, 9, 18, 9.88, 9, 18, 11.87, 9, 18, 13.96, 9, 18, 15.99, 9, 18, 18.17, 9, 18, 20.19, 9, 18, 22.33, 9, 18, 24.47
h_188, 262140, 3100200, 0.00, 163662, 1189436, 8.39, 163662, 1189436, 14.00, 163662, 1189436, 21.61, 163662, 1189436, 27.71, 163662, 1189436, 34.19, 163655, 1189392, 40.55, 163662, 1189436, 47.03, 163662, 1189436, 53.27, 163662, 1189436, 59.83, 163662, 1189436, 66.81, 163662, 1189436, 73.44, 163644, 1189340, 80.10, 163644, 1189340, 87.17
h_189, 262141, 3100310, 0.00, 163839, 1191914, 8.17, 163839, 1191914, 13.98, 163823, 1191802, 21.44, 163839, 1191914, 28.11, 163823, 1191802, 34.54, 163839, 1191914, 41.35, 163839, 1191914, 47.43, 163832, 1191870, 54.23, 163839, 1191914, 61.07, 163801, 1191726, 67.91, 163839, 1191914, 74.55, 163839, 1191914, 81.04, 163839, 1191914, 87.90
h_190, 131072, 3244452, 0.00, 131072, 3244452, 0.20, 3657, 86742, 4.70, 8, 16, 12.97, 8, 16, 20.57, 8, 16, 28.46, 8, 16, 36.36, 8, 16, 44.31, 8, 16, 52.36, 8, 16, 60.04, 8, 16, 67.94, 8, 16, 76.07, 8, 16, 84.13, 8, 16, 92.21
h_191, 131072, 3275806, 0.00, 131072, 3275806, 0.18, 4513, 111314, 5.60, 4, 8, 14.47, 4, 8, 23.27, 4, 8, 32.26, 4, 8, 40.48, 4, 8, 49.19, 4, 8, 57.90, 4, 8, 66.48, 4, 8, 75.02, 4, 8, 83.55, 4, 8, 91.89, 4, 8, 100.91
h_192, 32768, 3726392, 0.00, 32550, 3693014, 2.57, 32550, 3693014, 4.38, 32550, 3693014, 11.67, 32550, 3693014, 14.83, 32550, 3693014, 18.78, 32550, 3693014, 21.15, 32550, 3693014, 23.54, 32550, 3693014, 26.15, 32550, 3693014, 28.68, 32550, 3693014, 31.05, 32550, 3693014, 33.79, 32550, 3693014, 36.35, 32550, 3693014, 38.93
h_193, 32768, 3734348, 0.00, 32563, 3702362, 2.56, 32563, 3702362, 4.36, 32563, 3702362, 11.76, 32563, 3702362, 14.23, 32563, 3702362, 16.72, 32563, 3702362, 19.28, 32563, 3702362, 21.77, 32563, 3702362, 25.45, 32563, 3702362, 28.00, 32563, 3702362, 30.46, 32563, 3702362, 33.21, 32563, 3702362, 36.52, 32563, 3702362, 40.69
h_194, 4096, 4194304, 0.00, 4096, 4194304, 1.15, 4096, 4194304, 12.52, 4096, 4194304, 181.54, 4096, 4194304, 202.04, 4096, 4194304, 222.93, 4096, 4194304, 244.15, 4096, 4194304, 264.72, 4096, 4194304, 285.40, 4096, 4194304, 306.72, 4096, 4194304, 319.02, 4096, 4194304, 340.12, 4096, 4194304, 361.32, 4096, 4194304, 383.22
h_195, 4096, 4194304, 0.00, 4096, 4194304, 1.40, 4096, 4194304, 12.64, 4096, 4194304, 180.84, 4096, 4194304, 201.31, 4096, 4194304, 222.97, 4096, 4194304, 244.02, 4096, 4194304, 264.87, 4096, 4194304, 285.80, 4096, 4194304, 307.69, 4096, 4194304, 320.39, 4096, 4194304, 342.12, 4096, 4194304, 363.55, 4096, 4194304, 385.52
h_196, 8192, 4194304, 0.00, 8192, 4194304, 1.40, 8192, 4194304, 10.58, 8192, 4194304, 53.98, 8192, 4194304, 67.82, 8192, 4194304, 81.66, 8192, 4194304, 95.08, 8192, 4194304, 108.50, 8192, 4194304, 122.02, 8192, 4194304, 135.79, 8192, 4194304, 144.95, 8192, 4194304, 158.91, 8192, 4194304, 172.64, 8192, 4194304, 186.08
h_197, 8192, 4194304, 0.00, 8192, 4194304, 1.27, 8192, 4194304, 10.89, 8192, 4194304, 54.17, 8192, 4194304, 67.97, 8192, 4194304, 81.92, 8192, 4194304, 95.27, 8192, 4194304, 108.81, 8192, 4194304, 122.41, 8192, 4194304, 136.26, 8192, 4194304, 145.42, 8192, 4194304, 159.06, 8192, 4194304, 172.63, 8192, 4194304, 186.07
h_198, 962897, 4419758, 0.00, 887706, 4300594, 2.46, 232674, 851805, 7.49, 232674, 851805, 69.29, 232674, 851805, 76.17, 232674, 851805, 83.63, 232674, 851805, 90.85, 232674, 851805, 97.89, 232674, 851805, 104.61, 232674, 851805, 112.19, 232674, 851805, 118.43, 232674, 851805, 126.09, 232674, 851805, 133.34, 232674, 851805, 141.16
h_199, 875713, 5105039, 0.00, 196078, 1756279, 3.25, 4161, 25256, 6.81, 3055, 13224, 14.02, 3125, 13650, 19.55, 3143, 13738, 25.61, 3076, 13382, 31.50, 3076, 13382, 36.97, 3125, 13650, 42.05, 3076, 13382, 48.03, 3076, 13384, 53.97, 3076, 13382, 59.97, 3077, 13392, 65.99, 3076, 13382, 72.16
h_200, 2394385, 5021410, 0.00, 122, 261, 17.27, 12, 24, 17.39, 12, 24, 17.39, 12, 24, 17.39, 12, 24, 17.39, 12, 24, 17.39, 12, 24, 17.39, 12, 24, 17.39, 12, 24, 17.39, 12, 24, 17.40, 12, 24, 17.40, 12, 24, 17.40, 12, 24, 17.40
