id, orig-N, orig-M, orig-time, basic-N, basic-M, basic-time, known-N, known-M, known-time, all_dom-N, all_dom-M, all_dom-time, fast_dom-N, fast_dom-M, fast_dom-time, dom12-N, dom12-M, dom12-time, dom3-N, dom3-M, dom3-time, dom4-N, dom4-M, dom4-time, dom5-N, dom5-M, dom5-time, dom_nca-N, dom_nca-M, dom_nca-time, dom_nca_full-N, dom_nca_full-M, dom_nca_full-time, dom_mixed-N, dom_mixed-M, dom_mixed-time, dom_mixed_full-N, dom_mixed_full-M, dom_mixed_full-time
e_001, 475, 651, 0.00, 0, 0, 0.00, 0, 0, 0.00, 0, 0, 0.00, 0, 0, 0.00, 0, 0, 0.00, 0, 0, 0.00, 0, 0, 0.00, 0, 0, 0.00, 0, 0, 0.00, 0, 0, 0.00, 0, 0, 0.00, 0, 0, 0.00
e_002, 1024, 3322, 0.00, 219, 1080, 0.00, 214, 1045, 0.00, 202, 955, 7.33, 214, 1045, 7.33, 219, 1080, 7.33, 219, 1080, 7.33, 219, 1080, 7.33, 219, 1080, 8.18, 219, 1080, 8.18, 202, 955, 8.37, 219, 1080, 8.37, 219, 1080, 8.37
e_003, 1024, 6055, 0.00, 919, 5594, 0.00, 402, 2266, 0.00, 199, 588, 0.01, 199, 588, 0.02, 199, 646, 0.02, 876, 5096, 0.03, 876, 5096, 0.03, 199, 648, 0.04, 919, 5594, 0.04, 917, 5532, 0.04, 919, 5594, 0.04, 919, 5594, 0.04
e_004, 961, 5081, 0.00, 95, 524, 0.00, 7, 27, 0.00, 4, 8, 0.00, 4, 8, 0.00, 7, 31, 0.00, 19, 65, 0.00, 18, 57, 0.00, 4, 9, 0.00, 95, 524, 0.00, 60, 251, 0.00, 95, 524, 0.00, 95, 524, 0.00
e_005, 1024, 5736, 0.00, 875, 5136, 0.00, 313, 1634, 0.00, 145, 444, 0.01, 145, 444, 0.01, 167, 576, 0.02, 775, 4205, 0.02, 763, 4131, 0.03, 159, 546, 0.03, 875, 5136, 0.03, 866, 4922, 0.03, 875, 5136, 0.03, 875, 5136, 0.03
e_006, 808, 2211, 0.00, 19, 45, 0.00, 0, 0, 0.00, 0, 0, 0.00, 0, 0, 0.00, 0, 0, 0.00, 17, 38, 0.00, 17, 38, 0.00, 0, 0, 0.00, 19, 45, 0.00, 17, 38, 0.00, 19, 45, 0.00, 19, 45, 0.00
e_007, 912, 4198, 0.00, 137, 570, 0.00, 4, 8, 0.00, 4, 8, 0.00, 4, 8, 0.00, 4, 10, 0.00, 95, 347, 0.00, 95, 347, 0.00, 4, 10, 0.00, 137, 570, 0.00, 129, 476, 0.00, 137, 570, 0.00, 137, 570, 0.00
e_008, 2047, 15020, 0.00, 1908, 14272, 0.00, 405, 2528, 0.01, 170, 398, 0.02, 170, 398, 0.04, 170, 465, 0.05, 1512, 9567, 0.08, 1546, 9816, 0.12, 170, 467, 0.13, 1908, 14272, 0.14, 1894, 13387, 0.14, 1908, 14272, 0.15, 1908, 14272, 0.15
e_009, 1000, 6804, 0.00, 380, 1677, 0.00, 0, 0, 0.00, 0, 0, 0.00, 0, 0, 0.00, 0, 0, 0.00, 344, 1398, 0.00, 344, 1398, 0.00, 0, 0, 0.00, 380, 1677, 0.00, 380, 1571, 0.00, 380, 1677, 0.00, 380, 1677, 0.00
e_010, 1016, 7005, 0.00, 798, 6136, 0.00, 655, 4493, 0.01, 566, 3230, 0.28, 634, 4091, 0.32, 730, 5541, 0.32, 721, 5349, 0.32, 661, 4772, 0.39, 583, 4291, 0.69, 798, 6136, 0.69, 722, 4521, 0.73, 798, 6136, 0.73, 798, 6136, 0.73
e_011, 4086, 15076, 0.00, 2219, 7792, 0.00, 181, 448, 0.01, 174, 410, 0.02, 174, 410, 0.03, 280, 769, 0.03, 1469, 4780, 0.04, 1456, 4728, 0.05, 224, 591, 0.05, 2219, 7792, 0.06, 1994, 6451, 0.06, 2219, 7792, 0.06, 2219, 7792, 0.06
e_012, 4092, 15066, 0.00, 2357, 8332, 0.00, 239, 587, 0.01, 232, 535, 0.01, 232, 535, 0.02, 275, 722, 0.02, 1438, 4560, 0.03, 1426, 4503, 0.04, 232, 589, 0.05, 2357, 8332, 0.05, 2112, 6840, 0.06, 2357, 8332, 0.06, 2357, 8332, 0.06
e_013, 1924, 7038, 0.00, 519, 2636, 0.00, 138, 504, 0.00, 102, 268, 0.01, 102, 268, 0.01, 195, 853, 0.01, 217, 836, 0.01, 204, 785, 0.02, 123, 461, 0.02, 519, 2636, 0.02, 421, 1678, 0.02, 519, 2636, 0.02, 519, 2636, 0.02
e_014, 1951, 7847, 0.00, 670, 3275, 0.00, 141, 628, 0.01, 100, 356, 0.02, 111, 438, 0.03, 201, 1020, 0.04, 262, 1229, 0.04, 248, 1123, 0.04, 104, 490, 0.05, 670, 3275, 0.05, 513, 2058, 0.05, 670, 3275, 0.05, 670, 3275, 0.05
e_015, 1979, 9390, 0.00, 909, 4984, 0.00, 139, 622, 0.00, 46, 98, 0.01, 46, 98, 0.01, 87, 264, 0.02, 364, 1439, 0.02, 405, 1596, 0.03, 80, 240, 0.03, 909, 4984, 0.03, 809, 3826, 0.03, 909, 4984, 0.03, 909, 4984, 0.03
e_016, 1939, 10655, 0.00, 285, 1016, 0.00, 14, 38, 0.00, 12, 24, 0.00, 12, 24, 0.00, 12, 27, 0.00, 242, 735, 0.00, 242, 735, 0.00, 12, 27, 0.01, 285, 1016, 0.01, 283, 984, 0.01, 285, 1016, 0.01, 285, 1016, 0.01
e_017, 886, 3800, 0.00, 188, 740, 0.00, 0, 0, 0.00, 0, 0, 0.00, 0, 0, 0.00, 0, 0, 0.00, 178, 648, 0.00, 178, 648, 0.00, 0, 0, 0.00, 188, 740, 0.00, 159, 464, 0.00, 188, 740, 0.00, 188, 740, 0.00
e_018, 1923, 5964, 0.00, 707, 2734, 0.00, 150, 502, 0.00, 96, 212, 0.00, 96, 212, 0.01, 106, 258, 0.01, 529, 1858, 0.01, 525, 1836, 0.01, 96, 233, 0.01, 707, 2734, 0.01, 680, 2486, 0.02, 707, 2734, 0.02, 707, 2734, 0.02
e_019, 2034, 11718, 0.00, 1669, 10045, 0.00, 349, 1630, 0.01, 204, 538, 0.02, 204, 538, 0.04, 212, 713, 0.05, 991, 4605, 0.06, 1040, 4799, 0.08, 205, 672, 0.09, 1669, 10045, 0.09, 1573, 8589, 0.09, 1669, 10045, 0.09, 1669, 10045, 0.09
e_020, 1906, 7039, 0.00, 593, 2888, 0.00, 130, 476, 0.00, 89, 235, 0.01, 89, 235, 0.01, 169, 662, 0.01, 222, 802, 0.01, 210, 767, 0.02, 103, 377, 0.02, 593, 2888, 0.02, 394, 1575, 0.02, 593, 2888, 0.02, 593, 2888, 0.02
e_021, 1872, 6147, 0.00, 488, 2193, 0.00, 80, 265, 0.00, 60, 138, 0.00, 60, 138, 0.01, 103, 371, 0.01, 209, 704, 0.01, 195, 644, 0.01, 78, 242, 0.01, 488, 2193, 0.01, 397, 1489, 0.01, 488, 2193, 0.01, 488, 2193, 0.01
e_022, 830, 1884, 0.00, 110, 314, 0.00, 20, 51, 0.00, 12, 24, 0.00, 12, 24, 0.00, 20, 59, 0.00, 80, 205, 0.00, 77, 199, 0.00, 12, 27, 0.00, 110, 314, 0.00, 102, 276, 0.00, 110, 314, 0.00, 110, 314, 0.00
e_023, 1600, 5400, 0.00, 143, 430, 0.00, 4, 8, 0.00, 4, 8, 0.00, 4, 8, 0.00, 4, 9, 0.00, 135, 403, 0.00, 135, 403, 0.00, 4, 9, 0.00, 143, 430, 0.00, 139, 413, 0.00, 143, 430, 0.00, 143, 430, 0.00
e_024, 1920, 7546, 0.00, 678, 3435, 0.00, 102, 430, 0.00, 38, 102, 0.01, 38, 102, 0.01, 82, 265, 0.01, 295, 1101, 0.01, 300, 1159, 0.02, 65, 217, 0.02, 678, 3435, 0.02, 591, 2634, 0.02, 678, 3435, 0.02, 678, 3435, 0.02
e_025, 860, 2802, 0.00, 94, 240, 0.00, 0, 0, 0.00, 0, 0, 0.00, 0, 0, 0.00, 0, 0, 0.00, 0, 0, 0.00, 0, 0, 0.00, 0, 0, 0.00, 0, 0, 0.00, 0, 0, 0.00, 0, 0, 0.00, 0, 0, 0.00
e_026, 723, 1365, 0.00, 81, 214, 0.00, 6, 20, 0.00, 0, 0, 0.00, 0, 0, 0.00, 5, 14, 0.00, 72, 186, 0.00, 72, 186, 0.00, 5, 14, 0.00, 81, 214, 0.00, 81, 212, 0.00, 81, 214, 0.00, 81, 214, 0.00
e_027, 1899, 9406, 0.00, 246, 830, 0.00, 0, 0, 0.00, 0, 0, 0.00, 0, 0, 0.00, 0, 0, 0.00, 238, 785, 0.00, 238, 785, 0.00, 0, 0, 0.00, 246, 830, 0.00, 246, 826, 0.00, 246, 830, 0.00, 246, 830, 0.00
e_028, 1930, 7372, 0.00, 827, 4142, 0.00, 218, 814, 0.01, 178, 622, 0.01, 178, 622, 0.02, 319, 1553, 0.02, 426, 1883, 0.03, 401, 1760, 0.03, 185, 830, 0.03, 827, 4142, 0.03, 659, 2691, 0.04, 827, 4142, 0.04, 827, 4142, 0.04
e_029, 1938, 11302, 0.00, 387, 1355, 0.00, 16, 32, 0.00, 16, 32, 0.00, 16, 32, 0.00, 16, 36, 0.00, 356, 1227, 0.00, 356, 1227, 0.00, 16, 36, 0.01, 387, 1355, 0.01, 387, 1335, 0.01, 387, 1355, 0.01, 387, 1355, 0.01
e_030, 2025, 11894, 0.00, 1574, 9448, 0.00, 117, 609, 0.01, 55, 129, 0.01, 55, 129, 0.02, 55, 147, 0.03, 1283, 6494, 0.05, 1282, 6435, 0.07, 55, 147, 0.07, 1574, 9448, 0.08, 1562, 8806, 0.08, 1574, 9448, 0.08, 1574, 9448, 0.08
e_031, 4053, 26071, 0.00, 2849, 18124, 0.00, 426, 1771, 0.01, 176, 404, 0.03, 176, 404, 0.05, 259, 808, 0.06, 1520, 6750, 0.10, 1703, 8424, 0.13, 222, 636, 0.14, 2849, 18124, 0.15, 2672, 15199, 0.16, 2849, 18124, 0.16, 2849, 18124, 0.16
e_032, 2010, 10642, 0.00, 1259, 7103, 0.00, 161, 734, 0.01, 73, 176, 0.02, 73, 176, 0.03, 91, 253, 0.03, 704, 3105, 0.04, 699, 3036, 0.06, 87, 245, 0.07, 1259, 7103, 0.07, 1187, 6095, 0.07, 1259, 7103, 0.07, 1259, 7103, 0.07
e_033, 850, 2010, 0.00, 153, 442, 0.00, 29, 69, 0.00, 28, 62, 0.00, 28, 62, 0.00, 28, 75, 0.00, 141, 386, 0.00, 141, 386, 0.00, 28, 75, 0.00, 153, 442, 0.00, 153, 433, 0.00, 153, 442, 0.00, 153, 442, 0.00
e_034, 940, 2650, 0.00, 330, 1289, 0.00, 25, 62, 0.00, 21, 42, 0.00, 21, 42, 0.00, 30, 83, 0.00, 146, 446, 0.00, 139, 409, 0.00, 25, 69, 0.00, 330, 1289, 0.00, 295, 1041, 0.00, 330, 1289, 0.00, 330, 1289, 0.00
e_035, 4095, 17074, 0.00, 3347, 13592, 0.00, 654, 1980, 0.02, 558, 1506, 0.04, 558, 1506, 0.07, 711, 2178, 0.09, 2775, 10651, 0.11, 2788, 10719, 0.12, 576, 1710, 0.15, 3347, 13592, 0.15, 3187, 12354, 0.17, 3347, 13592, 0.17, 3347, 13592, 0.17
e_036, 4091, 29827, 0.00, 3841, 28395, 0.00, 838, 5283, 0.02, 291, 670, 0.05, 291, 670, 0.08, 331, 893, 0.10, 3134, 19530, 0.15, 3111, 19330, 0.19, 331, 896, 0.20, 3841, 28395, 0.21, 3835, 27547, 0.22, 3841, 28395, 0.22, 3841, 28395, 0.22
e_037, 4094, 28675, 0.00, 3873, 27696, 0.00, 2480, 16360, 0.02, 1463, 6180, 0.10, 1463, 6180, 0.18, 1565, 7714, 0.25, 3230, 20826, 0.29, 3223, 20788, 0.34, 1465, 7025, 0.41, 3873, 27696, 0.41, 3803, 26154, 0.42, 3873, 27696, 0.43, 3873, 27696, 0.43
e_038, 761, 1496, 0.00, 95, 287, 0.00, 0, 0, 0.00, 0, 0, 0.00, 0, 0, 0.00, 0, 0, 0.00, 85, 251, 0.00, 85, 251, 0.00, 0, 0, 0.00, 95, 287, 0.00, 95, 282, 0.00, 95, 287, 0.00, 95, 287, 0.00
e_039, 928, 2570, 0.00, 363, 1241, 0.00, 30, 88, 0.00, 25, 50, 0.00, 25, 50, 0.00, 25, 60, 0.00, 322, 1063, 0.00, 319, 1046, 0.00, 25, 60, 0.00, 363, 1241, 0.00, 359, 1180, 0.00, 363, 1241, 0.00, 363, 1241, 0.00
e_040, 4016, 21948, 0.00, 2044, 11058, 0.00, 269, 975, 0.01, 162, 383, 0.02, 162, 383, 0.03, 169, 479, 0.03, 1066, 4210, 0.04, 1047, 4127, 0.05, 162, 459, 0.06, 2044, 11058, 0.06, 1809, 8725, 0.07, 2044, 11058, 0.07, 2044, 11058, 0.07
e_041, 4093, 27082, 0.00, 3679, 25294, 0.01, 2133, 13020, 0.03, 1257, 5184, 0.11, 1257, 5184, 0.18, 1540, 7829, 0.23, 2808, 17114, 0.27, 2814, 17085, 0.29, 1278, 6215, 0.33, 3679, 25294, 0.34, 3587, 22897, 0.35, 3679, 25294, 0.35, 3679, 25294, 0.35
e_042, 1554, 5013, 0.00, 149, 467, 0.00, 0, 0, 0.00, 0, 0, 0.00, 0, 0, 0.00, 0, 0, 0.00, 113, 287, 0.00, 113, 287, 0.00, 0, 0, 0.00, 149, 467, 0.00, 149, 450, 0.00, 149, 467, 0.00, 149, 467, 0.00
e_043, 1623, 5700, 0.00, 148, 464, 0.00, 4, 8, 0.00, 4, 8, 0.00, 4, 8, 0.00, 4, 9, 0.00, 148, 464, 0.00, 148, 464, 0.00, 4, 9, 0.00, 148, 464, 0.00, 148, 459, 0.00, 148, 464, 0.00, 148, 464, 0.00
e_044, 4044, 23319, 0.00, 2522, 14241, 0.00, 325, 1204, 0.01, 152, 336, 0.02, 152, 336, 0.03, 210, 578, 0.04, 1454, 6038, 0.07, 1488, 6116, 0.09, 203, 557, 0.10, 2522, 14241, 0.10, 2366, 12211, 0.10, 2522, 14241, 0.10, 2522, 14241, 0.10
e_045, 4093, 30202, 0.00, 3972, 29576, 0.00, 2816, 19785, 0.02, 1510, 6321, 0.11, 1510, 6321, 0.18, 1544, 7048, 0.23, 3724, 26210, 0.26, 3720, 26185, 0.29, 1510, 6854, 0.33, 3972, 29576, 0.33, 3970, 29199, 0.34, 3972, 29576, 0.34, 3972, 29576, 0.35
e_046, 948, 2671, 0.00, 316, 1215, 0.00, 50, 180, 0.00, 33, 66, 0.00, 33, 66, 0.00, 38, 94, 0.00, 272, 983, 0.00, 272, 983, 0.00, 38, 94, 0.01, 316, 1215, 0.01, 311, 1168, 0.01, 316, 1215, 0.01, 316, 1215, 0.01
e_047, 4092, 28612, 0.00, 3827, 27287, 0.01, 2694, 17433, 0.04, 1457, 6186, 0.18, 1457, 6186, 0.35, 1753, 8743, 0.42, 3257, 20929, 0.46, 3266, 20948, 0.50, 1513, 7251, 0.56, 3827, 27287, 0.57, 3799, 25934, 0.58, 3827, 27287, 0.58, 3827, 27287, 0.58
e_048, 3853, 12722, 0.00, 317, 786, 0.00, 317, 786, 0.00, 317, 786, 0.01, 317, 786, 0.01, 317, 786, 0.01, 317, 786, 0.01, 317, 786, 0.01, 317, 786, 0.01, 317, 786, 0.01, 311, 772, 0.01, 317, 786, 0.01, 311, 772, 0.01
e_049, 4057, 23857, 0.00, 2960, 18521, 0.00, 842, 4041, 0.02, 525, 1541, 0.08, 525, 1541, 0.13, 694, 2740, 0.16, 1320, 5627, 0.20, 1320, 5664, 0.23, 534, 2037, 0.24, 2960, 18521, 0.25, 2701, 14544, 0.26, 2960, 18521, 0.26, 2960, 18521, 0.26
e_050, 4096, 20102, 0.00, 2454, 9562, 0.01, 2454, 9562, 0.03, 2454, 9562, 0.06, 2409, 9352, 0.08, 2454, 9562, 0.10, 2409, 9352, 0.12, 2454, 9562, 0.13, 2446, 9536, 0.15, 2454, 9562, 0.16, 2454, 9562, 0.18, 2454, 9562, 0.19, 2409, 9352, 0.21
e_051, 3855, 12946, 0.00, 346, 940, 0.00, 346, 940, 0.00, 346, 940, 0.01, 346, 940, 0.01, 346, 940, 0.01, 346, 940, 0.01, 346, 940, 0.01, 346, 940, 0.01, 346, 940, 0.01, 346, 940, 0.01, 346, 940, 0.01, 332, 904, 0.01
e_052, 3867, 12958, 0.00, 377, 1170, 0.00, 377, 1170, 0.01, 377, 1170, 0.01, 377, 1170, 0.01, 377, 1170, 0.01, 377, 1170, 0.01, 377, 1170, 0.01, 377, 1170, 0.01, 377, 1170, 0.01, 377, 1170, 0.01, 377, 1170, 0.01, 377, 1170, 0.01
e_053, 4080, 26872, 0.00, 3677, 25004, 0.00, 518, 2962, 0.02, 213, 454, 0.06, 213, 454, 0.10, 232, 583, 0.12, 3084, 18060, 0.17, 3078, 17995, 0.23, 228, 573, 0.25, 3677, 25004, 0.26, 3666, 24104, 0.27, 3677, 25004, 0.28, 3677, 25004, 0.28
e_054, 811, 1951, 0.00, 294, 799, 0.00, 0, 0, 0.00, 0, 0, 0.00, 0, 0, 0.00, 0, 0, 0.00, 294, 799, 0.00, 294, 799, 0.00, 0, 0, 0.00, 294, 799, 0.00, 294, 796, 0.00, 294, 799, 0.00, 294, 799, 0.00
e_055, 3844, 12085, 0.00, 1827, 6679, 0.00, 402, 1386, 0.01, 220, 558, 0.02, 220, 558, 0.04, 257, 658, 0.04, 1811, 6600, 0.04, 1811, 6600, 0.05, 257, 658, 0.06, 1827, 6679, 0.06, 1827, 6662, 0.07, 1827, 6679, 0.07, 1827, 6679, 0.07
e_056, 4086, 26915, 0.00, 3721, 25095, 0.00, 540, 3327, 0.02, 237, 588, 0.05, 237, 588, 0.08, 286, 828, 0.09, 3239, 18874, 0.12, 3224, 18817, 0.15, 279, 806, 0.17, 3721, 25095, 0.17, 3719, 24385, 0.18, 3721, 25095, 0.19, 3721, 25095, 0.19
e_057, 3847, 12298, 0.00, 1921, 7153, 0.00, 455, 1618, 0.01, 274, 700, 0.01, 274, 700, 0.03, 326, 876, 0.03, 1879, 6974, 0.03, 1879, 6974, 0.04, 293, 762, 0.04, 1921, 7153, 0.04, 1921, 7141, 0.05, 1921, 7153, 0.05, 1921, 7153, 0.05
e_058, 8167, 27574, 0.00, 2858, 9112, 0.01, 265, 599, 0.02, 265, 599, 0.03, 265, 599, 0.04, 388, 1023, 0.05, 1612, 4688, 0.06, 1607, 4672, 0.07, 265, 679, 0.08, 2858, 9112, 0.09, 2382, 6971, 0.10, 2858, 9112, 0.10, 2858, 9112, 0.10
e_059, 722, 1124, 0.00, 104, 282, 0.00, 9, 24, 0.00, 8, 16, 0.00, 8, 16, 0.00, 8, 19, 0.00, 84, 218, 0.00, 84, 218, 0.00, 8, 19, 0.00, 104, 282, 0.00, 99, 265, 0.00, 104, 282, 0.00, 104, 282, 0.00
e_060, 4052, 22629, 0.00, 2922, 17907, 0.00, 881, 4525, 0.01, 395, 1142, 0.04, 395, 1142, 0.07, 590, 2216, 0.09, 1593, 7295, 0.15, 1653, 7599, 0.19, 470, 1656, 0.21, 2922, 17907, 0.22, 2704, 14854, 0.23, 2922, 17907, 0.23, 2922, 17907, 0.23
e_061, 1724, 4320, 0.00, 273, 832, 0.00, 22, 66, 0.00, 18, 38, 0.00, 18, 38, 0.00, 18, 47, 0.00, 220, 640, 0.00, 216, 629, 0.00, 18, 47, 0.00, 273, 832, 0.00, 273, 818, 0.00, 273, 832, 0.00, 273, 832, 0.00
e_062, 763, 1272, 0.00, 132, 372, 0.00, 17, 48, 0.00, 5, 10, 0.00, 5, 10, 0.00, 5, 12, 0.00, 120, 325, 0.00, 120, 325, 0.00, 5, 12, 0.00, 132, 372, 0.00, 132, 360, 0.00, 132, 372, 0.00, 132, 372, 0.00
e_063, 4062, 23766, 0.00, 3197, 19562, 0.00, 925, 4864, 0.01, 400, 1058, 0.06, 400, 1058, 0.11, 514, 1662, 0.13, 1983, 9435, 0.15, 1971, 9373, 0.17, 461, 1457, 0.20, 3197, 19562, 0.20, 3073, 17564, 0.22, 3197, 19562, 0.22, 3197, 19562, 0.22
e_064, 1892, 6447, 0.00, 577, 2322, 0.00, 49, 172, 0.00, 16, 32, 0.00, 16, 32, 0.01, 40, 109, 0.01, 446, 1569, 0.01, 451, 1599, 0.01, 40, 109, 0.01, 577, 2322, 0.01, 552, 2106, 0.01, 577, 2322, 0.01, 577, 2322, 0.01
e_065, 8089, 48759, 0.00, 4711, 28170, 0.01, 689, 3029, 0.04, 352, 928, 0.09, 352, 928, 0.14, 465, 1502, 0.17, 2227, 9162, 0.22, 2275, 9246, 0.27, 424, 1366, 0.30, 4711, 28170, 0.31, 4266, 22578, 0.33, 4711, 28170, 0.33, 4711, 28170, 0.34
e_066, 8180, 29503, 0.00, 4007, 13675, 0.01, 394, 973, 0.01, 316, 711, 0.02, 316, 711, 0.04, 388, 992, 0.04, 2423, 7683, 0.06, 2436, 7722, 0.07, 316, 781, 0.08, 4007, 13675, 0.08, 3441, 10981, 0.09, 4007, 13675, 0.10, 4007, 13675, 0.10
e_067, 1392, 4241, 0.00, 133, 330, 0.00, 0, 0, 0.00, 0, 0, 0.00, 0, 0, 0.00, 0, 0, 0.00, 0, 0, 0.00, 0, 0, 0.00, 0, 0, 0.00, 0, 0, 0.00, 0, 0, 0.00, 0, 0, 0.00, 0, 0, 0.00
e_068, 4067, 24043, 0.00, 3203, 20333, 0.00, 890, 4821, 0.02, 421, 1196, 0.05, 421, 1196, 0.08, 516, 1810, 0.10, 1906, 8709, 0.14, 1945, 9091, 0.17, 482, 1679, 0.19, 3203, 20333, 0.19, 3083, 17925, 0.20, 3203, 20333, 0.20, 3203, 20333, 0.20
e_069, 4053, 22368, 0.00, 2832, 16816, 0.00, 764, 3771, 0.01, 426, 1129, 0.04, 426, 1129, 0.06, 489, 1676, 0.08, 1572, 7222, 0.10, 1582, 7274, 0.12, 423, 1394, 0.13, 2832, 16816, 0.13, 2692, 14575, 0.14, 2832, 16816, 0.14, 2832, 16816, 0.14
e_070, 1817, 5184, 0.00, 513, 1624, 0.00, 33, 98, 0.00, 28, 58, 0.00, 28, 58, 0.00, 28, 67, 0.00, 471, 1448, 0.01, 471, 1448, 0.01, 28, 67, 0.01, 513, 1624, 0.01, 511, 1591, 0.01, 513, 1624, 0.01, 513, 1624, 0.01
e_071, 1789, 4896, 0.00, 398, 1254, 0.00, 31, 86, 0.00, 24, 48, 0.00, 24, 48, 0.00, 24, 56, 0.00, 336, 978, 0.00, 336, 978, 0.01, 24, 56, 0.01, 398, 1254, 0.01, 390, 1180, 0.01, 398, 1254, 0.01, 398, 1254, 0.01
e_072, 3968, 18054, 0.00, 2212, 11498, 0.00, 609, 2618, 0.01, 331, 862, 0.03, 331, 862, 0.05, 447, 1542, 0.05, 1209, 4965, 0.07, 1169, 4794, 0.08, 380, 1241, 0.09, 2212, 11498, 0.09, 2030, 9501, 0.09, 2212, 11498, 0.09, 2212, 11498, 0.09
e_073, 8132, 51796, 0.00, 6192, 41910, 0.01, 2050, 10794, 0.07, 976, 2877, 0.20, 976, 2877, 0.28, 1222, 4747, 0.33, 3460, 16522, 0.41, 3460, 16604, 0.50, 973, 3625, 0.56, 6192, 41910, 0.57, 5876, 35609, 0.59, 6192, 41910, 0.59, 6192, 41910, 0.60
e_074, 802, 1525, 0.00, 248, 671, 0.00, 5, 16, 0.00, 4, 8, 0.00, 4, 8, 0.00, 4, 9, 0.00, 248, 671, 0.00, 248, 671, 0.00, 4, 9, 0.00, 248, 671, 0.00, 248, 671, 0.00, 248, 671, 0.00, 248, 671, 0.00
e_075, 8189, 31504, 0.00, 5402, 19961, 0.01, 685, 1802, 0.02, 568, 1371, 0.04, 568, 1371, 0.06, 711, 1977, 0.08, 3673, 12655, 0.10, 3622, 12482, 0.12, 569, 1538, 0.14, 5402, 19961, 0.14, 4932, 17070, 0.16, 5402, 19961, 0.16, 5402, 19961, 0.16
e_076, 8153, 51863, 0.00, 6867, 45423, 0.01, 1604, 9140, 0.05, 599, 1542, 0.16, 599, 1542, 0.26, 742, 2323, 0.32, 4773, 24193, 0.43, 4764, 24141, 0.54, 697, 2139, 0.59, 6867, 45423, 0.60, 6741, 42362, 0.63, 6867, 45423, 0.64, 6867, 45423, 0.65
e_077, 8168, 54744, 0.00, 7402, 51303, 0.01, 1122, 6417, 0.03, 446, 1028, 0.09, 446, 1028, 0.14, 502, 1376, 0.18, 6399, 37777, 0.26, 6382, 37875, 0.34, 497, 1349, 0.38, 7402, 51303, 0.38, 7350, 49835, 0.40, 7402, 51303, 0.41, 7402, 51303, 0.41
e_078, 3960, 15992, 0.00, 2107, 9887, 0.00, 345, 1442, 0.01, 158, 356, 0.02, 158, 356, 0.03, 199, 572, 0.04, 1349, 5267, 0.05, 1357, 5340, 0.06, 197, 564, 0.07, 2107, 9887, 0.07, 2009, 8845, 0.07, 2107, 9887, 0.07, 2107, 9887, 0.07
e_079, 8153, 52154, 0.00, 7018, 46613, 0.01, 1407, 7385, 0.06, 658, 1569, 0.14, 658, 1569, 0.21, 685, 1988, 0.25, 4862, 24182, 0.35, 4942, 24833, 0.43, 655, 1877, 0.46, 7018, 46613, 0.46, 6906, 43974, 0.48, 7018, 46613, 0.49, 7018, 46613, 0.49
e_080, 1024, 3480, 0.00, 296, 1379, 0.00, 292, 1349, 0.00, 291, 1330, 7.42, 292, 1349, 7.42, 296, 1379, 7.42, 296, 1379, 7.42, 296, 1379, 7.42, 296, 1379, 9.85, 296, 1379, 9.85, 294, 1336, 11.08, 296, 1379, 11.08, 296, 1379, 11.08
e_081, 8142, 51030, 0.00, 6963, 45552, 0.01, 1488, 8211, 0.04, 576, 1406, 0.11, 576, 1406, 0.17, 734, 2114, 0.21, 4982, 25396, 0.28, 4968, 25311, 0.36, 695, 2010, 0.42, 6963, 45552, 0.42, 6869, 43131, 0.46, 6963, 45552, 0.46, 6963, 45552, 0.47
e_082, 8058, 43548, 0.00, 5689, 30907, 0.01, 308, 1238, 0.02, 158, 320, 0.04, 158, 320, 0.06, 209, 508, 0.08, 5064, 25104, 0.13, 5056, 25016, 0.17, 209, 509, 0.19, 5689, 30907, 0.20, 5621, 30008, 0.21, 5689, 30907, 0.21, 5689, 30907, 0.21
e_083, 1712, 3537, 0.00, 466, 1382, 0.00, 33, 102, 0.00, 20, 40, 0.00, 20, 40, 0.00, 20, 46, 0.00, 439, 1286, 0.00, 442, 1292, 0.01, 20, 46, 0.01, 466, 1382, 0.01, 466, 1375, 0.01, 466, 1382, 0.01, 466, 1382, 0.01
e_084, 503, 1024, 0.00, 116, 398, 0.00, 114, 391, 0.00, 114, 391, 3.93, 114, 391, 3.93, 116, 398, 3.93, 116, 398, 3.93, 116, 398, 3.93, 116, 398, 4.11, 116, 398, 4.11, 114, 391, 4.29, 116, 398, 4.29, 116, 398, 4.29
e_085, 8189, 69446, 0.00, 2530, 9826, 0.04, 2530, 9826, 0.05, 2530, 9826, 0.09, 2530, 9826, 0.11, 2530, 9826, 0.14, 2530, 9826, 0.15, 2530, 9826, 0.17, 2530, 9826, 0.20, 2530, 9826, 0.21, 2530, 9826, 0.23, 2530, 9826, 0.25, 2530, 9826, 0.27
e_086, 16360, 124104, 0.00, 15460, 119107, 0.01, 3438, 21983, 0.09, 1173, 2896, 0.26, 1173, 2896, 0.43, 1370, 3927, 0.51, 13151, 84800, 0.70, 13159, 84806, 0.89, 1366, 3918, 0.99, 15460, 119107, 1.00, 15408, 116556, 1.04, 15460, 119107, 1.05, 15460, 119107, 1.07
e_087, 8190, 69372, 0.00, 2379, 9524, 0.04, 2379, 9524, 0.06, 2379, 9524, 0.10, 2379, 9524, 0.12, 2379, 9524, 0.14, 2379, 9524, 0.16, 2379, 9524, 0.18, 2379, 9524, 0.20, 2379, 9524, 0.21, 2379, 9524, 0.23, 2379, 9524, 0.24, 2335, 9396, 0.25
e_088, 8189, 65903, 0.00, 8023, 65189, 0.01, 6629, 51204, 0.06, 3912, 18527, 0.44, 3912, 18527, 0.78, 4040, 20904, 1.00, 7539, 58388, 1.08, 7542, 58416, 1.16, 3915, 20088, 1.36, 8023, 65189, 1.37, 8019, 64209, 1.40, 8023, 65189, 1.40, 8023, 65189, 1.41
e_089, 8168, 55556, 0.00, 7388, 52134, 0.01, 4778, 28939, 0.09, 3278, 15082, 0.51, 3278, 15082, 0.87, 4381, 25735, 1.05, 5509, 34165, 1.16, 5453, 33868, 1.26, 3299, 18473, 1.45, 7388, 52134, 1.46, 7087, 44464, 1.50, 7388, 52134, 1.51, 7388, 52134, 1.52
e_090, 1740, 3544, 0.00, 488, 1402, 0.00, 46, 136, 0.00, 39, 80, 0.00, 39, 80, 0.00, 39, 86, 0.00, 476, 1372, 0.00, 476, 1372, 0.00, 39, 87, 0.00, 488, 1402, 0.00, 488, 1400, 0.00, 488, 1402, 0.00, 488, 1402, 0.00
e_091, 1726, 3364, 0.00, 406, 1137, 0.00, 14, 34, 0.00, 13, 26, 0.00, 13, 26, 0.00, 13, 32, 0.00, 402, 1127, 0.00, 402, 1127, 0.00, 13, 32, 0.00, 406, 1137, 0.00, 406, 1135, 0.00, 406, 1137, 0.00, 406, 1137, 0.00
e_092, 16333, 119263, 0.00, 13996, 98448, 0.01, 959, 4428, 0.06, 532, 1170, 0.14, 532, 1170, 0.22, 584, 1490, 0.27, 11664, 66327, 0.45, 11732, 67687, 0.64, 580, 1486, 0.70, 13996, 98448, 0.71, 13920, 95558, 0.76, 13996, 98448, 0.77, 13996, 98448, 0.79
e_093, 16333, 109487, 0.00, 14991, 102670, 0.01, 1873, 10861, 0.06, 736, 1672, 0.18, 736, 1672, 0.34, 847, 2251, 0.43, 13121, 77784, 0.65, 13054, 77357, 0.81, 836, 2220, 0.88, 14991, 102670, 0.89, 14947, 100387, 0.95, 14991, 102670, 0.97, 14991, 102670, 0.98
e_094, 8087, 41813, 0.00, 5683, 31857, 0.01, 940, 4211, 0.03, 463, 1094, 0.07, 463, 1094, 0.14, 554, 1622, 0.17, 3591, 15862, 0.23, 3561, 15663, 0.29, 520, 1507, 0.33, 5683, 31857, 0.33, 5487, 28888, 0.36, 5683, 31857, 0.36, 5683, 31857, 0.37
e_095, 8174, 59029, 0.00, 7664, 56758, 0.01, 5223, 34185, 0.08, 3668, 17497, 0.40, 3668, 17497, 0.78, 4481, 26341, 0.93, 6156, 40654, 1.02, 6161, 40581, 1.10, 3694, 20723, 1.22, 7664, 56758, 1.23, 7501, 51141, 1.25, 7664, 56758, 1.26, 7664, 56758, 1.26
e_096, 16290, 113251, 0.00, 12184, 80761, 0.01, 1476, 7214, 0.06, 587, 1384, 0.14, 587, 1384, 0.23, 768, 2181, 0.28, 7958, 38396, 0.46, 8118, 40630, 0.65, 758, 2155, 0.74, 12184, 80761, 0.75, 11938, 74537, 0.79, 12184, 80761, 0.79, 12184, 80761, 0.80
e_097, 16314, 103725, 0.00, 13933, 92026, 0.01, 2908, 16011, 0.07, 1253, 3184, 0.21, 1253, 3184, 0.35, 1488, 4605, 0.42, 9822, 51270, 0.56, 9901, 51493, 0.69, 1440, 4396, 0.77, 13933, 92026, 0.78, 13786, 87471, 0.81, 13933, 92026, 0.82, 13933, 92026, 0.83
e_098, 16245, 107319, 0.00, 12731, 80615, 0.01, 684, 2842, 0.05, 364, 810, 0.10, 364, 810, 0.15, 449, 1182, 0.20, 10668, 56688, 0.43, 10803, 58771, 0.59, 449, 1183, 0.67, 12731, 80615, 0.69, 12648, 78361, 0.74, 12731, 80615, 0.76, 12731, 80615, 0.76
e_099, 8061, 38175, 0.00, 6290, 31553, 0.01, 430, 1708, 0.02, 243, 510, 0.04, 243, 510, 0.07, 275, 680, 0.08, 5759, 27755, 0.12, 5760, 27787, 0.15, 275, 680, 0.17, 6290, 31553, 0.17, 6280, 31143, 0.19, 6290, 31553, 0.19, 6290, 31553, 0.19
e_100, 32735, 246591, 0.00, 31059, 236551, 0.03, 5665, 35328, 0.17, 1879, 4618, 0.60, 1879, 4618, 1.19, 2298, 6638, 1.44, 26352, 169124, 2.04, 26362, 169026, 2.59, 2264, 6512, 2.80, 31059, 236551, 2.82, 30987, 232158, 2.91, 31059, 236551, 2.94, 31059, 236551, 2.96
e_101, 32724, 246723, 0.00, 30942, 236317, 0.04, 6021, 38661, 0.21, 2102, 5054, 0.65, 2102, 5054, 1.11, 2435, 6813, 1.35, 26366, 169386, 1.90, 26291, 168676, 2.27, 2418, 6773, 2.45, 30942, 236317, 2.48, 30857, 231603, 2.60, 30942, 236317, 2.63, 30942, 236317, 2.66
e_102, 16384, 73685, 0.00, 15538, 69031, 0.01, 6900, 25776, 0.13, 5113, 16194, 0.42, 5113, 16194, 0.77, 5269, 17429, 0.95, 15198, 66992, 1.02, 15198, 66991, 1.09, 5144, 16968, 1.29, 15538, 69031, 1.31, 15514, 68405, 1.36, 15538, 69031, 1.38, 15538, 69031, 1.39
e_103, 16384, 77536, 0.00, 7568, 27400, 0.06, 7568, 27400, 0.09, 7491, 27074, 0.16, 7559, 27346, 0.21, 7508, 27172, 0.24, 7568, 27400, 0.28, 7568, 27400, 0.31, 7568, 27400, 0.35, 7568, 27400, 0.38, 7560, 27356, 0.41, 7560, 27358, 0.44, 7515, 27140, 0.47
e_104, 16384, 77432, 0.00, 7808, 28086, 0.06, 7713, 27706, 0.12, 7752, 27872, 0.19, 7768, 27932, 0.24, 7662, 27504, 0.29, 7712, 27696, 0.33, 7808, 28086, 0.36, 7609, 27306, 0.41, 7680, 27580, 0.44, 7715, 27678, 0.48, 7709, 27680, 0.52, 7764, 27914, 0.55
e_105, 2048, 10584, 0.00, 744, 4739, 0.00, 743, 4687, 0.00, 743, 4671, 2.39, 743, 4687, 2.39, 744, 4739, 2.39, 744, 4739, 2.39, 744, 4739, 2.39, 744, 4739, 3.27, 744, 4739, 3.27, 744, 4703, 4.31, 744, 4739, 4.31, 744, 4739, 4.31
e_106, 16349, 119809, 0.00, 15102, 113570, 0.01, 10785, 68565, 0.19, 8017, 40370, 1.34, 8018, 40384, 2.38, 10006, 64548, 2.90, 11547, 76998, 3.06, 11506, 76628, 3.26, 8111, 49635, 3.51, 15102, 113570, 3.52, 14603, 97152, 3.57, 15102, 113570, 3.58, 15102, 113570, 3.60
e_107, 16316, 104833, 0.00, 13722, 93444, 0.01, 8470, 46905, 0.19, 6498, 29524, 1.08, 6520, 29677, 1.82, 9266, 57215, 2.05, 9415, 57532, 2.19, 9253, 56081, 2.33, 6700, 39122, 2.62, 13722, 93444, 2.64, 12692, 71929, 2.73, 13722, 93444, 2.74, 13722, 93444, 2.76
e_108, 2048, 30272, 0.00, 2043, 30259, 0.00, 2011, 28323, 0.01, 1686, 19908, 0.09, 1686, 19908, 0.15, 1720, 21639, 0.20, 1932, 27140, 0.23, 1929, 27060, 0.25, 1686, 21157, 0.31, 2043, 30259, 0.32, 2043, 29498, 0.32, 2043, 30259, 0.33, 2043, 30259, 0.33
e_109, 16382, 149298, 0.00, 6242, 28840, 0.08, 6242, 28840, 0.13, 6242, 28840, 0.20, 6242, 28840, 0.26, 6242, 28840, 0.30, 6242, 28840, 0.34, 6242, 28840, 0.39, 6242, 28840, 0.43, 6228, 28728, 0.47, 6242, 28840, 0.52, 6242, 28840, 0.56, 6242, 28840, 0.60
e_110, 2048, 6990, 0.00, 613, 3121, 0.00, 611, 3083, 0.00, 611, 3069, 1.40, 611, 3083, 1.41, 613, 3121, 1.41, 613, 3121, 1.41, 613, 3121, 1.41, 613, 3121, 2.13, 613, 3121, 2.13, 612, 3078, 2.77, 613, 3121, 2.77, 613, 3121, 2.77
e_111, 2048, 31904, 0.00, 1241, 12812, 0.01, 1241, 12812, 0.02, 1241, 12812, 0.04, 1241, 12812, 0.05, 1241, 12812, 0.06, 1241, 12812, 0.07, 1241, 12812, 0.08, 1241, 12812, 0.09, 1241, 12812, 0.10, 1241, 12812, 0.11, 1241, 12812, 0.11, 1241, 12812, 0.12
e_112, 2048, 30308, 0.00, 2048, 30308, 0.00, 1981, 28075, 0.01, 1664, 19725, 0.10, 1664, 19725, 0.17, 1686, 21398, 0.20, 1915, 26793, 0.22, 1915, 26793, 0.24, 1664, 20949, 0.29, 2048, 30308, 0.29, 2048, 29547, 0.30, 2048, 30308, 0.30, 2048, 30308, 0.30
e_113, 1024, 25750, 0.00, 664, 11626, 0.01, 664, 11626, 0.02, 664, 11626, 0.04, 664, 11626, 0.05, 664, 11626, 0.06, 664, 11626, 0.07, 664, 11626, 0.08, 664, 11626, 0.09, 664, 11626, 0.09, 664, 11626, 0.10, 664, 11626, 0.11, 664, 11626, 0.11
e_114, 2044, 23899, 0.00, 2001, 23591, 0.00, 1933, 19544, 0.03, 1813, 16599, 0.73, 1837, 17696, 0.97, 1924, 22073, 1.00, 1914, 21946, 1.03, 1865, 21134, 1.10, 1830, 20432, 1.24, 2001, 23591, 1.25, 1994, 19588, 1.32, 2001, 23591, 1.32, 2001, 23591, 1.33
e_115, 32766, 304304, 0.00, 32537, 303055, 0.03, 29229, 259159, 0.26, 20708, 127527, 1.96, 20708, 127527, 4.02, 21213, 142092, 5.27, 30703, 271761, 5.82, 30700, 271661, 6.33, 20719, 137308, 7.09, 32537, 303055, 7.12, 32516, 297952, 7.23, 32537, 303055, 7.25, 32537, 303055, 7.28
e_116, 1024, 24462, 0.00, 1024, 24462, 0.00, 1019, 23171, 0.01, 938, 19654, 0.07, 938, 19654, 0.12, 942, 20978, 0.14, 983, 22458, 0.15, 983, 22458, 0.17, 938, 20773, 0.19, 1024, 24462, 0.19, 1024, 23615, 0.20, 1024, 24462, 0.20, 1024, 24462, 0.20
e_117, 32764, 304790, 0.00, 32505, 303380, 0.03, 29455, 261485, 0.28, 20471, 124413, 1.86, 20471, 124413, 4.02, 21016, 139027, 5.35, 30718, 272173, 5.65, 30708, 272131, 5.94, 20481, 134010, 6.81, 32505, 303380, 6.84, 32493, 298150, 6.95, 32505, 303380, 6.97, 32505, 303380, 7.00
e_118, 32711, 240624, 0.00, 29866, 226347, 0.03, 21797, 134183, 0.52, 17359, 87646, 3.35, 17381, 87968, 5.47, 22882, 156043, 6.20, 22721, 153358, 6.83, 22441, 150542, 7.42, 17791, 112821, 8.33, 29866, 226347, 8.37, 28528, 182848, 8.57, 29866, 226347, 8.61, 29866, 226347, 8.65
e_119, 32751, 272707, 0.00, 31628, 266728, 0.03, 26485, 194384, 0.54, 21132, 123334, 3.48, 21133, 123353, 5.54, 23584, 168723, 6.76, 26817, 202861, 7.15, 26766, 202209, 7.50, 21272, 146424, 8.32, 31628, 266728, 8.35, 31271, 239653, 8.46, 31628, 266728, 8.48, 31628, 266728, 8.51
e_120, 2048, 28679, 0.00, 2038, 28635, 0.00, 2001, 25511, 0.01, 1822, 20930, 0.09, 1822, 20930, 0.17, 1858, 24048, 0.20, 1917, 25441, 0.22, 1910, 25296, 0.24, 1824, 23336, 0.27, 2038, 28635, 0.27, 2036, 26589, 0.28, 2038, 28635, 0.28, 2038, 28635, 0.29
e_121, 1024, 5480, 0.00, 525, 3412, 0.00, 515, 3295, 0.00, 515, 3292, 0.99, 515, 3293, 0.99, 525, 3412, 0.99, 525, 3412, 0.99, 525, 3412, 0.99, 525, 3412, 1.22, 525, 3412, 1.22, 525, 3387, 1.56, 525, 3412, 1.56, 525, 3412, 1.56
e_122, 32766, 305033, 0.00, 32563, 303900, 0.03, 29473, 262548, 0.35, 20399, 124974, 2.77, 20399, 124974, 4.32, 20873, 138623, 5.49, 30762, 272494, 5.78, 30781, 272625, 6.08, 20403, 134591, 7.10, 32563, 303900, 7.12, 32531, 298431, 7.23, 32563, 303900, 7.26, 32563, 303900, 7.28
e_123, 32735, 256256, 0.00, 30893, 247080, 0.03, 24661, 164765, 0.40, 19872, 108095, 3.01, 19876, 108147, 5.35, 23937, 168834, 6.44, 25126, 179503, 7.07, 25086, 178944, 7.54, 20139, 133793, 8.26, 30893, 247080, 8.28, 30078, 210591, 8.43, 30893, 247080, 8.45, 30893, 247080, 8.48
e_124, 32760, 288288, 0.00, 32156, 285096, 0.03, 28164, 226463, 0.31, 21596, 132639, 2.85, 21596, 132639, 4.66, 23139, 164612, 5.63, 28633, 232006, 6.03, 28629, 232073, 6.42, 21628, 150094, 7.21, 32156, 285096, 7.24, 31970, 268974, 7.35, 32156, 285096, 7.38, 32156, 285096, 7.41
e_125, 32759, 288748, 0.00, 32168, 285568, 0.03, 28018, 225376, 0.38, 21233, 129811, 2.90, 21233, 129812, 4.70, 22798, 162062, 6.36, 28642, 232311, 6.70, 28660, 232606, 7.04, 21322, 147351, 8.04, 32168, 285568, 8.08, 32037, 269474, 8.25, 32168, 285568, 8.30, 32168, 285568, 8.34
e_126, 32762, 288979, 0.00, 32235, 286024, 0.03, 28000, 226927, 0.55, 21306, 131754, 2.80, 21306, 131754, 4.67, 22710, 162184, 6.08, 28471, 230537, 6.66, 28450, 230382, 7.06, 21351, 148974, 7.89, 32235, 286024, 7.93, 32104, 270122, 8.16, 32235, 286024, 8.21, 32235, 286024, 8.23
e_127, 2046, 25492, 0.00, 2024, 25366, 0.00, 1975, 21042, 0.03, 1853, 18178, 0.19, 1853, 18342, 0.38, 1933, 23390, 0.41, 1933, 23186, 0.43, 1913, 22748, 0.46, 1864, 21915, 0.54, 2024, 25366, 0.54, 2023, 21625, 0.56, 2024, 25366, 0.56, 2024, 25366, 0.56
e_128, 32748, 272272, 0.00, 31638, 266518, 0.03, 26579, 194325, 0.39, 21130, 123661, 3.14, 21132, 123679, 5.16, 23857, 170905, 6.10, 26768, 201950, 6.63, 26681, 201225, 7.24, 21307, 146614, 7.93, 31638, 266518, 7.96, 31262, 239821, 8.10, 31638, 266518, 8.13, 31638, 266518, 8.15
e_129, 32732, 256665, 0.00, 30901, 247147, 0.03, 24068, 160887, 0.47, 19276, 104253, 3.19, 19291, 104451, 5.79, 23419, 164973, 6.76, 24915, 176645, 7.15, 24744, 174951, 7.56, 19527, 129030, 8.44, 30901, 247147, 8.47, 30146, 210780, 8.70, 30901, 247147, 8.74, 30901, 247147, 8.78
e_130, 32759, 272924, 0.00, 31590, 266651, 0.03, 26044, 191638, 0.38, 20256, 118730, 2.59, 20257, 118742, 5.04, 23186, 166238, 6.20, 26438, 199827, 6.81, 26431, 199830, 7.36, 20419, 140626, 8.40, 31590, 266651, 8.44, 31217, 239828, 8.61, 31590, 266651, 8.65, 31590, 266651, 8.69
e_131, 32719, 240240, 0.00, 29886, 226224, 0.03, 21915, 135119, 0.51, 17707, 90989, 3.90, 17745, 91255, 6.43, 22929, 156283, 7.14, 23277, 157939, 7.58, 22887, 154830, 8.17, 18120, 116947, 8.98, 29886, 226224, 9.01, 28629, 183342, 9.23, 29886, 226224, 9.26, 29886, 226224, 9.30
e_132, 2048, 31866, 0.00, 1233, 12588, 0.01, 1233, 12588, 0.03, 1233, 12588, 0.04, 1233, 12588, 0.06, 1233, 12588, 0.07, 1233, 12588, 0.08, 1233, 12588, 0.09, 1233, 12588, 0.10, 1233, 12588, 0.11, 1233, 12588, 0.12, 1233, 12588, 0.12, 1233, 12588, 0.13
e_133, 2046, 22332, 0.00, 1933, 21704, 0.00, 1805, 17946, 0.04, 1679, 14973, 1.09, 1721, 16455, 1.35, 1807, 19982, 1.37, 1807, 19944, 1.40, 1805, 19852, 1.44, 1752, 19196, 1.55, 1933, 21704, 1.55, 1898, 18783, 2.12, 1933, 21704, 2.12, 1933, 21704, 2.12
e_134, 32741, 256870, 0.00, 30849, 246884, 0.03, 23914, 160821, 0.48, 18940, 104135, 3.08, 18946, 104220, 5.77, 22950, 161577, 6.99, 24722, 176673, 7.46, 24498, 174726, 8.11, 19133, 128311, 8.80, 30849, 246884, 8.82, 30056, 210471, 8.94, 30849, 246884, 8.96, 30849, 246884, 9.00
e_135, 32716, 240816, 0.00, 29867, 226939, 0.03, 21426, 132930, 0.73, 16901, 87088, 4.21, 16912, 87256, 6.61, 22290, 151890, 7.55, 22767, 154473, 8.21, 22370, 151230, 8.80, 17283, 111406, 9.69, 29867, 226939, 9.71, 28629, 184354, 9.92, 29867, 226939, 9.96, 29867, 226939, 9.99
e_136, 65532, 288528, 0.00, 61731, 268040, 0.05, 25763, 93371, 0.43, 17309, 53146, 2.21, 17309, 53146, 3.79, 18095, 58071, 4.45, 60301, 259687, 4.81, 60284, 259589, 5.17, 17733, 56630, 6.01, 61731, 268040, 6.05, 61599, 265596, 6.19, 61731, 268040, 6.23, 61731, 268040, 6.27
e_137, 2048, 7003, 0.00, 640, 3188, 0.00, 637, 3139, 0.00, 636, 3121, 0.65, 637, 3139, 0.66, 640, 3188, 0.66, 640, 3188, 0.66, 640, 3188, 0.66, 640, 3188, 0.83, 640, 3188, 0.83, 637, 3133, 1.02, 640, 3188, 1.02, 640, 3188, 1.02
e_138, 65530, 273310, 0.00, 56569, 229701, 0.05, 14074, 44775, 0.32, 11063, 31280, 0.88, 11063, 31280, 1.36, 11992, 36658, 1.82, 51416, 203393, 2.13, 51376, 203241, 2.54, 11064, 33497, 3.10, 56569, 229701, 3.14, 55691, 220773, 3.27, 56569, 229701, 3.31, 56569, 229701, 3.34
e_139, 65535, 288492, 0.00, 61700, 267847, 0.05, 25698, 93357, 0.44, 17765, 55178, 2.17, 17765, 55178, 3.55, 18312, 59325, 4.28, 60354, 259861, 4.54, 60354, 259861, 4.74, 18041, 58306, 5.38, 61700, 267847, 5.44, 61536, 265195, 5.63, 61700, 267847, 5.67, 61700, 267847, 5.70
e_140, 65522, 273600, 0.00, 56347, 228891, 0.06, 14901, 47577, 0.43, 11297, 31607, 1.30, 11297, 31607, 2.19, 12142, 36728, 2.90, 51607, 204616, 3.29, 51610, 204622, 3.69, 11300, 33847, 4.35, 56347, 228891, 4.39, 55498, 220418, 4.52, 56347, 228891, 4.56, 56347, 228891, 4.59
e_141, 65536, 303686, 0.00, 29950, 105126, 0.26, 29848, 104670, 0.44, 29922, 104986, 0.75, 29856, 104680, 0.97, 29874, 104776, 1.14, 29824, 104604, 1.31, 29810, 104510, 1.48, 29883, 104870, 1.67, 29782, 104406, 1.83, 29811, 104592, 2.01, 29819, 104568, 2.17, 29854, 104698, 2.32
e_142, 65527, 273337, 0.00, 56843, 230657, 0.05, 13916, 44077, 0.35, 10809, 30244, 0.92, 10809, 30244, 1.43, 11750, 35808, 2.13, 52040, 205935, 2.53, 52073, 206111, 2.81, 10809, 32542, 3.18, 56843, 230657, 3.21, 55844, 221225, 3.35, 56843, 230657, 3.38, 56843, 230657, 3.41
e_143, 65536, 303696, 0.00, 28936, 100488, 0.38, 28874, 100276, 0.64, 28856, 100134, 0.94, 28795, 99966, 1.27, 28900, 100330, 1.43, 28917, 100396, 1.58, 28908, 100400, 1.74, 28929, 100454, 1.92, 28830, 100108, 2.07, 28839, 100150, 2.23, 28859, 100208, 2.38, 28892, 100294, 2.55
e_144, 65536, 303996, 0.00, 29833, 104714, 0.26, 29693, 104100, 0.43, 29733, 104338, 0.90, 29687, 104112, 1.24, 29752, 104414, 1.50, 29722, 104240, 1.78, 29774, 104494, 2.04, 29739, 104340, 2.34, 29676, 104090, 2.57, 29757, 104426, 2.75, 29758, 104446, 2.91, 29768, 104448, 3.06
e_145, 2048, 27086, 0.00, 2037, 27060, 0.00, 1994, 23196, 0.02, 1862, 20171, 0.13, 1862, 20191, 0.21, 1928, 24693, 0.23, 1933, 24527, 0.25, 1930, 24464, 0.27, 1868, 23422, 0.31, 2037, 27060, 0.31, 2032, 23972, 0.32, 2037, 27060, 0.32, 2037, 27060, 0.32
e_146, 65532, 288796, 0.00, 61761, 268581, 0.05, 26036, 94451, 0.42, 17413, 53134, 1.77, 17413, 53134, 2.86, 18168, 57862, 3.79, 60420, 260645, 4.07, 60410, 260602, 4.30, 17810, 56510, 5.00, 61761, 268581, 5.04, 61618, 266024, 5.27, 61761, 268581, 5.33, 61761, 268581, 5.39
e_147, 1024, 25052, 0.00, 721, 12910, 0.01, 721, 12910, 0.01, 721, 12910, 0.03, 721, 12910, 0.04, 721, 12910, 0.04, 721, 12910, 0.05, 721, 12910, 0.06, 721, 12910, 0.07, 721, 12910, 0.07, 721, 12910, 0.08, 721, 12910, 0.09, 721, 12910, 0.10
e_148, 2048, 25737, 0.00, 2010, 25512, 0.00, 1921, 21214, 0.04, 1800, 18478, 0.29, 1806, 18901, 0.46, 1915, 23660, 0.48, 1910, 23523, 0.50, 1883, 23108, 0.52, 1812, 22078, 0.55, 2010, 25512, 0.56, 1990, 21747, 0.57, 2010, 25512, 0.57, 2010, 25512, 0.57
e_149, 1024, 3624, 0.00, 400, 1987, 0.00, 392, 1921, 0.00, 389, 1903, 5.59, 392, 1921, 5.60, 400, 1987, 5.60, 400, 1987, 5.60, 400, 1987, 5.64, 400, 1987, 8.61, 400, 1987, 8.61, 389, 1906, 10.76, 400, 1987, 10.76, 400, 1987, 10.76
e_150, 1024, 22042, 0.00, 1024, 22042, 0.00, 1018, 20063, 0.02, 970, 18353, 0.10, 970, 18373, 0.15, 982, 20671, 0.17, 994, 20908, 0.18, 993, 20893, 0.19, 971, 20236, 0.24, 1024, 22042, 0.24, 1022, 20293, 0.25, 1024, 22042, 0.25, 1024, 22042, 0.25
e_151, 65534, 653240, 0.00, 65153, 651037, 0.06, 61127, 581170, 0.90, 44733, 305187, 5.10, 44733, 305187, 9.90, 45514, 336604, 14.00, 61688, 584136, 14.81, 61705, 584231, 15.75, 44752, 327968, 17.93, 65153, 651037, 17.99, 65113, 638942, 18.28, 65153, 651037, 18.37, 65153, 651037, 18.46
e_152, 65531, 618237, 0.00, 64757, 613941, 0.06, 59136, 508459, 1.07, 46916, 316924, 7.99, 46917, 316948, 13.84, 50015, 391428, 17.66, 57976, 502782, 19.17, 57933, 502196, 20.47, 47004, 358034, 22.89, 64757, 613941, 22.99, 64550, 578302, 23.35, 64757, 613941, 23.43, 64757, 613941, 23.51
e_153, 2043, 22306, 0.00, 1971, 21826, 0.00, 1881, 18161, 0.04, 1770, 15612, 0.59, 1794, 16789, 0.82, 1894, 20703, 0.84, 1895, 20517, 0.86, 1887, 20414, 0.89, 1846, 19821, 0.93, 1971, 21826, 0.94, 1950, 18676, 1.00, 1971, 21826, 1.00, 1971, 21826, 1.00
e_154, 65536, 653641, 0.00, 65157, 651490, 0.06, 61101, 582135, 0.76, 44975, 308997, 5.28, 44975, 308997, 9.75, 45826, 341642, 13.31, 61716, 586339, 14.41, 61691, 586259, 15.33, 44988, 331825, 17.75, 65157, 651490, 17.81, 65133, 639304, 18.05, 65157, 651490, 18.11, 65157, 651490, 18.17
e_155, 65529, 619239, 0.00, 64752, 614915, 0.06, 58984, 508011, 0.69, 47071, 320780, 6.18, 47074, 320816, 11.16, 50175, 395676, 14.27, 58183, 506671, 15.35, 58130, 506121, 16.36, 47207, 362484, 18.41, 64752, 614915, 18.47, 64543, 579216, 18.73, 64752, 614915, 18.81, 64752, 614915, 18.90
e_156, 65522, 584478, 0.00, 63837, 575281, 0.06, 56009, 438565, 1.17, 45733, 293499, 7.54, 45734, 293530, 14.10, 51121, 400967, 17.58, 54809, 446629, 18.98, 54658, 445060, 19.98, 46028, 346951, 22.03, 63837, 575281, 22.09, 63137, 515185, 22.42, 63837, 575281, 22.48, 63837, 575281, 22.53
e_157, 65536, 652583, 0.00, 65181, 650588, 0.06, 61067, 579859, 0.70, 44909, 306105, 4.95, 44909, 306105, 9.32, 45943, 339843, 11.57, 61491, 580660, 12.35, 61472, 580411, 13.48, 44918, 328861, 16.03, 65181, 650588, 16.12, 65148, 638271, 16.50, 65181, 650588, 16.59, 65181, 650588, 16.68
e_158, 65521, 584837, 0.00, 63834, 575553, 0.06, 55990, 440213, 0.92, 45911, 298034, 7.04, 45936, 298230, 12.95, 51092, 403083, 15.62, 55103, 450469, 16.67, 54904, 448066, 17.62, 46152, 351215, 19.64, 63834, 575553, 19.70, 63213, 516393, 20.10, 63834, 575553, 20.18, 63834, 575553, 20.26
e_159, 65503, 550097, 0.00, 62512, 534038, 0.06, 52301, 374322, 1.38, 43177, 257964, 9.83, 43182, 258132, 17.46, 50731, 390121, 19.74, 52242, 402683, 21.12, 51841, 398167, 22.40, 43790, 318379, 24.16, 62512, 534038, 24.21, 61214, 454749, 24.54, 62512, 534038, 24.59, 62512, 534038, 24.64
e_160, 2048, 32172, 0.00, 1271, 12870, 0.01, 1271, 12870, 0.02, 1271, 12870, 0.04, 1271, 12870, 0.06, 1271, 12870, 0.07, 1271, 12870, 0.07, 1271, 12870, 0.08, 1271, 12870, 0.10, 1271, 12870, 0.10, 1271, 12870, 0.11, 1271, 12870, 0.12, 1271, 12870, 0.13
e_161, 2048, 28713, 0.00, 2042, 28658, 0.00, 1987, 25450, 0.02, 1815, 21206, 0.12, 1815, 21208, 0.20, 1866, 24419, 0.24, 1904, 25514, 0.28, 1898, 25452, 0.31, 1817, 23571, 0.37, 2042, 28658, 0.37, 2040, 26613, 0.39, 2042, 28658, 0.39, 2042, 28658, 0.39
e_162, 131066, 573836, 0.00, 123407, 533092, 0.16, 48574, 174279, 1.25, 33641, 102880, 4.82, 33641, 102880, 8.05, 35571, 113426, 10.25, 120667, 517032, 11.13, 120657, 516977, 11.77, 34671, 110133, 13.25, 123407, 533092, 13.33, 123188, 528234, 13.61, 123407, 533092, 13.69, 123407, 533092, 13.77
e_163, 131067, 574081, 0.00, 123088, 530853, 0.10, 49103, 175843, 1.40, 35070, 106913, 4.98, 35070, 106913, 7.84, 36032, 114981, 9.71, 120515, 515942, 10.44, 120534, 516040, 11.23, 35070, 111302, 13.23, 123088, 530853, 13.34, 122767, 525592, 13.78, 123088, 530853, 13.90, 123088, 530853, 14.02
e_164, 65497, 549544, 0.00, 62806, 534981, 0.06, 52341, 373712, 1.31, 43635, 261970, 12.33, 43665, 262327, 19.70, 51412, 394723, 22.24, 52507, 405430, 23.32, 51901, 399285, 24.78, 44171, 322396, 26.73, 62806, 534981, 26.78, 61389, 455227, 27.09, 62806, 534981, 27.15, 62806, 534981, 27.20
e_165, 131072, 603932, 0.00, 56712, 196378, 0.64, 56385, 195114, 1.22, 56610, 196002, 2.02, 56501, 195548, 2.47, 56580, 195866, 2.85, 56436, 195332, 3.21, 56560, 195846, 3.57, 56643, 196134, 3.97, 56565, 195782, 4.34, 56583, 195834, 4.74, 56538, 195732, 5.06, 56508, 195558, 5.37
e_166, 65519, 583890, 0.00, 63962, 575286, 0.06, 56092, 438456, 1.18, 46416, 298453, 8.28, 46449, 298728, 15.02, 51789, 408076, 18.09, 55312, 450411, 19.56, 55152, 448342, 20.45, 46724, 352852, 22.65, 63962, 575286, 22.70, 63247, 514934, 23.02, 63962, 575286, 23.08, 63962, 575286, 23.16
e_167, 1024, 5487, 0.00, 563, 3546, 0.00, 563, 3527, 0.00, 563, 3526, 1.54, 563, 3527, 1.55, 563, 3546, 1.55, 563, 3546, 1.55, 563, 3546, 1.55, 563, 3546, 2.17, 563, 3546, 2.17, 563, 3538, 2.74, 563, 3546, 2.74, 563, 3546, 2.74
e_168, 65502, 550435, 0.00, 62564, 534652, 0.06, 52174, 374537, 1.04, 43439, 263785, 9.24, 43459, 264138, 16.74, 51217, 396412, 19.22, 51909, 401677, 20.34, 51398, 395946, 21.58, 43993, 324206, 24.05, 62564, 534652, 24.13, 61232, 455605, 24.62, 62564, 534652, 24.70, 62564, 534652, 24.78
e_169, 131072, 604300, 0.00, 55556, 191594, 0.51, 55223, 190378, 0.83, 55359, 190808, 1.40, 55350, 190766, 1.80, 55379, 190922, 2.11, 55321, 190734, 2.42, 55465, 191244, 2.85, 55164, 190080, 3.48, 55447, 191134, 3.96, 55312, 190652, 4.45, 55404, 191002, 4.87, 55272, 190532, 5.30
e_170, 131063, 573737, 0.00, 123213, 531438, 0.10, 48226, 172342, 1.23, 34282, 104389, 3.68, 34282, 104389, 5.69, 34901, 110983, 7.08, 120552, 515918, 7.56, 120543, 515894, 8.05, 34284, 108575, 9.57, 123213, 531438, 9.70, 122890, 526169, 10.14, 123213, 531438, 10.26, 123213, 531438, 10.38
e_171, 131072, 604042, 0.00, 54842, 188124, 0.51, 54643, 187428, 0.83, 54626, 187324, 1.38, 54645, 187384, 1.78, 54662, 187442, 2.10, 54534, 187030, 2.40, 54738, 187706, 2.69, 54584, 187274, 3.05, 54560, 187010, 3.34, 54701, 187602, 3.65, 54564, 187118, 3.93, 54584, 187188, 4.22
e_172, 4096, 67676, 0.00, 4091, 67650, 0.00, 4027, 63480, 0.03, 3540, 49143, 0.20, 3540, 49143, 0.35, 3562, 52592, 0.45, 3880, 61227, 0.49, 3889, 61375, 0.53, 3540, 52071, 0.64, 4091, 67650, 0.65, 4091, 65827, 0.67, 4091, 67650, 0.67, 4091, 67650, 0.67
e_173, 1024, 23175, 0.00, 1024, 23175, 0.00, 1017, 21012, 0.01, 992, 19959, 0.07, 992, 19980, 0.10, 999, 22235, 0.11, 1001, 22205, 0.12, 1000, 22183, 0.13, 992, 21978, 0.15, 1024, 23175, 0.15, 1024, 21270, 0.16, 1024, 23175, 0.16, 1024, 23175, 0.16
e_174, 1010, 2048, 0.00, 236, 868, 0.00, 235, 870, 0.00, 235, 870, 0.32, 235, 870, 0.32, 236, 868, 0.32, 236, 868, 0.32, 236, 868, 0.33, 236, 868, 0.45, 236, 868, 0.45, 236, 868, 0.47, 236, 868, 0.47, 236, 868, 0.47
e_175, 2043, 22520, 0.00, 1962, 22087, 0.00, 1839, 18320, 0.04, 1683, 14974, 0.64, 1705, 16147, 0.88, 1854, 20517, 0.90, 1808, 20066, 0.93, 1769, 19498, 0.97, 1716, 18622, 1.07, 1962, 22087, 1.08, 1931, 18859, 1.33, 1962, 22087, 1.33, 1962, 22087, 1.33
e_176, 4096, 66372, 0.00, 4096, 66372, 0.00, 4043, 62465, 0.02, 3617, 49798, 0.21, 3617, 49798, 0.37, 3644, 53370, 0.45, 3921, 60900, 0.49, 3921, 60900, 0.53, 3617, 52793, 0.62, 4096, 66372, 0.63, 4096, 64567, 0.65, 4096, 66372, 0.65, 4096, 66372, 0.65
e_177, 32766, 320320, 0.00, 15212, 78752, 0.25, 15212, 78752, 0.40, 15212, 78752, 0.63, 15212, 78752, 0.85, 15207, 78726, 1.09, 15212, 78752, 1.32, 15212, 78752, 1.55, 15207, 78726, 1.82, 15212, 78752, 1.96, 15212, 78752, 2.11, 15207, 78726, 2.26, 15207, 78726, 2.41
e_178, 4096, 66408, 0.00, 4096, 66408, 0.00, 4059, 62771, 0.03, 3562, 47917, 0.20, 3562, 47917, 0.34, 3600, 51653, 0.41, 3867, 59053, 0.46, 3868, 59090, 0.50, 3562, 50852, 0.58, 4096, 66408, 0.58, 4096, 64694, 0.60, 4096, 66408, 0.60, 4096, 66408, 0.61
e_179, 2048, 27346, 0.00, 2027, 27248, 0.00, 1976, 23241, 0.02, 1864, 20693, 0.13, 1864, 20699, 0.21, 1929, 25147, 0.24, 1918, 24766, 0.26, 1909, 24574, 0.27, 1874, 23888, 0.31, 2027, 27248, 0.31, 2017, 24195, 0.32, 2027, 27248, 0.32, 2027, 27248, 0.32
e_180, 32765, 320832, 0.00, 14949, 77906, 0.25, 14949, 77906, 0.40, 14949, 77906, 0.64, 14949, 77906, 0.81, 14949, 77906, 0.96, 14949, 77906, 1.11, 14949, 77906, 1.25, 14949, 77906, 1.51, 14949, 77906, 1.74, 14949, 77906, 1.99, 14949, 77906, 2.22, 14949, 77906, 2.45
e_181, 32767, 321088, 0.00, 15090, 78324, 0.24, 15090, 78324, 0.38, 15090, 78324, 0.68, 15090, 78324, 0.95, 15090, 78324, 1.17, 15090, 78324, 1.39, 15090, 78324, 1.60, 15085, 78298, 1.79, 15090, 78324, 1.92, 15090, 78324, 2.07, 15090, 78324, 2.21, 15090, 78324, 2.34
e_182, 1002, 2048, 0.00, 240, 877, 0.00, 240, 876, 0.00, 240, 876, 0.14, 240, 876, 0.14, 240, 877, 0.14, 240, 877, 0.14, 240, 877, 0.14, 240, 877, 0.18, 240, 877, 0.18, 240, 876, 0.19, 240, 877, 0.19, 240, 877, 0.19
e_183, 1024, 5471, 0.00, 549, 3678, 0.00, 548, 3650, 0.00, 548, 3636, 5.24, 548, 3650, 5.25, 549, 3678, 5.25, 549, 3678, 5.25, 549, 3678, 5.25, 549, 3678, 7.51, 549, 3678, 7.51, 548, 3648, 10.98, 549, 3678, 10.98, 549, 3678, 10.98
e_184, 131065, 1315170, 0.00, 129909, 1308043, 0.12, 121996, 1113877, 1.71, 100715, 746203, 18.65, 100723, 746277, 34.23, 106253, 907661, 44.73, 117833, 1088483, 47.62, 117736, 1087401, 49.93, 101000, 841547, 55.19, 129909, 1308043, 55.30, 129635, 1230299, 56.03, 129909, 1308043, 56.15, 129909, 1308043, 56.27
e_185, 4096, 62879, 0.00, 4090, 62825, 0.01, 4016, 56236, 0.05, 3764, 49129, 0.35, 3764, 49131, 0.60, 3864, 56595, 0.70, 3886, 57232, 0.78, 3878, 57020, 0.87, 3767, 54468, 1.04, 4090, 62825, 1.05, 4088, 58281, 1.08, 4090, 62825, 1.08, 4090, 62825, 1.09
e_186, 2047, 23928, 0.00, 1973, 23543, 0.00, 1845, 19433, 0.04, 1733, 16698, 0.52, 1746, 17631, 0.73, 1870, 21949, 0.76, 1842, 21630, 0.78, 1815, 21139, 0.82, 1770, 20465, 0.94, 1973, 23543, 0.94, 1947, 20012, 1.15, 1973, 23543, 1.15, 1973, 23543, 1.15
e_187, 1024, 3632, 0.00, 427, 2073, 0.00, 424, 2012, 0.00, 424, 2010, 0.89, 424, 2012, 0.89, 427, 2073, 0.89, 427, 2073, 0.89, 427, 2073, 0.89, 427, 2073, 1.15, 427, 2073, 1.15, 424, 2013, 1.58, 427, 2073, 1.58, 427, 2073, 1.58
e_188, 4096, 62913, 0.00, 4092, 62899, 0.00, 4053, 56642, 0.04, 3777, 49284, 0.27, 3777, 49284, 0.47, 3859, 56334, 0.52, 3898, 57639, 0.58, 3891, 57504, 0.64, 3788, 54823, 0.74, 4092, 62899, 0.74, 4090, 58323, 0.76, 4092, 62899, 0.76, 4092, 62899, 0.77
e_189, 999, 2048, 0.00, 243, 855, 0.00, 243, 855, 0.00, 243, 855, 0.03, 243, 855, 0.03, 243, 855, 0.03, 243, 855, 0.03, 243, 855, 0.03, 243, 855, 0.04, 243, 855, 0.04, 243, 855, 0.04, 243, 855, 0.04, 243, 855, 0.04
e_190, 2048, 7005, 0.00, 649, 3189, 0.00, 647, 3155, 0.00, 646, 3140, 0.45, 647, 3155, 0.45, 649, 3189, 0.45, 649, 3189, 0.45, 649, 3189, 0.45, 649, 3189, 0.62, 649, 3189, 0.62, 647, 3152, 0.82, 649, 3189, 0.82, 649, 3189, 0.82
e_191, 2005, 4143, 0.00, 511, 1871, 0.00, 511, 1871, 0.00, 511, 1871, 0.01, 511, 1871, 0.02, 511, 1871, 0.02, 511, 1871, 0.02, 511, 1871, 0.02, 511, 1871, 0.02, 511, 1871, 0.02, 511, 1871, 0.03, 511, 1871, 0.03, 511, 1871, 0.03
e_192, 2048, 7307, 0.00, 812, 4093, 0.00, 812, 4084, 0.00, 812, 4080, 0.10, 812, 4084, 0.10, 812, 4093, 0.10, 812, 4093, 0.10, 812, 4093, 0.10, 812, 4093, 0.14, 812, 4093, 0.14, 812, 4087, 0.17, 812, 4093, 0.17, 812, 4093, 0.17
e_193, 1024, 17144, 0.00, 1005, 17001, 0.00, 994, 15983, 0.01, 985, 15639, 0.24, 986, 15815, 0.29, 994, 16764, 0.30, 997, 16816, 0.30, 998, 16841, 0.31, 991, 16706, 0.36, 1005, 17001, 0.36, 1005, 16328, 0.45, 1005, 17001, 0.45, 1005, 17001, 0.45
e_194, 2048, 15440, 0.00, 1522, 13090, 0.00, 1522, 13055, 0.01, 1522, 13052, 0.34, 1522, 13055, 0.36, 1522, 13090, 0.36, 1522, 13090, 0.36, 1522, 13090, 0.37, 1522, 13090, 0.56, 1522, 13090, 0.57, 1522, 13070, 0.72, 1522, 13090, 0.72, 1522, 13090, 0.72
e_195, 1024, 32768, 0.00, 1024, 32768, 0.00, 1024, 32768, 0.01, 1024, 32768, 0.10, 1024, 32768, 0.12, 1024, 32768, 0.12, 1024, 32768, 0.12, 1024, 32768, 0.12, 1024, 32768, 0.15, 1024, 32768, 0.15, 1024, 32768, 0.17, 1024, 32768, 0.17, 1024, 32768, 0.17
e_196, 1024, 16384, 0.00, 1024, 16384, 0.00, 1024, 16384, 0.01, 1024, 16384, 0.10, 1024, 16384, 0.12, 1024, 16384, 0.12, 1024, 16384, 0.13, 1024, 16384, 0.13, 1024, 16384, 0.17, 1024, 16384, 0.17, 1024, 16384, 0.19, 1024, 16384, 0.19, 1024, 16384, 0.19
e_197, 4096, 93346, 0.00, 4085, 93276, 0.01, 4078, 90123, 0.08, 4071, 89394, 2.89, 4071, 89828, 3.23, 4076, 92969, 3.25, 4079, 93035, 3.28, 4080, 93090, 3.32, 4075, 92925, 3.41, 4085, 93276, 3.41, 4084, 91045, 5.15, 4085, 93276, 5.16, 4085, 93276, 5.16
e_198, 8192, 230662, 0.00, 8192, 230662, 0.01, 8182, 219681, 0.19, 8150, 217112, 3.04, 8156, 218605, 4.39, 8176, 230086, 4.54, 8174, 229884, 4.63, 8173, 229864, 4.72, 8156, 229315, 5.12, 8192, 230662, 5.14, 8191, 222755, 5.73, 8192, 230662, 5.74, 8192, 230662, 5.75
e_199, 16384, 559996, 0.00, 16384, 559996, 0.02, 16384, 533425, 0.19, 16154, 519032, 2.48, 16154, 519037, 3.91, 16172, 546413, 4.51, 16229, 549851, 5.26, 16225, 549598, 5.99, 16155, 545435, 7.67, 16384, 559996, 7.71, 16384, 538066, 7.91, 16384, 559996, 7.93, 16384, 559996, 7.95
e_200, 32767, 503421, 0.00, 32464, 500904, 0.04, 32302, 470067, 0.73, 32136, 461679, 15.45, 32168, 466578, 21.00, 32308, 497608, 21.45, 32303, 497509, 22.11, 32322, 497931, 22.65, 32238, 496365, 23.60, 32464, 500904, 23.65, 32432, 478631, 26.27, 32464, 500904, 26.30, 32464, 500904, 26.36
h_001, 1014, 2103, 0.00, 260, 929, 0.00, 260, 929, 0.00, 260, 928, 0.03, 260, 929, 0.03, 260, 929, 0.03, 260, 929, 0.03, 260, 929, 0.03, 260, 929, 0.04, 260, 929, 0.04, 260, 928, 0.04, 260, 929, 0.04, 260, 929, 0.04
h_002, 1024, 3473, 0.00, 302, 1516, 0.00, 300, 1492, 0.00, 289, 1411, 100.37, 300, 1492, 100.37, 302, 1516, 100.37, 302, 1516, 100.37, 295, 1480, 100.41, 295, 1480, 110.97, 302, 1516, 110.97, 289, 1413, 114.82, 302, 1516, 114.82, 302, 1516, 114.82
h_003, 1024, 3480, 0.00, 296, 1379, 0.00, 292, 1349, 0.00, 291, 1330, 9.12, 292, 1349, 9.12, 296, 1379, 9.12, 296, 1379, 9.12, 296, 1379, 9.12, 296, 1379, 12.34, 296, 1379, 12.34, 294, 1336, 14.57, 296, 1379, 14.57, 296, 1379, 14.57
h_004, 1024, 3624, 0.00, 400, 1987, 0.00, 392, 1921, 0.00, 389, 1903, 6.30, 392, 1921, 6.30, 400, 1987, 6.30, 400, 1987, 6.30, 400, 1987, 6.34, 400, 1987, 9.63, 400, 1987, 9.63, 389, 1906, 12.51, 400, 1987, 12.51, 400, 1987, 12.51
h_005, 843, 3995, 0.00, 794, 3896, 0.00, 159, 567, 0.00, 159, 567, 80.91, 159, 567, 80.91, 794, 3896, 80.91, 159, 567, 80.92, 792, 3886, 80.95, 792, 3886, 81.15, 794, 3896, 81.15, 724, 2845, 83.04, 794, 3896, 83.04, 794, 3896, 83.04
h_006, 2002, 4096, 0.00, 483, 1723, 0.00, 482, 1719, 0.00, 482, 1719, 0.01, 482, 1719, 0.02, 483, 1723, 0.02, 483, 1723, 0.02, 483, 1723, 0.02, 483, 1723, 0.02, 483, 1723, 0.02, 483, 1723, 0.03, 483, 1723, 0.03, 483, 1723, 0.03
h_007, 2001, 4096, 0.00, 458, 1667, 0.00, 458, 1667, 0.00, 458, 1667, 0.01, 458, 1667, 0.01, 458, 1667, 0.01, 458, 1667, 0.01, 458, 1667, 0.01, 458, 1667, 0.02, 458, 1667, 0.02, 458, 1667, 0.02, 458, 1667, 0.02, 458, 1667, 0.02
h_008, 1024, 5222, 0.00, 333, 2129, 0.00, 331, 2083, 0.00, 320, 1891, 177.35, 331, 2083, 177.36, 333, 2129, 177.36, 333, 2129, 177.36, 333, 2129, 177.37, 333, 2129, 201.23, 333, 2129, 201.23, 325, 1939, 212.05, 333, 2129, 212.05, 333, 2129, 212.05
h_009, 1024, 5231, 0.00, 342, 2218, 0.00, 342, 2126, 0.00, 333, 1967, 242.76, 342, 2126, 242.77, 342, 2218, 242.77, 342, 2218, 242.77, 342, 2218, 243.85, 342, 2218, 298.57, 342, 2218, 298.57, 333, 1973, 313.36, 342, 2218, 313.36, 342, 2218, 313.36
h_010, 1024, 5471, 0.00, 549, 3678, 0.00, 548, 3650, 0.00, 548, 3636, 5.43, 548, 3650, 5.43, 549, 3678, 5.43, 549, 3678, 5.43, 549, 3678, 5.45, 549, 3678, 9.16, 549, 3678, 9.16, 548, 3648, 13.88, 549, 3678, 13.88, 549, 3678, 13.88
h_011, 1024, 5480, 0.00, 525, 3412, 0.00, 515, 3295, 0.00, 515, 3292, 1.12, 515, 3293, 1.12, 525, 3412, 1.12, 525, 3412, 1.12, 525, 3412, 1.12, 525, 3412, 1.35, 525, 3412, 1.35, 525, 3387, 1.77, 525, 3412, 1.77, 525, 3412, 1.77
h_012, 1024, 5487, 0.00, 563, 3546, 0.00, 563, 3527, 0.00, 563, 3526, 1.22, 563, 3527, 1.22, 563, 3546, 1.22, 563, 3546, 1.22, 563, 3546, 1.22, 563, 3546, 1.83, 563, 3546, 1.83, 563, 3538, 2.27, 563, 3546, 2.27, 563, 3546, 2.27
h_013, 2033, 5216, 0.00, 909, 3416, 0.00, 909, 3415, 0.00, 909, 3415, 0.03, 909, 3415, 0.04, 909, 3416, 0.04, 909, 3416, 0.04, 909, 3416, 0.04, 909, 3416, 0.05, 909, 3416, 0.05, 909, 3415, 0.06, 909, 3416, 0.06, 909, 3416, 0.06
h_014, 2029, 5219, 0.00, 884, 3309, 0.00, 884, 3309, 0.00, 884, 3309, 0.03, 884, 3309, 0.03, 884, 3309, 0.03, 884, 3309, 0.03, 884, 3309, 0.03, 884, 3309, 0.05, 884, 3309, 0.05, 884, 3309, 0.05, 884, 3309, 0.05, 884, 3309, 0.05
h_015, 2048, 7005, 0.00, 649, 3189, 0.00, 647, 3155, 0.00, 646, 3140, 0.39, 647, 3155, 0.40, 649, 3189, 0.40, 649, 3189, 0.40, 649, 3189, 0.40, 649, 3189, 0.56, 649, 3189, 0.56, 647, 3152, 0.75, 649, 3189, 0.75, 649, 3189, 0.75
h_016, 2048, 7307, 0.00, 812, 4093, 0.00, 812, 4084, 0.00, 812, 4080, 0.10, 812, 4084, 0.10, 812, 4093, 0.10, 812, 4093, 0.10, 812, 4093, 0.10, 812, 4093, 0.14, 812, 4093, 0.14, 812, 4087, 0.17, 812, 4093, 0.17, 812, 4093, 0.17
h_017, 1024, 9737, 0.00, 849, 8652, 0.00, 849, 8620, 0.01, 849, 8620, 0.27, 849, 8620, 0.28, 849, 8652, 0.28, 849, 8652, 0.28, 849, 8652, 0.28, 849, 8652, 0.47, 849, 8652, 0.47, 849, 8630, 0.57, 849, 8652, 0.57, 849, 8652, 0.57
h_018, 1974, 9003, 0.00, 1813, 8747, 0.00, 494, 1787, 0.00, 494, 1787, 0.02, 494, 1787, 0.03, 1813, 8747, 0.03, 494, 1795, 0.05, 1809, 8734, 0.10, 1809, 8734, 0.80, 1813, 8747, 0.80, 1626, 6331, 0.89, 1813, 8747, 0.89, 1813, 8747, 0.90
h_019, 1024, 10284, 0.00, 780, 8163, 0.00, 780, 8091, 0.01, 780, 8085, 0.59, 780, 8091, 0.61, 780, 8163, 0.61, 780, 8163, 0.61, 780, 8163, 0.61, 780, 8163, 1.15, 780, 8163, 1.15, 780, 8096, 1.46, 780, 8163, 1.46, 780, 8163, 1.46
h_020, 1024, 10743, 0.00, 916, 9908, 0.00, 916, 9887, 0.01, 916, 9883, 0.24, 916, 9887, 0.25, 916, 9908, 0.25, 916, 9908, 0.25, 916, 9908, 0.25, 916, 9908, 0.36, 916, 9908, 0.36, 916, 9891, 0.45, 916, 9908, 0.45, 916, 9908, 0.45
h_021, 2048, 10573, 0.00, 759, 5001, 0.00, 754, 4916, 0.01, 745, 4573, 0.47, 754, 4916, 0.48, 759, 5001, 0.48, 759, 5001, 0.48, 759, 5001, 0.48, 759, 5001, 1.25, 759, 5001, 1.25, 752, 4685, 2.40, 759, 5001, 2.40, 759, 5001, 2.40
h_022, 2048, 10584, 0.00, 744, 4739, 0.00, 743, 4687, 0.00, 743, 4671, 2.85, 743, 4687, 2.85, 744, 4739, 2.85, 744, 4739, 2.85, 744, 4739, 2.85, 744, 4739, 4.15, 744, 4739, 4.15, 744, 4703, 5.30, 744, 4739, 5.30, 744, 4739, 5.30
h_023, 2048, 11098, 0.00, 1135, 7565, 0.00, 1135, 7543, 0.01, 1135, 7541, 0.19, 1135, 7543, 0.20, 1135, 7565, 0.20, 1135, 7565, 0.20, 1135, 7565, 0.20, 1135, 7565, 0.28, 1135, 7565, 0.28, 1135, 7557, 0.36, 1135, 7565, 0.36, 1135, 7565, 0.36
h_024, 2650, 12400, 0.00, 2491, 12136, 0.00, 582, 2107, 0.00, 582, 2107, 0.03, 582, 2107, 0.03, 2491, 12136, 0.03, 582, 2107, 0.06, 2486, 12115, 0.15, 2486, 12115, 1.65, 2491, 12136, 1.66, 2228, 8839, 1.91, 2491, 12136, 1.91, 2491, 12136, 1.91
h_025, 1024, 15102, 0.00, 924, 14061, 0.00, 924, 14019, 0.01, 924, 14003, 149.88, 924, 14019, 149.89, 924, 14061, 149.89, 924, 14061, 149.89, 924, 14061, 149.90, 924, 14061, 249.95, 924, 14061, 249.95, 924, 14028, 291.43, 924, 14061, 291.43, 924, 14061, 291.43
h_026, 2048, 14725, 0.00, 1190, 10365, 0.00, 1190, 10333, 0.01, 1190, 10322, 0.59, 1190, 10333, 0.60, 1190, 10365, 0.60, 1190, 10365, 0.61, 1190, 10365, 0.61, 1190, 10365, 0.78, 1190, 10365, 0.78, 1190, 10331, 0.95, 1190, 10365, 0.95, 1190, 10365, 0.95
h_027, 2048, 14738, 0.00, 1173, 10012, 0.00, 1173, 9973, 0.01, 1173, 9970, 0.58, 1173, 9973, 0.59, 1173, 10012, 0.59, 1173, 10012, 0.59, 1173, 10012, 0.59, 1173, 10012, 0.81, 1173, 10012, 0.81, 1173, 9996, 1.03, 1173, 10012, 1.03, 1173, 10012, 1.03
h_028, 3588, 16698, 0.00, 3363, 16356, 0.00, 770, 2842, 0.01, 770, 2842, 0.06, 770, 2842, 0.07, 3363, 16356, 0.07, 770, 2842, 0.15, 3361, 16344, 0.47, 3361, 16344, 3.67, 3363, 16356, 3.67, 3025, 11904, 3.90, 3363, 16356, 3.90, 3363, 16356, 3.91
h_029, 1024, 19861, 0.00, 980, 18927, 0.00, 980, 18849, 0.01, 980, 18835, 2.14, 980, 18849, 2.17, 980, 18927, 2.17, 980, 18927, 2.17, 980, 18927, 2.18, 980, 18927, 3.47, 980, 18927, 3.47, 980, 18848, 4.30, 980, 18927, 4.30, 980, 18927, 4.30
h_030, 2048, 18851, 0.00, 1437, 14851, 0.00, 1437, 14831, 0.01, 1437, 14796, 0.50, 1437, 14831, 0.52, 1437, 14851, 0.52, 1437, 14851, 0.52, 1437, 14851, 0.52, 1437, 14851, 0.74, 1437, 14851, 0.74, 1437, 14807, 0.95, 1437, 14851, 0.95, 1437, 14851, 0.95
h_031, 2048, 18876, 0.00, 1477, 14855, 0.00, 1477, 14835, 0.01, 1477, 14834, 0.40, 1477, 14835, 0.41, 1477, 14855, 0.42, 1477, 14855, 0.42, 1477, 14855, 0.42, 1477, 14855, 0.58, 1477, 14855, 0.58, 1477, 14847, 0.76, 1477, 14855, 0.76, 1477, 14855, 0.76
h_032, 2048, 20942, 0.00, 1570, 17192, 0.00, 1570, 17087, 0.01, 1570, 16938, 0.49, 1570, 17087, 0.51, 1570, 17192, 0.51, 1570, 17192, 0.51, 1570, 17192, 0.51, 1570, 17192, 0.72, 1570, 17192, 0.72, 1570, 16951, 0.93, 1570, 17192, 0.93, 1570, 17192, 0.93
h_033, 6301, 20777, 0.00, 1281, 8374, 0.00, 1281, 8372, 0.01, 1281, 8372, 0.10, 1281, 8372, 0.11, 1281, 8374, 0.11, 1281, 8374, 0.11, 1281, 8374, 0.11, 1281, 8374, 0.17, 1281, 8374, 0.17, 1281, 8374, 0.20, 1281, 8374, 0.20, 1281, 8374, 0.20
h_034, 4983, 22602, 0.00, 4539, 21923, 0.00, 1248, 4501, 0.01, 1248, 4501, 0.09, 1248, 4501, 0.11, 4539, 21923, 0.12, 1248, 4502, 0.24, 4537, 21912, 0.81, 4537, 21912, 7.94, 4539, 21923, 7.94, 4028, 15890, 8.37, 4539, 21923, 8.37, 4539, 21923, 8.37
h_035, 7966, 30498, 0.00, 4524, 19788, 0.01, 1298, 4843, 0.02, 893, 2653, 0.05, 893, 2653, 0.08, 1003, 3416, 0.10, 3879, 16248, 0.12, 3881, 16232, 0.14, 901, 2962, 0.16, 4524, 19788, 0.16, 4403, 18668, 0.17, 4524, 19788, 0.17, 4524, 19788, 0.17
h_036, 7957, 30671, 0.00, 4432, 19566, 0.01, 1501, 5564, 0.03, 942, 2866, 0.09, 942, 2866, 0.15, 1095, 3632, 0.19, 3700, 15622, 0.21, 3685, 15563, 0.24, 1032, 3413, 0.28, 4432, 19566, 0.28, 4285, 18325, 0.29, 4432, 19566, 0.30, 4432, 19566, 0.30
h_037, 7941, 30814, 0.00, 4533, 20374, 0.01, 1895, 7772, 0.02, 1293, 4184, 0.07, 1293, 4184, 0.11, 1438, 5234, 0.13, 3982, 17320, 0.15, 3988, 17388, 0.17, 1348, 4814, 0.20, 4533, 20374, 0.20, 4433, 19295, 0.21, 4533, 20374, 0.21, 4533, 20374, 0.21
h_038, 10876, 39994, 0.00, 2828, 17096, 0.01, 2828, 17090, 0.01, 2828, 17090, 0.33, 2828, 17090, 0.36, 2828, 17096, 0.36, 2828, 17096, 0.37, 2828, 17096, 0.37, 2828, 17096, 0.56, 2828, 17096, 0.56, 2828, 17093, 0.76, 2828, 17096, 0.76, 2828, 17096, 0.76
h_039, 9473, 43691, 0.00, 8814, 42698, 0.01, 2302, 8422, 0.02, 2302, 8422, 0.13, 2302, 8422, 0.15, 8814, 42698, 0.16, 2302, 8422, 0.46, 8814, 42698, 1.25, 8814, 42698, 12.46, 8814, 42698, 12.47, 7914, 31001, 13.81, 8814, 42698, 13.81, 8814, 42698, 13.82
h_040, 8124, 45091, 0.00, 5893, 36331, 0.01, 2560, 12012, 0.07, 1968, 7469, 0.29, 1970, 7509, 0.53, 3462, 18906, 0.65, 3327, 17807, 0.73, 3221, 17109, 0.82, 2082, 10439, 0.93, 5893, 36331, 0.94, 5160, 26016, 0.97, 5893, 36331, 0.98, 5893, 36331, 0.99
h_041, 8111, 45139, 0.00, 6046, 37138, 0.01, 2902, 14332, 0.08, 2099, 8371, 0.34, 2105, 8432, 0.63, 3374, 18732, 0.76, 3538, 19016, 0.83, 3445, 18426, 0.90, 2181, 11308, 0.99, 6046, 37138, 1.00, 5246, 26423, 1.04, 6046, 37138, 1.05, 6046, 37138, 1.05
h_042, 8128, 45262, 0.00, 5960, 36707, 0.01, 2722, 13340, 0.07, 2076, 8129, 0.30, 2077, 8160, 0.47, 3481, 19249, 0.54, 3473, 18731, 0.59, 3423, 18399, 0.64, 2141, 10935, 0.70, 5960, 36707, 0.71, 5211, 26249, 0.73, 5960, 36707, 0.74, 5960, 36707, 0.74
h_043, 8113, 50901, 0.00, 5593, 38208, 0.01, 1893, 10024, 0.06, 936, 3009, 0.17, 941, 3054, 0.28, 1516, 7128, 0.34, 2481, 12260, 0.39, 2426, 11913, 0.44, 987, 4284, 0.49, 5593, 38208, 0.49, 5160, 29624, 0.52, 5593, 38208, 0.52, 5593, 38208, 0.52
h_044, 8119, 51806, 0.00, 5349, 33424, 0.01, 728, 3395, 0.02, 336, 788, 0.06, 336, 788, 0.10, 451, 1345, 0.12, 3039, 13396, 0.18, 3016, 13201, 0.23, 398, 1173, 0.25, 5349, 33424, 0.26, 5105, 29455, 0.27, 5349, 33424, 0.28, 5349, 33424, 0.28
h_045, 8092, 54189, 0.00, 6342, 46146, 0.01, 4918, 30031, 0.16, 4272, 22504, 1.90, 4387, 24475, 2.56, 5485, 38550, 2.62, 5341, 37365, 2.70, 5234, 36709, 2.84, 4712, 32643, 3.08, 6342, 46146, 3.08, 5884, 36722, 3.27, 6342, 46146, 3.27, 6342, 46146, 3.28
h_046, 8088, 54350, 0.00, 6178, 45806, 0.01, 4624, 29188, 0.14, 3939, 21885, 1.55, 4112, 23782, 2.19, 5372, 38924, 2.26, 5132, 36847, 2.35, 4882, 34754, 2.48, 4300, 30439, 2.70, 6178, 45806, 2.70, 5772, 37107, 2.88, 6178, 45806, 2.88, 6178, 45806, 2.89
h_047, 8071, 54807, 0.00, 6200, 46828, 0.01, 4838, 30779, 0.15, 4240, 23686, 1.61, 4479, 26562, 2.52, 5496, 40345, 2.58, 5207, 38152, 2.68, 5147, 37913, 2.79, 4730, 34247, 2.94, 6200, 46828, 2.94, 5755, 37205, 3.15, 6200, 46828, 3.16, 6200, 46828, 3.17
h_048, 8073, 54891, 0.00, 6281, 47073, 0.01, 5088, 32578, 0.20, 4388, 24732, 3.00, 4607, 27396, 3.90, 5664, 41126, 3.96, 5244, 38013, 4.09, 5248, 37714, 4.19, 4938, 35140, 4.47, 6281, 47073, 4.48, 5863, 38323, 4.59, 6281, 47073, 4.60, 6281, 47073, 4.60
h_049, 8099, 57468, 0.00, 5550, 39687, 0.01, 813, 3884, 0.03, 427, 1065, 0.08, 427, 1065, 0.13, 581, 1958, 0.17, 2061, 8454, 0.25, 2507, 12701, 0.30, 439, 1370, 0.34, 5550, 39687, 0.34, 4891, 29968, 0.36, 5550, 39687, 0.36, 5550, 39687, 0.37
h_050, 22687, 54705, 0.00, 3168, 15637, 0.01, 3166, 15621, 0.02, 3166, 15621, 0.20, 3166, 15621, 0.22, 3168, 15637, 0.22, 3168, 15637, 0.22, 3168, 15637, 0.23, 3168, 15637, 0.32, 3168, 15637, 0.33, 3166, 15623, 0.43, 3168, 15637, 0.43, 3168, 15637, 0.43
h_051, 8170, 71995, 0.00, 6451, 61092, 0.01, 4061, 30029, 0.18, 2721, 15217, 1.07, 2791, 16119, 2.06, 4501, 36887, 2.28, 4067, 31496, 2.50, 3900, 29717, 2.66, 2982, 21719, 2.88, 6451, 61092, 2.88, 5772, 43018, 2.94, 6451, 61092, 2.95, 6451, 61092, 2.95
h_052, 8171, 72700, 0.00, 6488, 61472, 0.01, 3958, 28691, 0.18, 2564, 14057, 1.62, 2657, 15343, 2.76, 4308, 33567, 2.96, 3943, 29606, 3.23, 3945, 29922, 3.39, 2837, 20345, 3.58, 6488, 61472, 3.59, 5891, 43840, 3.65, 6488, 61472, 3.66, 6488, 61472, 3.67
h_053, 8178, 73399, 0.00, 6648, 62965, 0.01, 4208, 30717, 0.17, 2800, 15331, 1.12, 2924, 16963, 1.81, 4730, 37479, 1.93, 4169, 31597, 2.05, 4091, 30833, 2.15, 3093, 21651, 2.27, 6648, 62965, 2.28, 6087, 44773, 2.33, 6648, 62965, 2.33, 6648, 62965, 2.34
h_054, 14882, 67834, 0.00, 13640, 65884, 0.01, 3732, 13600, 0.03, 3732, 13600, 0.23, 3732, 13600, 0.26, 13640, 65884, 0.28, 3732, 13600, 0.98, 13630, 65851, 4.19, 13630, 65851, 46.37, 13640, 65884, 46.38, 12153, 47700, 48.74, 13640, 65884, 48.75, 13640, 65884, 48.76
h_055, 15268, 74339, 0.00, 14802, 73681, 0.01, 2647, 9718, 0.03, 2647, 9718, 0.18, 2647, 9718, 0.21, 14802, 73681, 0.23, 2647, 9718, 0.99, 14802, 73681, 2.73, 14800, 73671, 53.69, 14802, 73681, 53.70, 13591, 54511, 57.02, 14802, 73681, 57.04, 14802, 73681, 57.06
h_056, 8185, 82550, 0.00, 5999, 56593, 0.01, 1943, 10996, 0.09, 1144, 4078, 0.29, 1144, 4082, 0.52, 2094, 11238, 0.68, 2330, 12528, 0.89, 3000, 19926, 1.02, 1207, 5761, 1.12, 5999, 56593, 1.12, 5280, 38254, 1.18, 5999, 56593, 1.18, 5999, 56593, 1.19
h_057, 8170, 83083, 0.00, 6168, 61851, 0.01, 2070, 12087, 0.09, 1182, 4542, 0.31, 1203, 4704, 0.49, 2174, 12116, 0.63, 2332, 12229, 0.96, 3822, 32751, 1.06, 1270, 6399, 1.13, 6168, 61851, 1.13, 5461, 41822, 1.17, 6168, 61851, 1.18, 6168, 61851, 1.18
h_058, 8185, 92304, 0.00, 7772, 89638, 0.01, 7581, 81402, 0.17, 7473, 78041, 2.92, 7503, 79792, 3.63, 7622, 87453, 3.69, 7629, 87451, 3.76, 7629, 87582, 3.85, 7563, 86636, 4.05, 7772, 89638, 4.06, 7709, 83402, 4.62, 7772, 89638, 4.63, 7772, 89638, 4.63
h_059, 7115, 103689, 0.00, 1109, 35582, 0.01, 1067, 32357, 0.05, 1065, 32162, 3.57, 1066, 32267, 3.71, 1070, 33210, 3.73, 1095, 34983, 3.76, 1099, 35175, 3.86, 1074, 33396, 4.74, 1109, 35582, 4.75, 1106, 34274, 9.31, 1109, 35582, 9.32, 1109, 35582, 9.32
h_060, 8190, 110532, 0.00, 6408, 85910, 0.01, 4080, 36777, 0.24, 2408, 14238, 1.80, 2619, 17234, 2.92, 4479, 41232, 3.31, 4211, 37600, 3.91, 5507, 66127, 4.05, 2699, 21483, 4.25, 6408, 85910, 4.25, 5872, 56237, 4.35, 6408, 85910, 4.35, 6408, 85910, 4.36
h_061, 8183, 112798, 0.00, 6468, 87485, 0.01, 4174, 38212, 0.36, 2495, 14569, 2.11, 2664, 16883, 3.48, 4450, 39730, 3.86, 3976, 35381, 4.70, 5135, 61389, 4.91, 2731, 20734, 5.24, 6468, 87485, 5.25, 5933, 56144, 5.42, 6468, 87485, 5.43, 6468, 87485, 5.44
h_062, 16309, 104900, 0.00, 13666, 93253, 0.01, 8524, 46712, 0.20, 6560, 29814, 1.60, 6564, 29869, 2.80, 9330, 57271, 3.18, 9610, 58243, 3.40, 9367, 56275, 3.62, 6848, 39578, 3.98, 13666, 93253, 4.00, 12618, 71548, 4.09, 13666, 93253, 4.11, 13666, 93253, 4.13
h_063, 36682, 88328, 0.00, 5041, 28001, 0.01, 5041, 27997, 0.03, 5041, 27997, 0.58, 5041, 27997, 0.61, 5041, 28001, 0.62, 5041, 28001, 0.62, 5041, 28001, 0.63, 5041, 28001, 0.83, 5041, 28001, 0.83, 5041, 28000, 1.06, 5041, 28001, 1.06, 5041, 28001, 1.07
h_064, 23131, 107151, 0.00, 21567, 104678, 0.02, 5371, 19656, 0.05, 5371, 19656, 0.36, 5371, 19656, 0.42, 21567, 104678, 0.44, 5371, 19656, 2.91, 21567, 104678, 9.64, 21567, 104678, 109.70, 21567, 104678, 109.72, 19341, 76294, 121.72, 21567, 104678, 121.74, 21567, 104678, 121.76
h_065, 26475, 106762, 0.00, 6, 12, 0.03, 6, 12, 0.03, 6, 12, 0.03, 6, 12, 0.03, 6, 12, 0.03, 6, 12, 0.03, 6, 12, 0.03, 6, 12, 0.03, 6, 12, 0.03, 6, 12, 0.03, 6, 12, 0.03, 6, 12, 0.03
h_066, 16357, 119886, 0.00, 15159, 114493, 0.01, 11023, 70020, 0.21, 8242, 40788, 1.20, 8242, 40793, 2.03, 10337, 66643, 2.47, 11884, 78847, 2.72, 11778, 78078, 3.00, 8366, 50741, 3.41, 15159, 114493, 3.43, 14735, 97868, 3.54, 15159, 114493, 3.56, 15159, 114493, 3.58
h_067, 8191, 138733, 0.00, 7974, 135505, 0.01, 7622, 110477, 0.29, 6827, 76464, 7.69, 7002, 85833, 11.92, 7522, 114647, 12.23, 7425, 108532, 12.63, 7460, 115312, 13.07, 6969, 96401, 13.94, 7974, 135505, 13.95, 7922, 108132, 14.37, 7974, 135505, 14.38, 7974, 135505, 14.38
h_068, 25678, 121390, 0.00, 24284, 119261, 0.02, 5397, 19780, 0.06, 5397, 19780, 0.38, 5397, 19780, 0.44, 24284, 119261, 0.47, 5397, 19780, 3.88, 24282, 119250, 25.64, 24280, 119246, 175.77, 24284, 119261, 175.80, 22036, 87414, 192.65, 24284, 119261, 192.66, 24284, 119261, 192.68
h_069, 8187, 156904, 0.00, 8118, 156328, 0.01, 8033, 143696, 0.31, 7917, 138586, 3.66, 7923, 139958, 5.79, 8023, 153881, 5.91, 8017, 153567, 6.08, 8016, 153716, 6.18, 7962, 152599, 6.43, 8118, 156328, 6.44, 8106, 147462, 6.81, 8118, 156328, 6.82, 8118, 156328, 6.83
h_070, 8192, 168293, 0.00, 8192, 168293, 0.01, 8192, 168293, 0.09, 8192, 168293, 2.78, 8192, 168293, 2.91, 8192, 168293, 2.92, 8192, 168293, 2.94, 8192, 168293, 2.96, 8192, 168293, 4.01, 8192, 168293, 4.02, 8192, 168293, 4.55, 8192, 168293, 4.56, 8192, 168293, 4.57
h_071, 8192, 168714, 0.00, 8185, 168612, 0.01, 8131, 143821, 0.17, 6846, 85142, 3.87, 6886, 86866, 6.77, 7412, 120147, 7.58, 7210, 112321, 8.54, 7548, 136140, 8.74, 6918, 103787, 9.12, 8185, 168612, 9.14, 8185, 143404, 9.23, 8185, 168612, 9.25, 8185, 168612, 9.26
h_072, 32078, 149020, 0.00, 29907, 145557, 0.02, 7308, 26795, 0.08, 7308, 26795, 0.54, 7308, 26795, 0.61, 29907, 145557, 0.65, 7308, 26795, 4.98, 29898, 145515, 39.91, 29902, 145527, 190.04, 29907, 145557, 190.07, 26878, 106231, 203.52, 29907, 145557, 203.56, 29907, 145557, 203.59
h_073, 16362, 166938, 0.00, 14889, 158137, 0.01, 14486, 145950, 0.42, 14201, 141104, 10.03, 14341, 143768, 12.20, 14631, 154808, 12.30, 14588, 154744, 12.45, 14634, 155300, 12.73, 14546, 154066, 14.06, 14889, 158137, 14.07, 14738, 149831, 16.05, 14889, 158137, 16.07, 14889, 158137, 16.09
h_074, 16370, 169955, 0.00, 14826, 156883, 0.01, 10383, 85143, 0.73, 6802, 40000, 4.88, 6988, 41743, 7.42, 10369, 85776, 7.92, 9711, 76766, 8.44, 9738, 79140, 8.80, 7280, 54760, 9.29, 14826, 156883, 9.31, 14126, 120413, 9.44, 14826, 156883, 9.45, 14826, 156883, 9.47
h_075, 34978, 169522, 0.00, 33733, 167746, 0.03, 6272, 22917, 0.08, 6272, 22917, 0.49, 6272, 22917, 0.57, 33733, 167746, 0.61, 6272, 22917, 6.07, 33733, 167746, 28.44, 33733, 167746, 128.55, 33733, 167746, 128.59, 30940, 123982, 155.83, 33733, 167746, 155.87, 33733, 167746, 155.91
h_076, 36705, 170621, 0.00, 34231, 166748, 0.04, 8543, 31076, 0.14, 8543, 31076, 1.07, 8543, 31076, 1.21, 34231, 166748, 1.28, 8543, 31076, 7.12, 34229, 166739, 33.67, 34231, 166748, 133.74, 34231, 166748, 133.77, 30843, 121624, 156.75, 34231, 166748, 156.78, 34231, 166748, 156.81
h_077, 62586, 147892, 0.00, 8094, 44445, 0.03, 8083, 44392, 0.07, 8083, 44392, 0.74, 8083, 44392, 0.81, 8094, 44445, 0.82, 8094, 44445, 0.83, 8094, 44445, 0.84, 8094, 44445, 1.18, 8094, 44445, 1.18, 8091, 44437, 1.74, 8094, 44445, 1.75, 8094, 44445, 1.76
h_078, 8191, 204075, 0.00, 8180, 203963, 0.01, 8175, 199081, 0.17, 8160, 198079, 2.86, 8168, 198713, 3.55, 8171, 203652, 3.65, 8170, 203592, 3.78, 8166, 203491, 3.99, 8164, 203395, 4.26, 8180, 203963, 4.27, 8180, 200641, 4.72, 8180, 203963, 4.73, 8180, 203963, 4.74
h_079, 16382, 216334, 0.00, 16017, 213524, 0.02, 15858, 198257, 0.33, 15653, 192515, 8.81, 15717, 195516, 11.38, 15892, 211004, 11.49, 15873, 210602, 11.71, 15876, 210971, 11.96, 15816, 209966, 12.90, 16017, 213524, 12.93, 15969, 202507, 14.27, 16017, 213524, 14.29, 16017, 213524, 14.31
h_080, 24759, 227991, 0.00, 5, 10, 0.11, 5, 10, 0.11, 5, 10, 0.11, 5, 10, 0.11, 5, 10, 0.11, 5, 10, 0.11, 5, 10, 0.11, 5, 10, 0.11, 5, 10, 0.11, 5, 10, 0.11, 5, 10, 0.11, 5, 10, 0.11
h_081, 32662, 224254, 0.00, 23933, 141500, 0.30, 23896, 141300, 0.56, 23882, 141172, 0.99, 23868, 141130, 1.53, 23891, 141296, 1.92, 23896, 141292, 2.31, 23894, 141256, 2.69, 23874, 141150, 2.98, 23878, 141124, 3.35, 23898, 141256, 3.75, 23897, 141342, 4.28, 23914, 141374, 4.60
h_082, 48665, 222764, 0.00, 44735, 216441, 0.04, 11877, 43419, 0.12, 11877, 43419, 0.94, 11877, 43419, 1.07, 44735, 216441, 1.12, 11877, 43419, 10.00, 44733, 216432, 44.33, 44733, 216432, 194.51, 44735, 216441, 194.56, 39930, 156970, 221.34, 44735, 216441, 221.38, 44735, 216441, 221.41
h_083, 32735, 256256, 0.00, 30893, 247080, 0.03, 24661, 164765, 0.40, 19872, 108095, 3.26, 19876, 108147, 5.88, 23937, 168834, 6.96, 25176, 179877, 7.58, 25098, 179052, 8.21, 20139, 133793, 9.32, 30893, 247080, 9.35, 30078, 210591, 9.56, 30893, 247080, 9.59, 30893, 247080, 9.62
h_084, 16383, 273584, 0.00, 14952, 243441, 0.02, 10832, 114331, 0.76, 6505, 42475, 7.76, 6897, 47334, 13.01, 10801, 108572, 14.63, 9620, 89858, 19.49, 13566, 202829, 19.98, 7004, 59081, 20.75, 14952, 243441, 20.78, 14442, 177810, 21.15, 14952, 243441, 21.18, 14952, 243441, 21.20
h_085, 16384, 283794, 0.00, 16363, 283600, 0.02, 16306, 253838, 0.37, 16009, 239064, 4.50, 16023, 243929, 7.72, 16189, 278130, 7.99, 16163, 277131, 8.33, 16112, 275472, 8.65, 16033, 273477, 9.46, 16363, 283600, 9.48, 16353, 251196, 9.73, 16363, 283600, 9.76, 16363, 283600, 9.79
h_086, 8192, 295951, 0.00, 8173, 295758, 0.01, 8173, 294698, 0.15, 8171, 294479, 34.56, 8171, 294611, 35.31, 8171, 295673, 35.39, 8171, 295673, 35.49, 8171, 295673, 35.60, 8171, 295673, 36.00, 8173, 295758, 36.01, 8173, 294907, 45.62, 8173, 295758, 45.63, 8173, 295758, 45.64
h_087, 58960, 269439, 0.00, 54119, 261749, 0.05, 14650, 53593, 0.15, 14650, 53593, 1.19, 14650, 53593, 1.36, 54117, 261736, 1.51, 14650, 53593, 17.48, 54109, 261694, 128.05, 54119, 261749, 228.19, 54119, 261749, 228.24, 48377, 189934, 284.19, 54119, 261749, 284.23, 54119, 261749, 284.27
h_088, 60892, 286474, 0.00, 57367, 281017, 0.05, 12900, 47422, 0.15, 12900, 47422, 1.19, 12900, 47422, 1.34, 57367, 281017, 1.41, 12900, 47422, 15.40, 57364, 281003, 108.23, 57362, 280995, 258.54, 57367, 281017, 258.62, 51891, 205612, 312.69, 57367, 281017, 312.74, 57367, 281017, 312.79
h_089, 8192, 358201, 0.00, 8192, 358201, 0.01, 8192, 351705, 0.34, 8191, 351194, 10.65, 8191, 351643, 11.56, 8192, 358201, 11.60, 8191, 358145, 11.68, 8191, 358145, 11.80, 8191, 358145, 12.30, 8192, 358201, 12.31, 8192, 353992, 17.29, 8192, 358201, 17.30, 8192, 358201, 17.32
h_090, 16382, 353824, 0.00, 16220, 352445, 0.02, 16197, 349054, 0.35, 16179, 348277, 4.27, 16179, 348541, 6.04, 16198, 351835, 6.18, 16201, 351934, 6.36, 16202, 351987, 6.48, 16193, 351704, 6.97, 16220, 352445, 6.99, 16216, 350069, 8.84, 16220, 352445, 8.86, 16220, 352445, 8.88
h_091, 16384, 354031, 0.00, 16220, 352560, 0.03, 16200, 349181, 0.38, 16196, 348692, 3.62, 16196, 349039, 4.54, 16201, 352160, 4.67, 16206, 352248, 4.79, 16206, 352248, 4.91, 16198, 352096, 5.40, 16220, 352560, 5.42, 16220, 350144, 6.33, 16220, 352560, 6.35, 16220, 352560, 6.37
h_092, 63674, 306833, 0.00, 61115, 302870, 0.05, 11959, 43682, 0.16, 11959, 43682, 1.10, 11959, 43682, 1.25, 61115, 302870, 1.33, 11959, 43682, 16.95, 61112, 302857, 122.56, 61115, 302870, 222.77, 61115, 302870, 222.85, 55900, 223421, 287.49, 61115, 302870, 287.54, 61115, 302870, 287.59
h_093, 32748, 363878, 0.00, 31835, 357988, 0.03, 30418, 296031, 0.63, 29423, 271969, 9.50, 29537, 278550, 14.26, 30816, 341931, 14.93, 30641, 340423, 15.70, 30355, 336104, 16.22, 29656, 325857, 17.31, 31835, 357988, 17.34, 31431, 308171, 17.95, 31835, 357988, 17.98, 31835, 357988, 18.01
h_094, 68946, 335845, 0.00, 66705, 332553, 0.06, 12115, 44357, 0.18, 12115, 44357, 1.51, 12115, 44357, 1.79, 66705, 332553, 1.94, 12115, 44357, 19.42, 66701, 332526, 178.72, 66705, 332553, 278.87, 66705, 332553, 278.92, 61272, 246036, 359.26, 66705, 332553, 359.32, 66705, 332553, 359.37
h_095, 32759, 409363, 0.00, 32465, 407264, 0.03, 31815, 361814, 0.30, 31064, 345459, 2.36, 31064, 345467, 3.73, 31454, 388402, 4.40, 31828, 394912, 4.77, 31824, 394729, 5.15, 31082, 381783, 6.11, 32465, 407264, 6.14, 32403, 379595, 6.34, 32465, 407264, 6.37, 32465, 407264, 6.42
h_096, 34546, 421534, 0.00, 2559, 27350, 0.11, 0, 0, 0.12, 0, 0, 0.12, 0, 0, 0.13, 68, 474, 0.15, 675, 5736, 0.25, 2386, 24867, 27.84, 2541, 27081, 216.74, 2559, 27350, 216.74, 31, 71, 252.78, 2559, 27350, 252.78, 2559, 27350, 252.78
h_097, 16381, 458925, 0.00, 16051, 455835, 0.02, 16031, 454823, 0.33, 16026, 454615, 5.39, 16026, 454675, 6.22, 16033, 455392, 6.39, 16042, 455606, 6.54, 16043, 455627, 6.65, 16034, 455405, 7.17, 16051, 455835, 7.20, 16049, 455093, 8.40, 16051, 455835, 8.43, 16051, 455835, 8.46
h_098, 32766, 503494, 0.00, 32475, 501156, 0.04, 32294, 470278, 0.89, 32106, 461601, 16.01, 32154, 466546, 20.37, 32282, 497240, 20.67, 32299, 497260, 21.07, 32306, 497660, 21.46, 32213, 496111, 23.36, 32475, 501156, 23.40, 32435, 478766, 25.45, 32475, 501156, 25.48, 32475, 501156, 25.52
h_099, 97898, 447979, 0.00, 89898, 435171, 0.08, 23963, 88122, 0.26, 23963, 88122, 3.55, 23963, 88122, 3.97, 89898, 435171, 4.17, 23963, 88122, 44.72, 89898, 435171, 144.89, 89898, 435171, 245.17, 89898, 435171, 245.29, 80353, 315713, 363.26, 89898, 435171, 363.38, 89898, 435171, 363.50
h_100, 75879, 508837, 0.00, 3882, 41339, 0.17, 690, 5803, 0.25, 535, 3729, 128.77, 537, 3950, 128.84, 1195, 13296, 128.90, 2179, 19820, 129.07, 3559, 38140, 160.93, 1764, 20913, 293.94, 3882, 41339, 293.94, 3663, 37328, 487.91, 3882, 41339, 487.92, 3882, 41339, 487.92
h_101, 65531, 618237, 0.00, 64757, 613941, 0.06, 59136, 508459, 0.83, 46916, 316924, 7.68, 46917, 316948, 14.37, 50015, 391428, 17.93, 57956, 502538, 19.09, 57976, 502568, 20.03, 47004, 358034, 22.40, 64757, 613941, 22.45, 64550, 578302, 22.82, 64757, 613941, 22.87, 64757, 613941, 22.93
h_102, 265009, 418956, 0.00, 3, 6, 0.35, 0, 0, 0.36, 0, 0, 0.36, 0, 0, 0.36, 0, 0, 0.36, 0, 0, 0.36, 0, 0, 0.36, 0, 0, 0.36, 0, 0, 0.36, 0, 0, 0.36, 0, 0, 0.36, 0, 0, 0.36
h_103, 157222, 544621, 0.00, 0, 0, 0.37, 0, 0, 0.38, 0, 0, 0.38, 0, 0, 0.38, 0, 0, 0.38, 0, 0, 0.38, 0, 0, 0.38, 0, 0, 0.38, 0, 0, 0.38, 0, 0, 0.38, 0, 0, 0.38, 0, 0, 0.38
h_104, 65499, 640429, 0.00, 64203, 632581, 0.06, 61310, 547514, 0.90, 58551, 497289, 6.31, 58551, 497291, 9.92, 59876, 567142, 11.75, 62070, 599799, 12.60, 62052, 599516, 13.38, 58598, 550281, 16.60, 64203, 632581, 16.69, 63952, 594268, 17.10, 64203, 632581, 17.20, 64203, 632581, 17.29
h_105, 65536, 652583, 0.00, 65181, 650588, 0.06, 61067, 579859, 0.58, 44909, 306105, 5.65, 44909, 306105, 9.97, 45943, 339843, 12.77, 61473, 580513, 13.67, 61476, 580471, 15.05, 44918, 328861, 17.55, 65181, 650588, 17.61, 65148, 638271, 17.85, 65181, 650588, 17.91, 65181, 650588, 17.97
h_106, 65530, 654158, 0.00, 65171, 652179, 0.06, 60032, 572310, 0.66, 43613, 295229, 6.34, 43613, 295229, 11.41, 44794, 329865, 14.83, 61533, 583696, 16.29, 61480, 583255, 17.22, 43635, 317545, 19.36, 65171, 652179, 19.47, 65132, 639792, 19.78, 65171, 652179, 19.84, 65171, 652179, 19.90
h_107, 32763, 699385, 0.00, 32333, 695314, 0.04, 32276, 690365, 0.75, 32259, 689482, 10.69, 32266, 689937, 12.92, 32280, 693877, 13.12, 32304, 694624, 13.37, 32305, 694613, 13.70, 32274, 693757, 15.13, 32333, 695314, 15.19, 32328, 692079, 18.58, 32333, 695314, 18.62, 32333, 695314, 18.66
h_108, 65536, 688044, 0.00, 35017, 207388, 0.65, 35017, 207388, 1.10, 35017, 207388, 1.91, 35017, 207388, 2.52, 35017, 207388, 3.19, 35003, 207328, 3.71, 35017, 207388, 4.14, 35017, 207388, 4.63, 35017, 207388, 5.05, 35017, 207388, 5.50, 35017, 207388, 6.08, 35017, 207388, 6.72
h_109, 8192, 839576, 0.00, 8192, 839576, 0.02, 8192, 839248, 0.31, 8192, 839200, 59.71, 8192, 839248, 60.31, 8192, 839576, 60.39, 8192, 839576, 60.53, 8192, 839576, 60.73, 8192, 839576, 62.03, 8192, 839576, 62.07, 8192, 839271, 71.50, 8192, 839576, 71.53, 8192, 839576, 71.55
h_110, 32768, 826394, 0.00, 32680, 825409, 0.04, 32667, 819212, 0.72, 32650, 818155, 40.40, 32660, 818945, 43.18, 32665, 824898, 43.53, 32668, 825016, 43.81, 32667, 824974, 44.09, 32661, 824774, 45.47, 32680, 825409, 45.54, 32678, 821220, 53.57, 32680, 825409, 53.64, 32680, 825409, 53.70
h_111, 77360, 828161, 0.00, 925, 2389, 0.12, 26, 54, 0.12, 26, 54, 0.12, 26, 54, 0.12, 26, 54, 0.12, 925, 2389, 0.12, 925, 2389, 0.12, 26, 54, 0.12, 925, 2389, 0.12, 925, 2384, 0.12, 925, 2389, 0.12, 925, 2389, 0.12
h_112, 8192, 944523, 0.00, 8192, 944523, 0.02, 8192, 940889, 0.62, 8191, 940554, 220.77, 8191, 940694, 221.87, 8191, 944326, 222.01, 8191, 944326, 222.31, 8191, 944326, 222.62, 8191, 944326, 224.66, 8192, 944523, 224.69, 8192, 942214, 316.09, 8192, 944523, 316.12, 8192, 944523, 316.14
h_113, 192409, 854377, 0.00, 3, 6, 0.72, 0, 0, 0.73, 0, 0, 0.73, 0, 0, 0.73, 0, 0, 0.73, 0, 0, 0.73, 0, 0, 0.73, 0, 0, 0.73, 0, 0, 0.73, 0, 0, 0.73, 0, 0, 0.73, 0, 0, 0.73
h_114, 187341, 865700, 0.00, 173693, 844287, 0.22, 43852, 160915, 0.77, 43852, 160915, 7.68, 43852, 160915, 8.68, 173693, 844287, 9.18, 43852, 160915, 202.22, 173693, 844287, 302.52, 173693, 844287, 403.10, 173693, 844287, 403.30, 173116, 837035, 610.87, 173693, 844287, 611.06, 173693, 844287, 611.22
h_115, 262111, 1234877, 0.00, 131231, 576758, 0.28, 7838, 24254, 0.87, 5972, 13480, 2.14, 5991, 13557, 3.43, 7856, 23934, 4.62, 60499, 214354, 7.39, 60578, 215534, 10.64, 6044, 17141, 15.32, 131231, 576758, 15.41, 103242, 345372, 17.39, 131231, 576758, 17.48, 131231, 576758, 17.58
h_116, 299580, 1363755, 0.00, 274030, 1322966, 0.53, 75285, 275881, 1.69, 75285, 275881, 14.93, 75285, 275881, 16.20, 274030, 1322966, 16.98, 75285, 275881, 602.76, 274030, 1322966, 703.40, 274028, 1322959, 854.62, 274030, 1322966, 854.90, 273403, 1315400, 1066.60, 274030, 1322966, 1066.96, 274030, 1322966, 1067.26
h_117, 325729, 1469679, 0.00, 53155, 780225, 0.74, 33362, 583613, 1.39, 32742, 572102, 323.14, 32843, 578636, 325.44, 35067, 627381, 336.12, 42554, 673203, 376.49, 49899, 744425, 584.93, 46143, 712301, 788.00, 53155, 780225, 788.06, 50157, 710334, 990.70, 53155, 780225, 990.75, 53155, 780225, 990.79
h_118, 81306, 1768135, 0.00, 51620, 1242460, 0.20, 11505, 167566, 3.16, 6821, 69333, 804.76, 7016, 75566, 817.99, 20303, 325348, 833.55, 21451, 335150, 917.41, 46685, 1096340, 921.21, 26411, 471711, 938.93, 51620, 1242460, 939.01, 40325, 765016, 984.53, 51620, 1242460, 984.60, 51620, 1242460, 984.68
h_119, 342573, 1619304, 0.00, 323730, 1590029, 0.41, 71796, 262729, 1.53, 71796, 262729, 15.82, 71796, 262729, 17.37, 323730, 1590029, 18.34, 71796, 262729, 927.27, 323730, 1590029, 1028.03, 323730, 1590029, 1129.35, 323730, 1590029, 1129.83, 323079, 1581222, 1341.39, 323730, 1590029, 1341.93, 323730, 1590029, 1342.56
h_120, 32768, 2049515, 0.00, 32174, 2039595, 0.12, 32165, 2037874, 2.12, 32165, 2037824, 13.51, 32165, 2037874, 16.45, 32166, 2038991, 16.89, 32172, 2039486, 17.35, 32172, 2039486, 17.80, 32166, 2038991, 22.46, 32174, 2039595, 22.54, 32174, 2038364, 25.56, 32174, 2039595, 25.64, 32174, 2039595, 25.72
h_121, 16384, 2076651, 0.00, 16384, 2076651, 0.06, 16384, 2074086, 1.80, 16384, 2073945, 17.29, 16384, 2074086, 20.10, 16384, 2076651, 20.38, 16384, 2076651, 20.81, 16384, 2076651, 21.38, 16384, 2076651, 24.68, 16384, 2076651, 24.78, 16384, 2074825, 30.25, 16384, 2076651, 30.31, 16384, 2076651, 30.38
h_122, 2048, 2097152, 0.00, 2048, 2097152, 0.05, 2048, 2097152, 4.06, 2048, 2097152, 142.27, 2048, 2097152, 153.07, 2048, 2097152, 153.26, 2048, 2097152, 154.10, 2048, 2097152, 154.86, 2048, 2097152, 180.94, 2048, 2097152, 181.01, 2048, 2097152, 182.81, 2048, 2097152, 182.88, 2048, 2097152, 182.96
h_123, 4096, 2097152, 0.00, 4096, 2097152, 0.04, 4096, 2097152, 3.57, 4096, 2097152, 123.27, 4096, 2097152, 130.93, 4096, 2097152, 131.03, 4096, 2097152, 131.15, 4096, 2097152, 131.28, 4096, 2097152, 141.72, 4096, 2097152, 141.76, 4096, 2097152, 143.78, 4096, 2097152, 143.85, 4096, 2097152, 143.91
h_124, 8192, 2097152, 0.00, 8192, 2097152, 0.05, 8192, 2097152, 2.57, 8192, 2097152, 17.77, 8192, 2097152, 22.54, 8192, 2097152, 22.68, 8192, 2097152, 22.86, 8192, 2097152, 23.05, 8192, 2097152, 28.85, 8192, 2097152, 28.90, 8192, 2097152, 31.07, 8192, 2097152, 31.12, 8192, 2097152, 31.18
h_125, 16384, 2097152, 0.00, 16384, 2097152, 0.08, 16384, 2097152, 2.48, 16384, 2097152, 19.30, 16384, 2097152, 22.16, 16384, 2097152, 22.29, 16384, 2097152, 22.47, 16384, 2097152, 22.66, 16384, 2097152, 30.37, 16384, 2097152, 30.50, 16384, 2097152, 35.53, 16384, 2097152, 35.67, 16384, 2097152, 35.80
h_126, 65536, 2048311, 0.00, 65513, 2047962, 0.11, 65502, 2025125, 2.36, 65495, 2023390, 47.35, 65495, 2024784, 53.51, 65497, 2047367, 54.48, 65501, 2047486, 55.01, 65503, 2047630, 55.53, 65499, 2047509, 58.26, 65513, 2047962, 58.37, 65511, 2033878, 72.15, 65513, 2047962, 72.26, 65513, 2047962, 72.36
h_127, 32768, 2128971, 0.00, 32764, 2128921, 0.07, 32762, 2127714, 1.55, 32762, 2127644, 52.39, 32762, 2127714, 54.27, 32762, 2128795, 54.62, 32762, 2128795, 55.13, 32762, 2128795, 55.64, 32762, 2128795, 59.68, 32764, 2128921, 59.76, 32764, 2128150, 68.97, 32764, 2128921, 69.05, 32764, 2128921, 69.12
h_128, 32768, 2130600, 0.00, 32764, 2130565, 0.07, 32764, 2129479, 1.47, 32764, 2129414, 13.37, 32764, 2129479, 15.87, 32764, 2130565, 16.18, 32764, 2130565, 16.46, 32764, 2130565, 16.75, 32764, 2130565, 19.02, 32764, 2130565, 19.14, 32764, 2129772, 23.36, 32764, 2130565, 23.48, 32764, 2130565, 23.60
h_129, 32768, 2148521, 0.00, 32768, 2148521, 0.11, 32768, 2148521, 2.00, 32768, 2148521, 38.90, 32768, 2148521, 42.09, 32768, 2148521, 42.35, 32768, 2148521, 42.71, 32768, 2148521, 43.07, 32768, 2148521, 65.20, 32768, 2148521, 65.31, 32768, 2148521, 77.00, 32768, 2148521, 77.17, 32768, 2148521, 77.34
h_130, 16384, 2192284, 0.00, 16384, 2192284, 0.06, 16384, 2172703, 2.35, 16384, 2172032, 52.62, 16384, 2172693, 58.23, 16384, 2192284, 58.48, 16384, 2192284, 59.29, 16384, 2192284, 60.08, 16384, 2192284, 63.46, 16384, 2192284, 63.56, 16384, 2180009, 92.20, 16384, 2192284, 92.30, 16384, 2192284, 92.39
h_131, 16384, 2194576, 0.00, 16384, 2194576, 0.06, 16384, 2174477, 1.97, 16384, 2173797, 47.13, 16384, 2174471, 51.75, 16384, 2194576, 52.09, 16384, 2194576, 52.70, 16384, 2194576, 53.48, 16384, 2194576, 56.83, 16384, 2194576, 56.89, 16384, 2182138, 82.97, 16384, 2194576, 83.07, 16384, 2194576, 83.18
h_132, 65536, 2184865, 0.00, 65535, 2184855, 0.10, 65528, 2146479, 1.80, 65518, 2143629, 32.46, 65520, 2146126, 40.04, 65522, 2184299, 41.51, 65521, 2184293, 42.69, 65521, 2184293, 43.71, 65519, 2184202, 46.75, 65535, 2184855, 46.85, 65533, 2160682, 56.64, 65535, 2184855, 56.74, 65535, 2184855, 56.85
h_133, 131065, 2130456, 0.00, 130077, 2122014, 0.18, 129762, 2045613, 4.08, 129488, 2030078, 82.76, 129534, 2039514, 103.08, 129729, 2114609, 104.70, 129801, 2116149, 106.78, 129810, 2116397, 108.13, 129664, 2113056, 112.33, 130077, 2122014, 112.57, 130029, 2069802, 126.73, 130077, 2122014, 126.95, 130077, 2122014, 127.21
h_134, 131065, 2131741, 0.00, 129996, 2122528, 0.16, 129570, 2044096, 4.50, 129256, 2027754, 95.95, 129305, 2037346, 121.29, 129555, 2113009, 124.61, 129656, 2115384, 127.37, 129678, 2115787, 130.28, 129463, 2111142, 137.81, 129996, 2122528, 137.99, 129929, 2069783, 156.70, 129996, 2122528, 156.88, 129996, 2122528, 157.05
h_135, 32768, 2235835, 0.00, 32455, 2230585, 0.08, 32439, 2228690, 2.08, 32435, 2228247, 16.93, 32435, 2228281, 23.03, 32436, 2229306, 23.54, 32445, 2230049, 24.28, 32445, 2230049, 25.02, 32436, 2229306, 31.37, 32455, 2230585, 31.45, 32455, 2229444, 35.26, 32455, 2230585, 35.35, 32455, 2230585, 35.44
h_136, 32768, 2240608, 0.00, 32457, 2234920, 0.09, 32451, 2233599, 1.90, 32450, 2233409, 16.67, 32450, 2233460, 22.55, 32452, 2234567, 23.04, 32452, 2234567, 23.58, 32452, 2234567, 24.11, 32452, 2234567, 29.11, 32457, 2234920, 29.23, 32457, 2233748, 32.76, 32457, 2234920, 32.84, 32457, 2234920, 32.93
h_137, 32768, 2241646, 0.00, 32415, 2236524, 0.09, 32406, 2234885, 1.25, 32405, 2234702, 15.36, 32405, 2234751, 19.95, 32405, 2235882, 20.73, 32409, 2236200, 21.69, 32409, 2236200, 22.43, 32405, 2235882, 27.33, 32415, 2236524, 27.41, 32415, 2235306, 30.80, 32415, 2236524, 30.89, 32415, 2236524, 30.98
h_138, 32768, 2270902, 0.00, 32767, 2270888, 0.08, 32767, 2268068, 1.26, 32767, 2267940, 70.37, 32767, 2268068, 72.80, 32767, 2270888, 73.03, 32767, 2270888, 73.36, 32767, 2270888, 73.71, 32767, 2270888, 76.29, 32767, 2270888, 76.42, 32767, 2269070, 95.20, 32767, 2270888, 95.33, 32767, 2270888, 95.47
h_139, 16384, 2293868, 0.00, 16012, 2222774, 0.81, 16012, 2222774, 1.58, 16012, 2222774, 6.73, 16012, 2222774, 8.23, 16012, 2222774, 9.07, 16012, 2222774, 9.79, 16012, 2222774, 10.35, 16012, 2222774, 13.53, 16012, 2222774, 14.28, 16012, 2222774, 14.95, 16012, 2222774, 15.42, 16012, 2222774, 15.89
h_140, 131068, 2199584, 0.00, 128579, 2121072, 0.16, 90966, 989004, 5.59, 39201, 184347, 37.80, 39318, 185511, 70.11, 54080, 358010, 87.69, 71171, 507659, 160.32, 116349, 1752702, 164.11, 40851, 244142, 168.36, 128579, 2121072, 168.50, 127522, 1828180, 170.40, 128579, 2121072, 170.55, 128579, 2121072, 170.69
h_141, 65536, 2321780, 0.00, 65533, 2321715, 0.11, 65528, 2256565, 2.66, 65492, 2249616, 44.39, 65496, 2254555, 56.13, 65509, 2320488, 57.08, 65511, 2320396, 57.93, 65514, 2320533, 59.42, 65505, 2320152, 64.70, 65533, 2321715, 64.88, 65531, 2279087, 72.77, 65533, 2321715, 72.89, 65533, 2321715, 73.07
h_142, 131069, 2294338, 0.00, 130569, 2289798, 0.17, 130333, 2195393, 4.25, 130081, 2177664, 82.22, 130113, 2188868, 110.67, 130304, 2283553, 113.12, 130290, 2283213, 115.65, 130292, 2283622, 117.27, 130219, 2281735, 124.31, 130569, 2289798, 124.57, 130527, 2224976, 140.13, 130569, 2289798, 140.30, 130569, 2289798, 140.47
h_143, 32768, 2412833, 0.00, 32768, 2412833, 0.08, 32768, 2404317, 1.83, 32767, 2403970, 189.18, 32767, 2404218, 193.20, 32768, 2412833, 193.46, 32768, 2412833, 193.83, 32768, 2412833, 194.25, 32768, 2412833, 196.94, 32768, 2412833, 197.02, 32768, 2407725, 246.55, 32768, 2412833, 246.65, 32768, 2412833, 246.75
h_144, 32768, 2416672, 0.00, 32768, 2416672, 0.08, 32768, 2408228, 1.49, 32765, 2407732, 153.91, 32767, 2408098, 157.03, 32767, 2416543, 157.49, 32767, 2416543, 158.59, 32767, 2416543, 159.48, 32766, 2416463, 165.23, 32768, 2416672, 165.37, 32768, 2411574, 187.49, 32768, 2416672, 187.57, 32768, 2416672, 187.66
h_145, 32768, 2416820, 0.00, 32768, 2416820, 0.08, 32768, 2408190, 1.55, 32768, 2407948, 29.63, 32768, 2408190, 32.90, 32768, 2416820, 33.30, 32768, 2416820, 33.84, 32768, 2416820, 34.22, 32768, 2416820, 36.54, 32768, 2416820, 36.63, 32768, 2411733, 48.78, 32768, 2416820, 48.92, 32768, 2416820, 49.06
h_146, 131071, 2322563, 0.00, 130160, 2288810, 0.18, 96678, 1190002, 4.77, 34905, 148820, 31.14, 34934, 149003, 53.15, 41959, 233820, 64.57, 77085, 553200, 232.77, 119034, 1935908, 237.06, 35715, 186610, 241.28, 130160, 2288810, 241.43, 129816, 2081997, 243.13, 130160, 2288810, 243.38, 130160, 2288810, 243.63
h_147, 32768, 2422154, 0.00, 32592, 2418187, 0.14, 32588, 2417389, 2.02, 32588, 2417355, 15.57, 32588, 2417389, 18.82, 32588, 2418000, 19.42, 32588, 2418000, 20.36, 32588, 2418000, 21.28, 32588, 2418000, 27.63, 32592, 2418187, 27.78, 32592, 2417531, 32.16, 32592, 2418187, 32.30, 32592, 2418187, 32.44
h_148, 432535, 2038645, 0.00, 408231, 2000993, 1.03, 91817, 336100, 2.98, 91817, 336100, 21.58, 91817, 336100, 23.96, 408231, 2000993, 25.23, 91817, 336100, 1737.46, 408231, 2000993, 1838.44, 408231, 2000993, 1939.94, 408231, 2000993, 1940.77, 408050, 1998688, 2157.09, 408231, 2000993, 2157.66, 408231, 2000993, 2158.15
h_149, 131071, 2340382, 0.00, 130213, 2313856, 0.17, 98422, 1235631, 4.73, 35048, 150979, 31.37, 35124, 151462, 58.57, 42135, 236150, 70.97, 76748, 555725, 362.28, 120106, 2001351, 366.46, 35704, 187985, 371.27, 130213, 2313856, 371.43, 129846, 2094924, 372.87, 130213, 2313856, 373.03, 130213, 2313856, 373.19
h_150, 65536, 2456589, 0.00, 65536, 2456589, 0.10, 65536, 2350296, 2.60, 65494, 2336553, 42.12, 65495, 2346664, 58.36, 65509, 2454760, 59.98, 65504, 2454452, 61.75, 65509, 2454848, 63.34, 65505, 2454638, 66.81, 65536, 2456589, 66.93, 65536, 2378520, 73.37, 65536, 2456589, 73.50, 65536, 2456589, 73.62
h_151, 65536, 2457973, 0.00, 65536, 2457973, 0.10, 65536, 2351158, 2.62, 65478, 2335265, 39.59, 65479, 2345997, 57.78, 65495, 2455086, 58.86, 65485, 2454509, 61.22, 65491, 2454999, 63.73, 65488, 2454754, 69.25, 65536, 2457973, 69.37, 65536, 2378976, 76.75, 65536, 2457973, 76.89, 65536, 2457973, 77.00
h_152, 65536, 2458355, 0.00, 65535, 2458351, 0.11, 65532, 2351854, 2.57, 65456, 2336233, 39.14, 65458, 2346369, 55.85, 65481, 2455023, 57.63, 65477, 2454648, 59.33, 65478, 2454800, 61.09, 65467, 2454339, 66.40, 65535, 2458351, 66.53, 65535, 2379670, 72.96, 65535, 2458351, 73.09, 65535, 2458351, 73.21
h_153, 32768, 2554765, 0.00, 32768, 2554765, 0.09, 32768, 2531231, 1.84, 32766, 2530340, 24.26, 32766, 2531048, 28.95, 32768, 2554765, 29.23, 32768, 2554765, 29.67, 32768, 2554765, 30.29, 32768, 2554765, 33.32, 32768, 2554765, 33.46, 32768, 2540573, 50.94, 32768, 2554765, 51.07, 32768, 2554765, 51.21
h_154, 32768, 2556720, 0.00, 32768, 2556720, 0.08, 32768, 2533362, 1.42, 32767, 2532371, 91.14, 32767, 2533227, 96.09, 32768, 2556720, 96.50, 32767, 2556588, 97.74, 32767, 2556588, 98.50, 32767, 2556588, 104.04, 32768, 2556720, 104.12, 32768, 2542570, 145.95, 32768, 2556720, 146.03, 32768, 2556720, 146.12
h_155, 131071, 2459701, 0.00, 130854, 2457829, 0.17, 130653, 2335334, 4.15, 130306, 2310151, 90.42, 130366, 2325882, 118.00, 130561, 2449569, 120.22, 130583, 2449733, 123.36, 130575, 2449972, 125.33, 130441, 2447014, 133.21, 130854, 2457829, 133.50, 130810, 2371509, 150.56, 130854, 2457829, 150.75, 130854, 2457829, 150.94
h_156, 32768, 2558829, 0.00, 32768, 2558829, 0.13, 32768, 2536077, 2.62, 32768, 2535323, 28.31, 32768, 2536076, 32.22, 32768, 2558829, 32.51, 32768, 2558829, 32.94, 32768, 2558829, 33.37, 32768, 2558829, 36.08, 32768, 2558829, 36.17, 32768, 2545093, 49.70, 32768, 2558829, 49.79, 32768, 2558829, 49.88
h_157, 281903, 2312497, 0.00, 84913, 797699, 14.74, 25953, 97379, 114.48, 24280, 79786, 223.92, 24498, 80816, 336.31, 29927, 159414, 452.56, 62915, 458979, 1080.83, 81395, 752137, 1241.24, 79041, 742916, 1445.64, 84913, 797699, 1445.71, 76580, 587365, 1648.01, 84913, 797699, 1648.07, 84913, 797699, 1648.14
h_158, 32768, 2614043, 0.00, 32691, 2612131, 0.10, 32682, 2610942, 1.51, 32680, 2610644, 19.31, 32680, 2610682, 25.46, 32680, 2611388, 26.35, 32689, 2612016, 27.41, 32689, 2612016, 28.46, 32680, 2611388, 34.93, 32691, 2612131, 35.05, 32691, 2611335, 40.69, 32691, 2612131, 40.85, 32691, 2612131, 41.00
h_159, 32768, 2621362, 0.00, 32677, 2619916, 0.17, 32670, 2618780, 2.14, 32670, 2618727, 17.25, 32670, 2618780, 21.17, 32670, 2619374, 21.86, 32673, 2619560, 22.99, 32673, 2619560, 23.86, 32670, 2619374, 30.04, 32677, 2619916, 30.18, 32677, 2619227, 34.96, 32677, 2619916, 35.11, 32677, 2619916, 35.26
h_160, 65536, 2593066, 0.00, 65536, 2593066, 0.12, 65536, 2470685, 2.23, 65136, 2440766, 17.32, 65136, 2440854, 28.64, 65173, 2565804, 31.13, 65225, 2569444, 32.96, 65216, 2568850, 35.72, 65137, 2563206, 40.83, 65536, 2593066, 40.97, 65536, 2487254, 41.97, 65536, 2593066, 42.10, 65536, 2593066, 42.24
h_161, 32768, 2684883, 0.00, 32768, 2684883, 0.14, 32768, 2684883, 2.76, 32768, 2684883, 48.79, 32768, 2684883, 53.24, 32768, 2684883, 53.46, 32768, 2684883, 53.74, 32768, 2684883, 54.04, 32768, 2684883, 77.26, 32768, 2684883, 77.45, 32768, 2684883, 90.50, 32768, 2684883, 90.64, 32768, 2684883, 90.78
h_162, 131072, 2587747, 0.00, 131072, 2587747, 0.16, 128, 1658, 1.08, 8, 16, 2.36, 8, 16, 3.76, 8, 17, 10.24, 130737, 2509975, 33.56, 130838, 2566636, 37.87, 8, 18, 40.71, 131072, 2587747, 40.99, 131072, 2558219, 42.39, 131072, 2587747, 42.57, 131072, 2587747, 42.75
h_163, 32768, 2696696, 0.00, 32768, 2696696, 0.08, 32768, 2638149, 3.00, 32763, 2633282, 24.51, 32763, 2637097, 31.70, 32764, 2696182, 32.52, 32763, 2696025, 33.70, 32764, 2696182, 34.71, 32764, 2696182, 40.27, 32768, 2696696, 40.41, 32768, 2655839, 46.00, 32768, 2696696, 46.15, 32768, 2696696, 46.30
h_164, 131072, 2620644, 0.00, 130663, 2614061, 0.18, 128794, 2260493, 8.43, 112625, 1445560, 302.54, 113334, 1496915, 526.16, 121873, 2034012, 543.72, 118787, 1886284, 570.57, 122013, 2137355, 575.65, 113997, 1746548, 588.83, 130663, 2614061, 589.12, 130511, 2253128, 591.86, 130663, 2614061, 592.07, 130663, 2614061, 592.25
h_165, 131072, 2622100, 0.00, 130969, 2620941, 0.24, 130815, 2459629, 5.54, 130430, 2423079, 119.81, 130496, 2446320, 157.27, 130705, 2612768, 159.68, 130686, 2611220, 163.37, 130710, 2612531, 166.42, 130613, 2609991, 174.43, 130969, 2620941, 174.64, 130952, 2500287, 192.13, 130969, 2620941, 192.32, 130969, 2620941, 192.60
h_166, 65536, 2728370, 0.00, 57452, 2124246, 3.33, 57452, 2124246, 6.57, 57452, 2124246, 11.15, 57452, 2124246, 14.61, 57452, 2124246, 18.05, 57452, 2124246, 21.02, 57452, 2124246, 23.98, 57452, 2124246, 28.06, 57452, 2124246, 31.32, 57452, 2124246, 34.71, 57452, 2124246, 37.14, 57452, 2124246, 39.73
h_167, 65536, 2731506, 0.00, 57531, 2126614, 3.20, 57531, 2126614, 5.70, 57531, 2126614, 10.68, 57531, 2126614, 13.75, 57531, 2126614, 16.98, 57531, 2126614, 20.01, 57531, 2126614, 23.18, 57531, 2126614, 26.74, 57531, 2126614, 29.59, 57531, 2126614, 33.06, 57531, 2126614, 35.69, 57531, 2126614, 38.58
h_168, 32768, 2794794, 0.00, 32746, 2794370, 0.10, 32741, 2793462, 1.84, 32739, 2793273, 20.88, 32739, 2793303, 25.80, 32739, 2793905, 26.28, 32743, 2794199, 27.38, 32743, 2794199, 28.59, 32739, 2793905, 35.78, 32746, 2794370, 35.89, 32746, 2793724, 41.78, 32746, 2794370, 41.94, 32746, 2794370, 42.05
h_169, 32768, 2808603, 0.00, 32723, 2807547, 0.10, 32720, 2806703, 1.23, 32719, 2806553, 25.81, 32720, 2806703, 28.76, 32720, 2807278, 29.26, 32723, 2807547, 29.99, 32723, 2807547, 30.72, 32719, 2807174, 37.70, 32723, 2807547, 37.85, 32723, 2806911, 43.97, 32723, 2807547, 44.08, 32723, 2807547, 44.18
h_170, 32768, 2838628, 0.00, 29712, 2409626, 1.74, 29712, 2409626, 3.19, 29712, 2409626, 7.32, 29712, 2409626, 9.14, 29712, 2409626, 10.60, 29712, 2409626, 12.39, 29712, 2409626, 13.82, 29712, 2409626, 17.22, 29712, 2409626, 18.26, 29712, 2409626, 19.58, 29712, 2409626, 20.70, 29712, 2409626, 22.01
h_171, 131072, 2741624, 0.00, 130027, 2695663, 0.19, 114429, 1720777, 8.35, 59655, 381011, 96.17, 59997, 384689, 175.46, 80859, 738641, 205.91, 84896, 778615, 495.80, 123783, 2447911, 499.81, 62478, 502289, 507.82, 130027, 2695663, 507.99, 129632, 2320164, 510.49, 130027, 2695663, 510.66, 130027, 2695663, 510.84
h_172, 32768, 2840800, 0.00, 29740, 2413360, 1.90, 29740, 2413360, 3.21, 29740, 2413360, 7.11, 29740, 2413360, 9.30, 29740, 2413360, 11.01, 29740, 2413360, 12.18, 29740, 2413360, 13.48, 29740, 2413360, 16.68, 29740, 2413360, 18.02, 29740, 2413360, 19.46, 29740, 2413360, 21.06, 29740, 2413360, 22.13
h_173, 32768, 2843144, 0.00, 29795, 2420962, 1.41, 29795, 2420962, 2.84, 29795, 2420962, 7.60, 29795, 2420962, 9.35, 29795, 2420962, 11.18, 29795, 2420962, 12.52, 29795, 2420962, 13.71, 29795, 2420962, 17.18, 29795, 2420962, 18.59, 29795, 2420962, 20.36, 29795, 2420962, 22.03, 29795, 2420962, 23.41
h_174, 131072, 2754294, 0.00, 130067, 2701388, 0.18, 114972, 1738436, 9.51, 59822, 382961, 111.73, 60163, 386690, 196.80, 80620, 733721, 227.84, 85183, 776290, 446.09, 123536, 2427404, 450.44, 62530, 503902, 458.18, 130067, 2701388, 458.36, 129611, 2336048, 461.97, 130067, 2701388, 462.24, 130067, 2701388, 462.50
h_175, 131072, 2757784, 0.00, 130914, 2754523, 0.20, 129745, 2400417, 7.27, 109381, 1407444, 177.78, 109675, 1419305, 299.83, 117830, 1933061, 319.12, 115250, 1817075, 363.11, 120726, 2175052, 367.64, 110660, 1679243, 381.28, 130914, 2754523, 381.59, 130866, 2438039, 383.88, 130914, 2754523, 384.07, 130914, 2754523, 384.26
h_176, 131072, 2777076, 0.00, 130970, 2775756, 0.18, 129890, 2424988, 8.18, 109384, 1405713, 173.27, 109615, 1416086, 301.37, 117822, 1937314, 319.99, 115257, 1818660, 346.47, 121083, 2212643, 351.24, 110643, 1680244, 365.33, 130970, 2775756, 365.62, 130915, 2456352, 367.97, 130970, 2775756, 368.19, 130970, 2775756, 368.43
h_177, 131072, 2784435, 0.00, 130955, 2781917, 0.18, 129790, 2429818, 7.17, 108882, 1404355, 176.65, 109131, 1416178, 308.77, 117732, 1936028, 330.06, 114837, 1813432, 370.03, 121044, 2221767, 374.87, 110153, 1676122, 387.50, 130955, 2781917, 387.81, 130910, 2463389, 390.56, 130955, 2781917, 390.80, 130955, 2781917, 391.00
h_178, 131072, 2785982, 0.00, 131040, 2785640, 0.18, 130916, 2573723, 4.88, 130246, 2509966, 121.18, 130302, 2545113, 164.99, 130612, 2768831, 168.16, 130540, 2765879, 173.09, 130537, 2766475, 178.09, 130456, 2764231, 185.93, 131040, 2785640, 186.12, 131026, 2601917, 199.35, 131040, 2785640, 199.55, 131040, 2785640, 199.74
h_179, 131072, 2921009, 0.00, 130768, 2907824, 0.19, 119530, 2057654, 6.32, 53179, 308205, 71.47, 53224, 308766, 130.13, 64625, 494019, 151.74, 84012, 738865, 1087.80, 124382, 2656129, 1092.12, 54466, 383746, 1100.02, 130768, 2907824, 1100.20, 130648, 2618930, 1102.72, 130768, 2907824, 1102.91, 130768, 2907824, 1103.10
h_180, 131072, 2949960, 0.00, 131060, 2949843, 0.18, 130986, 2695470, 5.08, 129634, 2627848, 45.55, 129643, 2632512, 74.36, 130046, 2904564, 78.88, 130018, 2903185, 83.93, 129875, 2897336, 88.38, 129648, 2888446, 98.53, 131060, 2949843, 98.73, 131052, 2714782, 100.49, 131060, 2949843, 100.70, 131060, 2949843, 101.00
h_181, 131072, 2950732, 0.00, 131059, 2950586, 0.18, 131013, 2696403, 3.77, 129763, 2633862, 46.69, 129772, 2638665, 72.67, 130136, 2909540, 76.67, 130122, 2908372, 81.68, 130002, 2903107, 84.96, 129772, 2894147, 93.04, 131059, 2950586, 93.25, 131059, 2716039, 95.01, 131059, 2950586, 95.25, 131059, 2950586, 95.54
h_182, 131072, 2951641, 0.00, 131058, 2951505, 0.23, 131007, 2697263, 3.39, 129717, 2633212, 44.21, 129721, 2637543, 73.69, 130086, 2908471, 79.74, 130090, 2907519, 85.06, 129972, 2902697, 89.58, 129731, 2893478, 97.62, 131058, 2951505, 97.91, 131055, 2716792, 99.33, 131058, 2951505, 99.53, 131058, 2951505, 99.74
h_183, 131072, 3115621, 0.00, 131072, 3115621, 0.16, 131029, 2963971, 1.59, 126958, 2771517, 17.92, 126958, 2771518, 31.77, 127206, 2930666, 39.08, 128736, 3002548, 43.10, 128729, 3002251, 46.88, 126962, 2920122, 54.82, 131072, 3115621, 55.02, 131072, 3011421, 56.35, 131072, 3115621, 56.54, 131072, 3115621, 56.78
h_184, 32768, 3221596, 0.00, 32768, 3221596, 0.14, 32768, 3221596, 3.55, 32768, 3221596, 51.63, 32768, 3221596, 57.39, 32768, 3221596, 57.72, 32768, 3221596, 58.20, 32768, 3221596, 58.62, 32768, 3221596, 83.93, 32768, 3221596, 84.15, 32768, 3221596, 97.40, 32768, 3221596, 97.58, 32768, 3221596, 97.80
h_185, 32768, 3222505, 0.00, 32768, 3222505, 0.23, 32768, 3222505, 4.18, 32768, 3222505, 48.94, 32768, 3222505, 53.74, 32768, 3222505, 54.13, 32768, 3222505, 54.58, 32768, 3222505, 55.05, 32768, 3222505, 80.15, 32768, 3222505, 80.30, 32768, 3222505, 93.65, 32768, 3222505, 93.87, 32768, 3222505, 94.02
h_186, 566326, 2770690, 0.00, 549251, 2745294, 1.27, 96919, 354849, 3.69, 96919, 354849, 23.53, 96919, 354849, 26.88, 549251, 2745294, 28.82, 131590, 540241, 3629.63, 549251, 2745294, 3731.23, 549251, 2745294, 3833.34, 549251, 2745294, 3834.27, 549073, 2742646, 4052.04, 549251, 2745294, 4053.20, 549251, 2745294, 4054.03
h_187, 131072, 3225441, 0.00, 131072, 3225441, 0.18, 516, 9108, 1.39, 9, 18, 3.53, 9, 18, 6.09, 9, 18, 14.55, 130627, 3106471, 63.61, 130815, 3203365, 67.81, 9, 18, 72.08, 131072, 3225441, 72.32, 131072, 3174507, 74.01, 131072, 3225441, 74.21, 131072, 3225441, 74.50
h_188, 262140, 3100200, 0.00, 163662, 1189436, 8.49, 163662, 1189436, 16.86, 163662, 1189436, 26.31, 163644, 1189340, 35.10, 163662, 1189436, 42.28, 163644, 1189340, 50.84, 163662, 1189436, 58.96, 163662, 1189436, 67.72, 163662, 1189436, 76.00, 163662, 1189436, 83.96, 163655, 1189392, 91.69, 163662, 1189436, 99.65
h_189, 262141, 3100310, 0.00, 163839, 1191914, 10.25, 163839, 1191914, 18.49, 163839, 1191914, 28.62, 163839, 1191914, 37.58, 163839, 1191914, 45.78, 163839, 1191914, 54.59, 163839, 1191914, 62.29, 163839, 1191914, 70.60, 163839, 1191914, 78.52, 163839, 1191914, 86.89, 163839, 1191914, 95.27, 163839, 1191914, 103.65
h_190, 131072, 3244452, 0.00, 131072, 3244452, 0.17, 3657, 86742, 4.93, 8, 16, 12.25, 8, 16, 20.65, 8, 20, 24.48, 130598, 3211698, 29.92, 130614, 3212100, 34.18, 8, 20, 36.66, 131072, 3244452, 36.84, 131072, 3237212, 37.73, 131072, 3244452, 37.91, 131072, 3244452, 38.09
h_191, 131072, 3275806, 0.00, 131072, 3275806, 0.19, 4513, 111314, 5.42, 4, 8, 14.66, 4, 8, 23.19, 4, 10, 26.28, 130607, 3241627, 34.44, 130633, 3242387, 39.06, 4, 10, 41.86, 131072, 3275806, 42.04, 131072, 3268113, 42.92, 131072, 3275806, 43.10, 131072, 3275806, 43.28
h_192, 32768, 3726392, 0.00, 32550, 3693014, 1.31, 32550, 3693014, 3.90, 32550, 3693014, 10.91, 32550, 3693014, 13.84, 32550, 3693014, 15.89, 32550, 3693014, 17.26, 32550, 3693014, 18.96, 32550, 3693014, 25.23, 32550, 3693014, 26.66, 32550, 3693014, 28.18, 32550, 3693014, 29.18, 32550, 3693014, 30.24
h_193, 32768, 3734348, 0.00, 32563, 3702362, 1.30, 32563, 3702362, 3.33, 32563, 3702362, 10.84, 32563, 3702362, 13.89, 32563, 3702362, 15.23, 32563, 3702362, 16.77, 32563, 3702362, 17.97, 32563, 3702362, 23.59, 32563, 3702362, 25.80, 32563, 3702362, 27.13, 32563, 3702362, 28.42, 32563, 3702362, 29.60
h_194, 4096, 4194304, 0.00, 4096, 4194304, 0.11, 4096, 4194304, 12.62, 4096, 4194304, 183.67, 4096, 4194304, 205.28, 4096, 4194304, 205.64, 4096, 4194304, 206.34, 4096, 4194304, 206.87, 4096, 4194304, 248.71, 4096, 4194304, 248.86, 4096, 4194304, 254.60, 4096, 4194304, 254.70, 4096, 4194304, 254.84
h_195, 4096, 4194304, 0.00, 4096, 4194304, 0.13, 4096, 4194304, 13.24, 4096, 4194304, 187.09, 4096, 4194304, 211.43, 4096, 4194304, 211.65, 4096, 4194304, 212.19, 4096, 4194304, 212.89, 4096, 4194304, 256.51, 4096, 4194304, 256.61, 4096, 4194304, 262.11, 4096, 4194304, 262.22, 4096, 4194304, 262.32
h_196, 8192, 4194304, 0.00, 8192, 4194304, 0.15, 8192, 4194304, 11.13, 8192, 4194304, 60.16, 8192, 4194304, 75.90, 8192, 4194304, 76.11, 8192, 4194304, 76.36, 8192, 4194304, 76.61, 8192, 4194304, 100.76, 8192, 4194304, 100.92, 8192, 4194304, 107.21, 8192, 4194304, 107.32, 8192, 4194304, 107.43
h_197, 8192, 4194304, 0.00, 8192, 4194304, 0.12, 8192, 4194304, 9.48, 8192, 4194304, 59.57, 8192, 4194304, 75.07, 8192, 4194304, 75.28, 8192, 4194304, 75.52, 8192, 4194304, 75.83, 8192, 4194304, 99.72, 8192, 4194304, 99.82, 8192, 4194304, 106.07, 8192, 4194304, 106.18, 8192, 4194304, 106.30
h_198, 962897, 4419758, 0.00, 887706, 4300594, 3.11, 232674, 851805, 9.17, 232674, 851805, 71.21, 232674, 851805, 77.88, 887706, 4300594, 82.42, 797670, 3699068, 3745.93, 887706, 4300594, 3848.77, 887706, 4300594, 3952.26, 887706, 4300594, 3953.68, 887505, 4298300, 4189.39, 887706, 4300594, 4191.48, 887706, 4300594, 4193.61
h_199, 875713, 5105039, 0.00, 196078, 1756279, 3.57, 4161, 25256, 6.43, 3055, 13224, 12.05, 3125, 13650, 16.59, 5749, 31726, 38.31, 96439, 631592, 241.60, 166623, 1407244, 278.84, 35468, 257656, 430.24, 196078, 1756279, 430.44, 153756, 1044735, 493.18, 196078, 1756279, 493.46, 196078, 1756279, 493.77
h_200, 2394385, 5021410, 0.00, 122, 261, 20.24, 12, 24, 20.41, 12, 24, 20.41, 12, 24, 20.41, 12, 27, 20.41, 122, 261, 20.41, 122, 261, 20.41, 12, 27, 20.41, 122, 261, 20.41, 122, 259, 20.41, 122, 261, 20.41, 122, 261, 20.41
