id, orig-N, orig-M, orig-time, basic-N, basic-M, basic-time, known-N, known-M, known-time, all_dom-N, all_dom-M, all_dom-time, fast_dom-N, fast_dom-M, fast_dom-time, dom12-N, dom12-M, dom12-time, dom3-N, dom3-M, dom3-time, dom4-N, dom4-M, dom4-time, dom5-N, dom5-M, dom5-time, dom_nca-N, dom_nca-M, dom_nca-time, dom_nca_full-N, dom_nca_full-M, dom_nca_full-time, dom_mixed-N, dom_mixed-M, dom_mixed-time, dom_mixed_full-N, dom_mixed_full-M, dom_mixed_full-time
e_002, 1024, 3322, 0.00, 219, 1080, 0.00, 214, 1045, 0.00, 202, 955, 9.13, 214, 1045, 9.13, 214, 1045, 9.13, 214, 1045, 9.13, 214, 1045, 9.14, 214, 1045, 9.14, 214, 1045, 9.14, 214, 1045, 9.14, 214, 1045, 9.14, 214, 1045, 9.14
e_003, 1024, 6055, 0.00, 919, 5594, 0.00, 402, 2266, 0.00, 199, 588, 0.01, 199, 588, 0.02, 402, 2266, 0.03, 199, 588, 0.03, 199, 588, 0.04, 199, 588, 0.05, 199, 588, 0.05, 199, 588, 0.06, 199, 588, 0.07, 199, 588, 0.08
e_004, 961, 5081, 0.00, 95, 524, 0.00, 7, 27, 0.00, 4, 8, 0.00, 4, 8, 0.00, 7, 26, 0.00, 4, 8, 0.00, 4, 8, 0.00, 4, 8, 0.00, 4, 8, 0.00, 4, 8, 0.00, 7, 27, 0.00, 4, 8, 0.00
e_005, 1024, 5736, 0.00, 875, 5136, 0.00, 313, 1634, 0.00, 145, 444, 0.01, 145, 444, 0.02, 313, 1632, 0.03, 145, 444, 0.04, 145, 444, 0.04, 145, 444, 0.05, 145, 444, 0.06, 145, 444, 0.06, 159, 477, 0.07, 145, 444, 0.08
e_006, 808, 2211, 0.00, 19, 45, 0.00, 0, 0, 0.00, 0, 0, 0.00, 0, 0, 0.00, 0, 0, 0.00, 0, 0, 0.00, 0, 0, 0.00, 0, 0, 0.00, 0, 0, 0.00, 0, 0, 0.00, 0, 0, 0.00, 0, 0, 0.00
e_007, 912, 4198, 0.00, 137, 570, 0.00, 4, 8, 0.00, 4, 8, 0.00, 4, 8, 0.00, 4, 8, 0.00, 4, 8, 0.00, 4, 8, 0.00, 4, 8, 0.00, 4, 8, 0.00, 4, 8, 0.00, 4, 8, 0.00, 4, 8, 0.00
e_008, 2047, 15020, 0.00, 1908, 14272, 0.00, 405, 2528, 0.01, 170, 398, 0.02, 170, 398, 0.04, 405, 2528, 0.05, 170, 398, 0.06, 170, 398, 0.07, 170, 398, 0.08, 170, 398, 0.09, 170, 398, 0.10, 170, 398, 0.11, 170, 398, 0.12
e_009, 1000, 6804, 0.00, 380, 1677, 0.00, 0, 0, 0.00, 0, 0, 0.00, 0, 0, 0.00, 0, 0, 0.00, 0, 0, 0.00, 0, 0, 0.00, 0, 0, 0.00, 0, 0, 0.00, 0, 0, 0.00, 0, 0, 0.00, 0, 0, 0.00
e_010, 1016, 7005, 0.00, 798, 6136, 0.00, 655, 4493, 0.01, 566, 3230, 0.45, 634, 4091, 0.50, 580, 3675, 0.62, 577, 3628, 0.74, 634, 4091, 0.79, 577, 3628, 0.93, 577, 3646, 1.01, 577, 3628, 1.15, 578, 3673, 1.26, 577, 3628, 1.38
e_011, 4086, 15076, 0.00, 2219, 7792, 0.00, 181, 448, 0.01, 174, 410, 0.01, 174, 410, 0.02, 181, 448, 0.02, 174, 410, 0.03, 174, 410, 0.04, 174, 410, 0.04, 174, 410, 0.05, 174, 410, 0.06, 174, 410, 0.07, 174, 410, 0.08
e_012, 4092, 15066, 0.00, 2357, 8332, 0.00, 239, 587, 0.01, 232, 535, 0.02, 232, 535, 0.03, 239, 587, 0.04, 232, 535, 0.04, 232, 535, 0.05, 232, 535, 0.06, 232, 535, 0.07, 232, 535, 0.07, 232, 535, 0.08, 232, 535, 0.09
e_013, 1924, 7038, 0.00, 519, 2636, 0.00, 138, 504, 0.00, 102, 268, 0.01, 102, 268, 0.01, 129, 441, 0.01, 102, 268, 0.02, 102, 268, 0.02, 102, 268, 0.02, 102, 268, 0.03, 102, 268, 0.03, 110, 313, 0.03, 102, 268, 0.04
e_014, 1951, 7847, 0.00, 670, 3275, 0.00, 141, 628, 0.01, 100, 356, 0.01, 111, 438, 0.02, 130, 507, 0.03, 100, 357, 0.05, 111, 438, 0.06, 100, 357, 0.07, 100, 357, 0.08, 100, 357, 0.10, 101, 384, 0.11, 100, 357, 0.12
e_015, 1979, 9390, 0.00, 909, 4984, 0.00, 139, 622, 0.00, 46, 98, 0.01, 46, 98, 0.01, 122, 572, 0.02, 46, 98, 0.02, 46, 98, 0.03, 46, 98, 0.03, 46, 98, 0.04, 46, 98, 0.04, 80, 205, 0.05, 46, 98, 0.05
e_016, 1939, 10655, 0.00, 285, 1016, 0.00, 14, 38, 0.00, 12, 24, 0.00, 12, 24, 0.00, 14, 38, 0.00, 12, 24, 0.00, 12, 24, 0.00, 12, 24, 0.00, 12, 24, 0.00, 12, 24, 0.00, 12, 24, 0.00, 12, 24, 0.00
e_017, 886, 3800, 0.00, 188, 740, 0.00, 0, 0, 0.00, 0, 0, 0.00, 0, 0, 0.00, 0, 0, 0.00, 0, 0, 0.00, 0, 0, 0.00, 0, 0, 0.00, 0, 0, 0.00, 0, 0, 0.00, 0, 0, 0.00, 0, 0, 0.00
e_018, 1923, 5964, 0.00, 707, 2734, 0.00, 150, 502, 0.00, 96, 212, 0.00, 96, 212, 0.01, 150, 502, 0.01, 96, 212, 0.01, 96, 212, 0.01, 96, 212, 0.01, 96, 212, 0.01, 96, 212, 0.02, 96, 212, 0.02, 96, 212, 0.02
e_019, 2034, 11718, 0.00, 1669, 10045, 0.00, 349, 1630, 0.01, 204, 538, 0.03, 204, 538, 0.04, 342, 1550, 0.06, 204, 538, 0.07, 204, 538, 0.09, 204, 538, 0.10, 204, 538, 0.12, 204, 538, 0.14, 208, 563, 0.15, 204, 538, 0.17
e_020, 1906, 7039, 0.00, 593, 2888, 0.00, 130, 476, 0.01, 89, 235, 0.01, 89, 235, 0.02, 95, 283, 0.02, 89, 235, 0.03, 89, 235, 0.03, 89, 235, 0.04, 89, 235, 0.04, 89, 235, 0.04, 102, 281, 0.05, 89, 235, 0.06
e_021, 1872, 6147, 0.00, 488, 2193, 0.00, 80, 265, 0.00, 60, 138, 0.01, 60, 138, 0.01, 74, 230, 0.01, 60, 138, 0.01, 60, 138, 0.01, 60, 138, 0.02, 60, 138, 0.02, 60, 138, 0.02, 66, 169, 0.02, 60, 138, 0.02
e_022, 830, 1884, 0.00, 110, 314, 0.00, 20, 51, 0.00, 12, 24, 0.00, 12, 24, 0.00, 20, 50, 0.00, 12, 24, 0.00, 12, 24, 0.00, 12, 24, 0.00, 12, 24, 0.00, 12, 24, 0.00, 12, 24, 0.00, 12, 24, 0.00
e_023, 1600, 5400, 0.00, 143, 430, 0.00, 4, 8, 0.00, 4, 8, 0.00, 4, 8, 0.00, 4, 8, 0.00, 4, 8, 0.00, 4, 8, 0.00, 4, 8, 0.00, 4, 8, 0.00, 4, 8, 0.00, 4, 8, 0.00, 4, 8, 0.00
e_024, 1920, 7546, 0.00, 678, 3435, 0.00, 102, 430, 0.00, 38, 102, 0.01, 38, 102, 0.01, 90, 400, 0.01, 38, 102, 0.01, 38, 102, 0.02, 38, 102, 0.02, 38, 102, 0.02, 38, 102, 0.03, 71, 185, 0.03, 38, 102, 0.03
e_025, 860, 2802, 0.00, 94, 240, 0.00, 0, 0, 0.00, 0, 0, 0.00, 0, 0, 0.00, 0, 0, 0.00, 0, 0, 0.00, 0, 0, 0.00, 0, 0, 0.00, 0, 0, 0.00, 0, 0, 0.00, 0, 0, 0.00, 0, 0, 0.00
e_026, 723, 1365, 0.00, 81, 214, 0.00, 6, 20, 0.00, 0, 0, 0.00, 0, 0, 0.00, 6, 20, 0.00, 0, 0, 0.00, 0, 0, 0.00, 0, 0, 0.00, 0, 0, 0.00, 0, 0, 0.00, 0, 0, 0.00, 0, 0, 0.00
e_027, 1899, 9406, 0.00, 246, 830, 0.00, 0, 0, 0.00, 0, 0, 0.00, 0, 0, 0.00, 0, 0, 0.00, 0, 0, 0.00, 0, 0, 0.00, 0, 0, 0.00, 0, 0, 0.00, 0, 0, 0.00, 0, 0, 0.00, 0, 0, 0.00
e_028, 1930, 7372, 0.00, 827, 4142, 0.00, 218, 814, 0.01, 178, 622, 0.01, 178, 622, 0.02, 212, 759, 0.03, 178, 622, 0.03, 178, 622, 0.04, 178, 622, 0.05, 178, 622, 0.06, 178, 622, 0.06, 184, 644, 0.07, 178, 622, 0.08
e_029, 1938, 11302, 0.00, 387, 1355, 0.00, 16, 32, 0.00, 16, 32, 0.00, 16, 32, 0.00, 16, 32, 0.00, 16, 32, 0.00, 16, 32, 0.00, 16, 32, 0.00, 16, 32, 0.00, 16, 32, 0.00, 16, 32, 0.00, 16, 32, 0.00
e_030, 2025, 11894, 0.00, 1574, 9448, 0.00, 117, 609, 0.00, 55, 129, 0.01, 55, 129, 0.01, 115, 587, 0.02, 55, 129, 0.02, 55, 129, 0.03, 55, 129, 0.03, 55, 129, 0.04, 55, 129, 0.04, 55, 129, 0.04, 55, 129, 0.05
e_031, 4053, 26071, 0.00, 2849, 18124, 0.00, 426, 1771, 0.01, 176, 404, 0.03, 176, 404, 0.05, 421, 1756, 0.07, 176, 404, 0.08, 176, 404, 0.10, 176, 404, 0.12, 176, 404, 0.14, 176, 404, 0.16, 224, 544, 0.18, 176, 404, 0.21
e_032, 2010, 10642, 0.00, 1259, 7103, 0.00, 161, 734, 0.00, 73, 176, 0.01, 73, 176, 0.01, 161, 734, 0.02, 73, 176, 0.02, 73, 176, 0.03, 73, 176, 0.03, 73, 176, 0.04, 73, 176, 0.05, 73, 176, 0.05, 73, 176, 0.06
e_033, 850, 2010, 0.00, 153, 442, 0.00, 29, 69, 0.00, 28, 62, 0.00, 28, 62, 0.00, 29, 68, 0.00, 28, 62, 0.00, 28, 62, 0.00, 28, 62, 0.00, 28, 62, 0.00, 28, 62, 0.00, 28, 63, 0.00, 28, 62, 0.00
e_034, 940, 2650, 0.00, 330, 1289, 0.00, 25, 62, 0.00, 21, 42, 0.00, 21, 42, 0.00, 25, 62, 0.00, 21, 42, 0.00, 21, 42, 0.00, 21, 42, 0.00, 21, 42, 0.00, 21, 42, 0.00, 21, 42, 0.00, 21, 42, 0.00
e_035, 4095, 17074, 0.00, 3347, 13592, 0.00, 654, 1980, 0.02, 558, 1506, 0.04, 558, 1506, 0.05, 654, 1980, 0.07, 558, 1506, 0.08, 558, 1506, 0.10, 558, 1506, 0.12, 558, 1506, 0.13, 558, 1506, 0.15, 558, 1506, 0.17, 558, 1506, 0.18
e_036, 4091, 29827, 0.00, 3841, 28395, 0.00, 838, 5283, 0.02, 291, 670, 0.05, 291, 670, 0.08, 833, 5270, 0.10, 291, 670, 0.14, 291, 670, 0.17, 291, 670, 0.20, 291, 670, 0.24, 291, 670, 0.29, 291, 670, 0.34, 291, 670, 0.40
e_037, 4094, 28675, 0.00, 3873, 27696, 0.00, 2480, 16360, 0.02, 1463, 6180, 0.10, 1463, 6180, 0.18, 2475, 16258, 0.22, 1463, 6180, 0.32, 1463, 6180, 0.40, 1463, 6180, 0.47, 1463, 6180, 0.55, 1463, 6180, 0.63, 1464, 6197, 0.71, 1463, 6180, 0.80
e_038, 761, 1496, 0.00, 95, 287, 0.00, 0, 0, 0.00, 0, 0, 0.00, 0, 0, 0.00, 0, 0, 0.00, 0, 0, 0.00, 0, 0, 0.00, 0, 0, 0.00, 0, 0, 0.00, 0, 0, 0.00, 0, 0, 0.00, 0, 0, 0.00
e_039, 928, 2570, 0.00, 363, 1241, 0.00, 30, 88, 0.00, 25, 50, 0.00, 25, 50, 0.00, 30, 88, 0.00, 25, 50, 0.00, 25, 50, 0.00, 25, 50, 0.00, 25, 50, 0.00, 25, 50, 0.00, 25, 50, 0.00, 25, 50, 0.00
e_040, 4016, 21948, 0.00, 2044, 11058, 0.00, 269, 975, 0.01, 162, 383, 0.02, 162, 383, 0.03, 262, 951, 0.03, 162, 383, 0.04, 162, 383, 0.05, 162, 383, 0.06, 162, 383, 0.07, 162, 383, 0.08, 162, 383, 0.09, 162, 383, 0.10
e_041, 4093, 27082, 0.00, 3679, 25294, 0.00, 2133, 13020, 0.03, 1257, 5184, 0.10, 1257, 5184, 0.17, 2111, 12820, 0.22, 1257, 5184, 0.29, 1257, 5184, 0.36, 1257, 5184, 0.43, 1257, 5184, 0.50, 1257, 5184, 0.57, 1261, 5226, 0.64, 1257, 5184, 0.71
e_042, 1554, 5013, 0.00, 149, 467, 0.00, 0, 0, 0.00, 0, 0, 0.00, 0, 0, 0.00, 0, 0, 0.00, 0, 0, 0.00, 0, 0, 0.00, 0, 0, 0.00, 0, 0, 0.00, 0, 0, 0.00, 0, 0, 0.00, 0, 0, 0.00
e_043, 1623, 5700, 0.00, 148, 464, 0.00, 4, 8, 0.00, 4, 8, 0.00, 4, 8, 0.00, 4, 8, 0.00, 4, 8, 0.00, 4, 8, 0.00, 4, 8, 0.00, 4, 8, 0.00, 4, 8, 0.00, 4, 8, 0.00, 4, 8, 0.00
e_044, 4044, 23319, 0.00, 2522, 14241, 0.00, 325, 1204, 0.01, 152, 336, 0.02, 152, 336, 0.03, 303, 1150, 0.04, 152, 336, 0.05, 152, 336, 0.06, 152, 336, 0.07, 152, 336, 0.09, 152, 336, 0.10, 152, 336, 0.11, 152, 336, 0.12
e_045, 4093, 30202, 0.00, 3972, 29576, 0.00, 2816, 19785, 0.02, 1510, 6321, 0.10, 1510, 6321, 0.20, 2816, 19785, 0.25, 1510, 6321, 0.37, 1510, 6321, 0.49, 1510, 6321, 0.61, 1510, 6321, 0.73, 1510, 6321, 0.85, 1510, 6321, 0.97, 1510, 6321, 1.09
e_046, 948, 2671, 0.00, 316, 1215, 0.00, 50, 180, 0.00, 33, 66, 0.00, 33, 66, 0.00, 50, 180, 0.00, 33, 66, 0.00, 33, 66, 0.00, 33, 66, 0.00, 33, 66, 0.00, 33, 66, 0.00, 33, 66, 0.00, 33, 66, 0.00
e_047, 4092, 28612, 0.00, 3827, 27287, 0.00, 2694, 17433, 0.03, 1457, 6186, 0.15, 1457, 6186, 0.25, 2692, 17395, 0.31, 1457, 6186, 0.41, 1457, 6186, 0.52, 1457, 6186, 0.62, 1457, 6186, 0.73, 1457, 6186, 0.83, 1527, 6447, 0.92, 1457, 6186, 1.03
e_048, 3853, 12722, 0.00, 317, 786, 0.00, 317, 786, 0.00, 317, 786, 0.01, 317, 786, 0.01, 317, 786, 0.01, 311, 772, 0.01, 317, 786, 0.01, 317, 786, 0.01, 317, 786, 0.01, 317, 786, 0.01, 317, 786, 0.01, 317, 786, 0.01
e_049, 4057, 23857, 0.00, 2960, 18521, 0.00, 842, 4041, 0.02, 525, 1541, 0.06, 525, 1541, 0.09, 779, 3534, 0.12, 525, 1541, 0.16, 525, 1541, 0.20, 525, 1541, 0.23, 525, 1541, 0.27, 525, 1541, 0.30, 529, 1588, 0.34, 525, 1541, 0.38
e_050, 4096, 20102, 0.00, 2454, 9562, 0.01, 2454, 9562, 0.02, 2446, 9536, 0.05, 2454, 9562, 0.06, 2454, 9562, 0.07, 2454, 9562, 0.09, 2454, 9562, 0.10, 2454, 9562, 0.12, 2446, 9536, 0.13, 2454, 9562, 0.15, 2454, 9562, 0.16, 2408, 9364, 0.18
e_051, 3855, 12946, 0.00, 346, 940, 0.00, 346, 940, 0.00, 346, 940, 0.01, 332, 904, 0.01, 346, 940, 0.01, 346, 940, 0.01, 332, 904, 0.01, 346, 940, 0.01, 346, 940, 0.01, 315, 844, 0.01, 346, 940, 0.01, 315, 844, 0.01
e_052, 3867, 12958, 0.00, 373, 1162, 0.00, 373, 1162, 0.01, 373, 1162, 0.01, 373, 1162, 0.01, 368, 1132, 0.01, 373, 1162, 0.01, 373, 1162, 0.01, 373, 1162, 0.01, 373, 1162, 0.01, 373, 1162, 0.01, 373, 1162, 0.01, 373, 1162, 0.02
e_053, 4080, 26872, 0.00, 3677, 25004, 0.00, 518, 2962, 0.01, 213, 454, 0.04, 213, 454, 0.06, 518, 2962, 0.07, 213, 454, 0.10, 213, 454, 0.12, 213, 454, 0.15, 213, 454, 0.17, 213, 454, 0.19, 213, 454, 0.22, 213, 454, 0.24
e_054, 811, 1951, 0.00, 294, 799, 0.00, 0, 0, 0.00, 0, 0, 0.00, 0, 0, 0.00, 0, 0, 0.00, 0, 0, 0.00, 0, 0, 0.00, 0, 0, 0.00, 0, 0, 0.00, 0, 0, 0.00, 0, 0, 0.00, 0, 0, 0.00
e_055, 3844, 12085, 0.00, 1827, 6679, 0.00, 402, 1386, 0.01, 220, 558, 0.01, 220, 558, 0.02, 402, 1386, 0.03, 220, 558, 0.04, 220, 558, 0.04, 220, 558, 0.05, 220, 558, 0.06, 220, 558, 0.06, 220, 558, 0.07, 220, 558, 0.08
e_056, 4086, 26915, 0.00, 3721, 25095, 0.00, 540, 3327, 0.01, 237, 588, 0.03, 237, 588, 0.06, 535, 3314, 0.07, 237, 588, 0.09, 237, 588, 0.11, 237, 588, 0.14, 237, 588, 0.16, 237, 588, 0.18, 237, 588, 0.21, 237, 588, 0.23
e_057, 3847, 12298, 0.00, 1921, 7153, 0.00, 455, 1618, 0.01, 274, 700, 0.02, 274, 700, 0.03, 455, 1618, 0.03, 274, 700, 0.04, 274, 700, 0.05, 274, 700, 0.06, 274, 700, 0.07, 274, 700, 0.08, 274, 700, 0.09, 274, 700, 0.10
e_058, 8167, 27574, 0.00, 2858, 9112, 0.01, 265, 599, 0.01, 265, 599, 0.02, 265, 599, 0.02, 265, 599, 0.03, 265, 599, 0.04, 265, 599, 0.04, 265, 599, 0.05, 265, 599, 0.05, 265, 599, 0.06, 265, 599, 0.07, 265, 599, 0.07
e_059, 722, 1124, 0.00, 104, 282, 0.00, 9, 24, 0.00, 8, 16, 0.00, 8, 16, 0.00, 9, 24, 0.00, 8, 16, 0.00, 8, 16, 0.00, 8, 16, 0.00, 8, 16, 0.00, 8, 16, 0.00, 8, 16, 0.00, 8, 16, 0.00
e_060, 4052, 22629, 0.00, 2922, 17907, 0.00, 881, 4525, 0.02, 395, 1142, 0.07, 395, 1142, 0.12, 869, 4464, 0.15, 395, 1142, 0.20, 395, 1142, 0.25, 395, 1142, 0.29, 395, 1142, 0.34, 395, 1142, 0.39, 479, 1375, 0.43, 395, 1142, 0.48
e_061, 1724, 4320, 0.00, 273, 832, 0.00, 22, 66, 0.00, 18, 38, 0.00, 18, 38, 0.00, 22, 66, 0.00, 18, 38, 0.00, 18, 38, 0.00, 18, 38, 0.00, 18, 38, 0.00, 18, 38, 0.00, 18, 38, 0.00, 18, 38, 0.00
e_062, 763, 1272, 0.00, 132, 372, 0.00, 17, 48, 0.00, 5, 10, 0.00, 5, 10, 0.00, 17, 48, 0.00, 5, 10, 0.00, 5, 10, 0.00, 5, 10, 0.00, 5, 10, 0.00, 5, 10, 0.00, 5, 10, 0.00, 5, 10, 0.00
e_063, 4062, 23766, 0.00, 3197, 19562, 0.00, 925, 4864, 0.01, 400, 1058, 0.05, 400, 1058, 0.08, 909, 4780, 0.11, 400, 1058, 0.14, 400, 1058, 0.17, 400, 1058, 0.20, 400, 1058, 0.24, 400, 1058, 0.27, 467, 1233, 0.30, 400, 1058, 0.33
e_064, 1892, 6447, 0.00, 577, 2322, 0.00, 49, 172, 0.00, 16, 32, 0.00, 16, 32, 0.01, 49, 172, 0.01, 16, 32, 0.01, 16, 32, 0.01, 16, 32, 0.01, 16, 32, 0.01, 16, 32, 0.02, 16, 32, 0.02, 16, 32, 0.02
e_065, 8089, 48759, 0.00, 4711, 28170, 0.01, 689, 3029, 0.02, 352, 928, 0.06, 352, 928, 0.09, 675, 2934, 0.11, 352, 928, 0.14, 352, 928, 0.17, 352, 928, 0.21, 352, 928, 0.24, 352, 928, 0.27, 424, 1119, 0.30, 352, 928, 0.33
e_066, 8180, 29503, 0.00, 4007, 13675, 0.01, 394, 973, 0.01, 316, 711, 0.02, 316, 711, 0.03, 394, 973, 0.04, 316, 711, 0.05, 316, 711, 0.07, 316, 711, 0.08, 316, 711, 0.10, 316, 711, 0.12, 316, 711, 0.14, 316, 711, 0.15
e_067, 1392, 4241, 0.00, 133, 330, 0.00, 0, 0, 0.00, 0, 0, 0.00, 0, 0, 0.00, 0, 0, 0.00, 0, 0, 0.00, 0, 0, 0.00, 0, 0, 0.00, 0, 0, 0.00, 0, 0, 0.00, 0, 0, 0.00, 0, 0, 0.00
e_068, 4067, 24043, 0.00, 3203, 20333, 0.00, 890, 4821, 0.01, 421, 1196, 0.05, 421, 1196, 0.08, 890, 4816, 0.09, 421, 1196, 0.13, 421, 1196, 0.16, 421, 1196, 0.19, 421, 1196, 0.22, 421, 1196, 0.25, 493, 1390, 0.28, 421, 1196, 0.32
e_069, 4053, 22368, 0.00, 2832, 16816, 0.00, 764, 3771, 0.02, 426, 1129, 0.07, 426, 1129, 0.11, 764, 3759, 0.13, 426, 1129, 0.17, 426, 1129, 0.21, 426, 1129, 0.25, 426, 1129, 0.29, 426, 1129, 0.33, 427, 1146, 0.36, 426, 1129, 0.38
e_070, 1817, 5184, 0.00, 513, 1624, 0.00, 33, 98, 0.00, 28, 58, 0.00, 28, 58, 0.00, 33, 98, 0.01, 28, 58, 0.01, 28, 58, 0.01, 28, 58, 0.01, 28, 58, 0.01, 28, 58, 0.01, 28, 58, 0.01, 28, 58, 0.01
e_071, 1789, 4896, 0.00, 398, 1254, 0.00, 31, 86, 0.00, 24, 48, 0.00, 24, 48, 0.00, 31, 86, 0.00, 24, 48, 0.00, 24, 48, 0.00, 24, 48, 0.00, 24, 48, 0.00, 24, 48, 0.00, 24, 48, 0.00, 24, 48, 0.00
e_072, 3968, 18054, 0.00, 2212, 11498, 0.00, 609, 2618, 0.01, 331, 862, 0.03, 331, 862, 0.05, 581, 2532, 0.06, 331, 862, 0.08, 331, 862, 0.10, 331, 862, 0.12, 331, 862, 0.14, 331, 862, 0.15, 379, 1000, 0.17, 331, 862, 0.19
e_073, 8132, 51796, 0.00, 6192, 41910, 0.01, 2050, 10794, 0.04, 976, 2877, 0.13, 976, 2877, 0.21, 1983, 10280, 0.28, 976, 2877, 0.37, 976, 2877, 0.45, 976, 2877, 0.54, 976, 2877, 0.62, 976, 2877, 0.71, 989, 2955, 0.79, 976, 2877, 0.87
e_074, 802, 1525, 0.00, 248, 671, 0.00, 5, 16, 0.00, 4, 8, 0.00, 4, 8, 0.00, 5, 16, 0.00, 4, 8, 0.00, 4, 8, 0.00, 4, 8, 0.00, 4, 8, 0.00, 4, 8, 0.00, 4, 8, 0.00, 4, 8, 0.00
e_075, 8189, 31504, 0.00, 5402, 19961, 0.01, 685, 1802, 0.02, 568, 1371, 0.04, 568, 1371, 0.06, 685, 1801, 0.07, 568, 1371, 0.10, 568, 1371, 0.12, 568, 1371, 0.14, 568, 1371, 0.15, 568, 1371, 0.17, 568, 1371, 0.20, 568, 1371, 0.22
e_076, 8153, 51863, 0.00, 6867, 45423, 0.01, 1604, 9140, 0.03, 599, 1542, 0.10, 599, 1542, 0.16, 1573, 9014, 0.23, 599, 1542, 0.34, 599, 1542, 0.45, 599, 1542, 0.53, 599, 1542, 0.60, 599, 1542, 0.67, 708, 1824, 0.72, 599, 1542, 0.81
e_077, 8168, 54744, 0.00, 7402, 51303, 0.01, 1122, 6417, 0.03, 446, 1028, 0.09, 446, 1028, 0.14, 1115, 6392, 0.18, 446, 1028, 0.24, 446, 1028, 0.29, 446, 1028, 0.35, 446, 1028, 0.41, 446, 1028, 0.50, 498, 1159, 0.59, 446, 1028, 0.68
e_078, 3960, 15992, 0.00, 2107, 9887, 0.00, 345, 1442, 0.01, 158, 356, 0.02, 158, 356, 0.03, 345, 1442, 0.03, 158, 356, 0.04, 158, 356, 0.05, 158, 356, 0.06, 158, 356, 0.07, 158, 356, 0.08, 158, 356, 0.09, 158, 356, 0.10
e_079, 8153, 52154, 0.00, 7018, 46613, 0.01, 1407, 7385, 0.04, 658, 1569, 0.10, 658, 1569, 0.16, 1405, 7344, 0.20, 658, 1569, 0.26, 658, 1569, 0.32, 658, 1569, 0.38, 658, 1569, 0.44, 658, 1569, 0.50, 659, 1578, 0.55, 658, 1569, 0.61
e_080, 1024, 3480, 0.00, 296, 1379, 0.00, 292, 1349, 0.00, 291, 1330, 7.63, 292, 1349, 7.63, 292, 1349, 7.63, 292, 1349, 7.63, 292, 1349, 7.63, 292, 1349, 7.63, 292, 1349, 7.64, 292, 1349, 7.64, 292, 1349, 7.64, 292, 1349, 7.64
e_081, 8142, 51030, 0.00, 6963, 45552, 0.01, 1488, 8211, 0.04, 576, 1406, 0.10, 576, 1406, 0.18, 1459, 8082, 0.25, 576, 1406, 0.35, 576, 1406, 0.46, 576, 1406, 0.56, 576, 1406, 0.66, 576, 1406, 0.72, 701, 1706, 0.78, 576, 1406, 0.84
e_082, 8058, 43548, 0.00, 5689, 30907, 0.01, 308, 1238, 0.02, 158, 320, 0.04, 158, 320, 0.06, 308, 1238, 0.07, 158, 320, 0.09, 158, 320, 0.11, 158, 320, 0.13, 158, 320, 0.15, 158, 320, 0.17, 158, 320, 0.19, 158, 320, 0.21
e_083, 1712, 3537, 0.00, 466, 1382, 0.00, 33, 102, 0.00, 20, 40, 0.00, 20, 40, 0.00, 33, 102, 0.00, 20, 40, 0.00, 20, 40, 0.00, 20, 40, 0.00, 20, 40, 0.00, 20, 40, 0.00, 20, 40, 0.00, 20, 40, 0.00
e_084, 503, 1024, 0.00, 116, 398, 0.00, 114, 391, 0.00, 114, 391, 3.82, 114, 391, 3.82, 114, 391, 3.82, 114, 391, 3.82, 114, 391, 3.82, 114, 391, 3.82, 114, 391, 3.82, 114, 391, 3.82, 114, 391, 3.82, 114, 391, 3.82
e_085, 8189, 69446, 0.00, 2530, 9826, 0.03, 2530, 9826, 0.04, 2530, 9826, 0.06, 2530, 9826, 0.08, 2530, 9826, 0.09, 2530, 9826, 0.11, 2530, 9826, 0.13, 2530, 9826, 0.14, 2530, 9826, 0.16, 2530, 9826, 0.18, 2530, 9826, 0.19, 2530, 9826, 0.21
e_086, 16360, 124104, 0.00, 15460, 119107, 0.01, 3438, 21983, 0.08, 1173, 2896, 0.24, 1173, 2896, 0.41, 3436, 21930, 0.52, 1173, 2896, 0.68, 1173, 2896, 0.87, 1173, 2896, 1.04, 1173, 2896, 1.26, 1173, 2896, 1.53, 1173, 2896, 1.79, 1173, 2896, 1.96
e_087, 8190, 69372, 0.00, 2379, 9524, 0.03, 2379, 9524, 0.04, 2335, 9396, 0.06, 2379, 9524, 0.08, 2379, 9524, 0.10, 2379, 9524, 0.11, 2379, 9524, 0.13, 2379, 9524, 0.15, 2379, 9524, 0.16, 2379, 9524, 0.18, 2379, 9524, 0.20, 2379, 9524, 0.21
e_088, 8189, 65903, 0.00, 8023, 65189, 0.01, 6629, 51204, 0.05, 3912, 18527, 0.29, 3912, 18527, 0.52, 6627, 51167, 0.61, 3912, 18527, 0.84, 3912, 18527, 1.06, 3912, 18527, 1.34, 3912, 18527, 1.61, 3912, 18527, 1.98, 3913, 18544, 2.32, 3912, 18527, 2.69
e_089, 8168, 55556, 0.00, 7388, 52134, 0.01, 4778, 28939, 0.09, 3278, 15082, 0.40, 3278, 15082, 0.80, 4700, 28056, 1.06, 3278, 15082, 1.50, 3278, 15082, 1.95, 3278, 15082, 2.25, 3278, 15082, 2.52, 3278, 15082, 2.81, 3289, 15277, 3.08, 3278, 15082, 3.42
e_090, 1740, 3544, 0.00, 488, 1402, 0.00, 46, 136, 0.00, 39, 80, 0.00, 39, 80, 0.00, 46, 136, 0.00, 39, 80, 0.00, 39, 80, 0.00, 39, 80, 0.00, 39, 80, 0.00, 39, 80, 0.00, 39, 80, 0.01, 39, 80, 0.01
e_091, 1726, 3364, 0.00, 406, 1137, 0.00, 14, 34, 0.00, 13, 26, 0.00, 13, 26, 0.00, 14, 34, 0.00, 13, 26, 0.00, 13, 26, 0.00, 13, 26, 0.00, 13, 26, 0.00, 13, 26, 0.01, 13, 26, 0.01, 13, 26, 0.01
e_092, 16333, 119263, 0.00, 13996, 98448, 0.01, 959, 4428, 0.06, 532, 1170, 0.14, 532, 1170, 0.22, 959, 4428, 0.27, 532, 1170, 0.36, 532, 1170, 0.44, 532, 1170, 0.52, 532, 1170, 0.60, 532, 1170, 0.69, 532, 1170, 0.77, 532, 1170, 0.86
e_093, 16333, 109487, 0.00, 14991, 102670, 0.02, 1873, 10861, 0.10, 736, 1672, 0.26, 736, 1672, 0.42, 1861, 10832, 0.53, 736, 1672, 0.69, 736, 1672, 0.86, 736, 1672, 1.02, 736, 1672, 1.18, 736, 1672, 1.35, 736, 1672, 1.51, 736, 1672, 1.68
e_094, 8087, 41813, 0.00, 5683, 31857, 0.01, 940, 4211, 0.03, 463, 1094, 0.07, 463, 1094, 0.11, 902, 4046, 0.15, 463, 1094, 0.19, 463, 1094, 0.23, 463, 1094, 0.28, 463, 1094, 0.32, 463, 1094, 0.36, 519, 1242, 0.40, 463, 1094, 0.44
e_095, 8174, 59029, 0.00, 7664, 56758, 0.01, 5223, 34185, 0.08, 3668, 17497, 0.38, 3668, 17497, 0.65, 5195, 33683, 0.82, 3668, 17497, 1.11, 3668, 17497, 1.40, 3668, 17497, 1.84, 3668, 17497, 2.29, 3668, 17497, 2.69, 3686, 17643, 3.10, 3668, 17497, 3.55
e_096, 16290, 113251, 0.00, 12184, 80761, 0.01, 1476, 7214, 0.05, 587, 1384, 0.19, 587, 1384, 0.32, 1444, 7104, 0.41, 587, 1384, 0.55, 587, 1384, 0.68, 587, 1384, 0.81, 587, 1384, 0.95, 587, 1384, 1.08, 758, 1807, 1.20, 587, 1384, 1.33
e_097, 16314, 103725, 0.00, 13933, 92026, 0.01, 2908, 16011, 0.07, 1253, 3184, 0.29, 1253, 3184, 0.51, 2880, 15830, 0.66, 1253, 3184, 0.82, 1253, 3184, 0.96, 1253, 3184, 1.10, 1253, 3184, 1.23, 1253, 3184, 1.37, 1443, 3686, 1.48, 1253, 3184, 1.62
e_098, 16245, 107319, 0.00, 12731, 80615, 0.01, 684, 2842, 0.05, 364, 810, 0.10, 364, 810, 0.16, 684, 2842, 0.20, 364, 810, 0.26, 364, 810, 0.32, 364, 810, 0.37, 364, 810, 0.43, 364, 810, 0.49, 364, 810, 0.54, 364, 810, 0.60
e_099, 8061, 38175, 0.00, 6290, 31553, 0.01, 430, 1708, 0.02, 243, 510, 0.04, 243, 510, 0.07, 430, 1708, 0.09, 243, 510, 0.11, 243, 510, 0.14, 243, 510, 0.16, 243, 510, 0.18, 243, 510, 0.21, 243, 510, 0.23, 243, 510, 0.26
e_100, 32735, 246591, 0.00, 31059, 236551, 0.03, 5665, 35328, 0.18, 1879, 4618, 0.56, 1879, 4618, 0.93, 5640, 35258, 1.14, 1879, 4618, 1.51, 1879, 4618, 1.87, 1879, 4618, 2.36, 1879, 4618, 2.94, 1879, 4618, 3.46, 2273, 5638, 3.81, 1879, 4618, 4.19
e_101, 32724, 246723, 0.00, 30942, 236317, 0.03, 6021, 38661, 0.17, 2102, 5054, 0.55, 2102, 5054, 0.96, 6020, 38639, 1.25, 2102, 5054, 1.63, 2102, 5054, 1.98, 2102, 5054, 2.35, 2102, 5054, 2.70, 2102, 5054, 3.06, 2102, 5054, 3.42, 2102, 5054, 3.78
e_102, 16384, 73685, 0.00, 15538, 69031, 0.01, 6900, 25776, 0.13, 5113, 16194, 0.39, 5113, 16194, 0.67, 6900, 25776, 0.90, 5113, 16194, 1.13, 5113, 16194, 1.36, 5113, 16194, 1.59, 5113, 16194, 1.82, 5113, 16194, 2.06, 5113, 16194, 2.30, 5113, 16194, 2.53
e_103, 16384, 77536, 0.00, 7568, 27400, 0.06, 7568, 27400, 0.09, 7568, 27400, 0.16, 7559, 27346, 0.21, 7558, 27352, 0.26, 7540, 27310, 0.33, 7568, 27400, 0.38, 7547, 27316, 0.43, 7505, 27092, 0.48, 7552, 27314, 0.53, 7568, 27400, 0.58, 7509, 27166, 0.63
e_104, 16384, 77432, 0.00, 7765, 27932, 0.06, 7736, 27814, 0.10, 7545, 27064, 0.23, 7740, 27832, 0.28, 7752, 27874, 0.33, 7761, 27918, 0.38, 7749, 27872, 0.43, 7677, 27588, 0.49, 7668, 27518, 0.54, 7665, 27520, 0.60, 7760, 27902, 0.65, 7685, 27594, 0.71
e_105, 2048, 10584, 0.00, 744, 4739, 0.00, 743, 4687, 0.00, 743, 4671, 2.73, 743, 4687, 2.73, 743, 4687, 2.74, 743, 4687, 2.74, 743, 4687, 2.75, 743, 4687, 2.75, 743, 4687, 2.76, 743, 4687, 2.76, 743, 4687, 2.77, 743, 4687, 2.77
e_106, 16349, 119809, 0.00, 15102, 113570, 0.01, 10785, 68565, 0.19, 8017, 40370, 1.14, 8018, 40384, 1.80, 10529, 65589, 2.32, 8018, 40384, 3.00, 8018, 40384, 4.05, 8018, 40384, 4.80, 8018, 40384, 5.49, 8018, 40384, 6.16, 8073, 40875, 6.76, 8018, 40384, 7.44
e_107, 16316, 104833, 0.00, 13722, 93444, 0.01, 8470, 46905, 0.19, 6498, 29524, 1.20, 6520, 29677, 1.94, 8035, 42420, 2.64, 6500, 29565, 3.81, 6520, 29677, 4.95, 6500, 29565, 6.09, 6500, 29591, 7.22, 6500, 29565, 8.47, 6634, 30640, 9.55, 6500, 29565, 10.37
e_108, 2048, 30272, 0.00, 2043, 30259, 0.00, 2011, 28323, 0.01, 1686, 19908, 0.09, 1686, 19908, 0.16, 2008, 28249, 0.20, 1686, 19908, 0.27, 1686, 19908, 0.34, 1686, 19908, 0.41, 1686, 19908, 0.47, 1686, 19908, 0.54, 1686, 19910, 0.60, 1686, 19908, 0.67
e_109, 16382, 149298, 0.00, 6242, 28840, 0.09, 6242, 28840, 0.14, 6242, 28840, 0.22, 6242, 28840, 0.27, 6242, 28840, 0.33, 6242, 28840, 0.39, 6228, 28728, 0.45, 6242, 28840, 0.51, 6242, 28840, 0.57, 6242, 28840, 0.63, 6242, 28840, 0.69, 6242, 28840, 0.75
e_110, 2048, 6990, 0.00, 613, 3121, 0.00, 611, 3083, 0.00, 611, 3069, 1.11, 611, 3083, 1.12, 611, 3083, 1.12, 611, 3083, 1.12, 611, 3083, 1.13, 611, 3083, 1.13, 611, 3083, 1.14, 611, 3083, 1.14, 611, 3083, 1.15, 611, 3083, 1.16
e_111, 2048, 31904, 0.00, 1241, 12812, 0.01, 1241, 12812, 0.02, 1241, 12812, 0.04, 1241, 12812, 0.06, 1241, 12812, 0.07, 1241, 12812, 0.08, 1241, 12812, 0.09, 1241, 12812, 0.11, 1241, 12812, 0.12, 1241, 12812, 0.14, 1241, 12812, 0.15, 1241, 12812, 0.16
e_112, 2048, 30308, 0.00, 2048, 30308, 0.00, 1981, 28075, 0.01, 1664, 19725, 0.10, 1664, 19725, 0.17, 1975, 27917, 0.21, 1664, 19725, 0.29, 1664, 19725, 0.36, 1664, 19725, 0.44, 1664, 19725, 0.51, 1664, 19725, 0.58, 1666, 19775, 0.65, 1664, 19725, 0.72
e_113, 1024, 25750, 0.00, 664, 11626, 0.01, 664, 11626, 0.01, 664, 11626, 0.03, 664, 11626, 0.04, 664, 11626, 0.04, 664, 11626, 0.05, 664, 11626, 0.06, 664, 11626, 0.07, 664, 11626, 0.07, 664, 11626, 0.08, 664, 11626, 0.09, 664, 11626, 0.10
e_114, 2044, 23899, 0.00, 2001, 23591, 0.00, 1933, 19544, 0.03, 1813, 16599, 0.58, 1837, 17696, 0.86, 1882, 18496, 1.10, 1815, 17375, 1.45, 1837, 17696, 1.74, 1815, 17375, 2.04, 1815, 17433, 2.24, 1815, 17375, 2.52, 1815, 17402, 2.72, 1815, 17375, 3.12
e_115, 32766, 304304, 0.00, 32537, 303055, 0.03, 29229, 259159, 0.27, 20708, 127527, 1.91, 20708, 127527, 4.04, 29194, 258599, 4.94, 20708, 127527, 6.71, 20708, 127527, 8.36, 20708, 127527, 10.10, 20708, 127527, 11.89, 20708, 127527, 13.71, 20720, 127638, 15.81, 20708, 127527, 17.73
e_116, 1024, 24462, 0.00, 1024, 24462, 0.00, 1019, 23171, 0.01, 938, 19654, 0.11, 938, 19654, 0.18, 1017, 23050, 0.21, 938, 19654, 0.26, 938, 19654, 0.31, 938, 19654, 0.36, 938, 19654, 0.41, 938, 19654, 0.46, 938, 19657, 0.51, 938, 19654, 0.56
e_117, 32764, 304790, 0.00, 32505, 303380, 0.03, 29455, 261485, 0.28, 20471, 124413, 1.86, 20471, 124413, 3.69, 29435, 261131, 4.33, 20471, 124413, 5.91, 20471, 124413, 7.94, 20471, 124413, 9.58, 20471, 124413, 11.87, 20471, 124413, 14.22, 20475, 124460, 15.88, 20471, 124413, 17.34
e_118, 32711, 240624, 0.00, 29866, 226347, 0.03, 21797, 134183, 0.52, 17359, 87646, 3.20, 17381, 87968, 5.30, 21068, 125549, 6.68, 17379, 87936, 9.25, 17381, 87968, 11.40, 17379, 87936, 14.60, 17379, 87971, 17.14, 17379, 87936, 19.42, 17511, 89235, 21.27, 17379, 87936, 23.46
e_119, 32751, 272707, 0.00, 31628, 266728, 0.03, 26485, 194384, 0.45, 21132, 123334, 3.28, 21133, 123353, 5.85, 26139, 189309, 6.88, 21133, 123353, 8.97, 21133, 123353, 11.12, 21133, 123353, 13.11, 21133, 123360, 15.36, 21133, 123353, 17.25, 21203, 124092, 18.99, 21133, 123353, 21.59
e_120, 2048, 28679, 0.00, 2038, 28635, 0.00, 2001, 25511, 0.01, 1822, 20930, 0.10, 1822, 20930, 0.17, 1993, 25289, 0.21, 1822, 20930, 0.28, 1822, 20930, 0.35, 1822, 20930, 0.42, 1822, 20930, 0.49, 1822, 20930, 0.56, 1823, 20977, 0.63, 1822, 20930, 0.70
e_121, 1024, 5480, 0.00, 525, 3412, 0.00, 515, 3295, 0.00, 515, 3292, 0.82, 515, 3293, 0.82, 515, 3293, 0.83, 515, 3293, 0.84, 515, 3293, 0.85, 515, 3293, 0.86, 515, 3295, 0.87, 515, 3293, 0.88, 515, 3293, 0.89, 515, 3293, 0.90
e_122, 32766, 305033, 0.00, 32563, 303900, 0.03, 29473, 262548, 0.34, 20399, 124974, 2.18, 20399, 124974, 4.10, 29455, 262133, 5.15, 20399, 124974, 7.51, 20399, 124974, 9.27, 20399, 124974, 11.47, 20399, 124974, 13.10, 20399, 124974, 15.55, 20406, 125082, 17.45, 20399, 124974, 19.80
e_123, 32735, 256256, 0.00, 30893, 247080, 0.03, 24661, 164765, 0.41, 19872, 108095, 3.29, 19876, 108147, 6.06, 24133, 157678, 7.52, 19876, 108147, 9.61, 19876, 108147, 11.48, 19876, 108147, 13.43, 19876, 108154, 15.80, 19876, 108147, 18.29, 20010, 109491, 20.47, 19876, 108147, 23.22
e_124, 32760, 288288, 0.00, 32156, 285096, 0.03, 28164, 226463, 0.31, 21596, 132639, 2.63, 21596, 132639, 4.35, 28051, 224495, 5.43, 21596, 132639, 7.55, 21596, 132639, 9.92, 21596, 132639, 11.63, 21596, 132639, 13.71, 21596, 132639, 15.40, 21641, 133192, 17.28, 21596, 132639, 19.40
e_125, 32759, 288748, 0.00, 32168, 285568, 0.03, 28018, 225376, 0.32, 21233, 129811, 2.90, 21233, 129812, 4.70, 27919, 223578, 5.81, 21233, 129812, 8.50, 21233, 129812, 10.48, 21233, 129812, 12.41, 21233, 129812, 14.19, 21233, 129812, 16.52, 21322, 130596, 18.00, 21233, 129812, 20.47
e_126, 32762, 288979, 0.00, 32235, 286024, 0.03, 28000, 226927, 0.45, 21306, 131754, 3.17, 21306, 131754, 4.91, 27881, 224830, 5.88, 21306, 131754, 8.13, 21306, 131754, 10.92, 21306, 131754, 12.78, 21306, 131754, 14.88, 21306, 131754, 17.24, 21334, 132107, 18.77, 21306, 131754, 20.92
e_127, 2046, 25492, 0.00, 2024, 25366, 0.00, 1975, 21042, 0.03, 1853, 18178, 0.19, 1853, 18342, 0.32, 1942, 19986, 0.41, 1853, 18342, 0.54, 1853, 18342, 0.67, 1853, 18342, 0.80, 1853, 18397, 0.98, 1853, 18342, 1.18, 1854, 18388, 1.35, 1853, 18342, 1.56
e_128, 32748, 272272, 0.00, 31638, 266518, 0.04, 26579, 194325, 0.45, 21130, 123661, 2.96, 21132, 123679, 5.99, 26275, 190082, 7.71, 21130, 123668, 10.24, 21132, 123679, 12.80, 21130, 123668, 15.24, 21130, 123670, 17.63, 21130, 123668, 20.47, 21240, 124941, 22.30, 21130, 123668, 24.99
e_129, 32732, 256665, 0.00, 30901, 247147, 0.03, 24068, 160887, 0.49, 19276, 104253, 3.13, 19291, 104451, 6.03, 23457, 153136, 7.66, 19291, 104451, 9.78, 19291, 104451, 12.45, 19291, 104451, 15.72, 19291, 104471, 18.16, 19291, 104451, 20.87, 19352, 105522, 23.21, 19291, 104451, 25.88
e_130, 32759, 272924, 0.00, 31590, 266651, 0.03, 26044, 191638, 0.38, 20256, 118730, 2.58, 20257, 118742, 4.87, 25667, 186162, 6.39, 20257, 118742, 8.22, 20257, 118742, 10.26, 20257, 118742, 12.53, 20257, 118744, 14.96, 20257, 118742, 17.40, 20326, 119484, 19.18, 20257, 118742, 21.63
e_131, 32719, 240240, 0.00, 29886, 226224, 0.03, 21915, 135119, 0.47, 17707, 90989, 4.28, 17745, 91255, 6.90, 21215, 126785, 9.15, 17744, 91247, 12.18, 17745, 91255, 14.60, 17744, 91247, 16.94, 17745, 91361, 19.50, 17744, 91247, 22.00, 17934, 93041, 24.06, 17744, 91247, 26.89
e_132, 2048, 31866, 0.00, 1233, 12588, 0.01, 1233, 12588, 0.03, 1233, 12588, 0.05, 1233, 12588, 0.06, 1233, 12588, 0.07, 1233, 12588, 0.09, 1233, 12588, 0.10, 1233, 12588, 0.12, 1233, 12588, 0.13, 1233, 12588, 0.14, 1233, 12588, 0.16, 1233, 12588, 0.17
e_133, 2046, 22332, 0.00, 1933, 21704, 0.00, 1805, 17946, 0.04, 1679, 14973, 1.10, 1721, 16455, 1.29, 1751, 16889, 1.48, 1700, 16144, 1.81, 1721, 16455, 2.11, 1699, 16123, 2.44, 1700, 16214, 2.70, 1699, 16123, 3.09, 1702, 16200, 3.43, 1699, 16123, 3.82
e_134, 32741, 256870, 0.00, 30849, 246884, 0.03, 23914, 160821, 0.66, 18940, 104135, 3.77, 18946, 104220, 6.39, 23345, 153485, 7.66, 18945, 104198, 10.08, 18946, 104220, 12.29, 18945, 104198, 14.48, 18945, 104207, 16.52, 18945, 104198, 19.46, 19011, 105075, 21.50, 18945, 104198, 23.72
e_135, 32716, 240816, 0.00, 29867, 226939, 0.03, 21426, 132930, 0.57, 16901, 87088, 4.44, 16912, 87256, 7.92, 20689, 124151, 9.71, 16910, 87249, 12.87, 16912, 87256, 15.35, 16910, 87249, 18.29, 16910, 87310, 20.71, 16910, 87249, 23.94, 17036, 88398, 26.29, 16910, 87249, 29.29
e_136, 65532, 288528, 0.00, 61731, 268040, 0.05, 25763, 93371, 0.44, 17309, 53146, 1.62, 17309, 53146, 2.66, 25756, 93349, 3.16, 17309, 53146, 4.51, 17309, 53146, 6.06, 17309, 53146, 7.14, 17309, 53146, 8.32, 17309, 53146, 9.73, 17733, 54339, 10.81, 17309, 53146, 11.86
e_137, 2048, 7003, 0.00, 640, 3188, 0.00, 637, 3139, 0.00, 636, 3121, 0.43, 637, 3139, 0.44, 637, 3139, 0.45, 637, 3139, 0.45, 637, 3139, 0.46, 637, 3139, 0.46, 637, 3139, 0.47, 637, 3139, 0.47, 637, 3139, 0.48, 637, 3139, 0.48
e_138, 65530, 273310, 0.00, 56569, 229701, 0.05, 14074, 44775, 0.32, 11063, 31280, 0.87, 11063, 31280, 1.37, 14072, 44760, 1.73, 11063, 31280, 2.26, 11063, 31280, 3.03, 11063, 31280, 3.71, 11063, 31280, 4.21, 11063, 31280, 4.82, 11063, 31280, 5.33, 11063, 31280, 5.83
e_139, 65535, 288492, 0.00, 61700, 267847, 0.05, 25698, 93357, 0.45, 17765, 55178, 1.68, 17765, 55178, 2.96, 25698, 93357, 3.65, 17765, 55178, 5.11, 17765, 55178, 6.59, 17765, 55178, 8.13, 17765, 55178, 9.23, 17765, 55178, 10.76, 17765, 55178, 12.23, 17765, 55178, 13.59
e_140, 65522, 273600, 0.00, 56347, 228891, 0.05, 14901, 47577, 0.33, 11297, 31607, 1.25, 11297, 31607, 1.92, 14900, 47571, 2.26, 11297, 31607, 3.09, 11297, 31607, 3.96, 11297, 31607, 4.85, 11297, 31607, 5.71, 11297, 31607, 6.43, 11297, 31607, 7.32, 11297, 31607, 7.95
e_141, 65536, 303686, 0.00, 29972, 105242, 0.34, 29903, 104926, 0.60, 29726, 104214, 1.08, 29900, 104934, 1.41, 29929, 105076, 1.75, 29915, 104996, 2.10, 29857, 104814, 2.40, 29919, 104986, 2.63, 29929, 105052, 2.84, 29914, 104980, 3.08, 29903, 104922, 3.44, 29930, 105016, 3.82
e_142, 65527, 273337, 0.00, 56843, 230657, 0.07, 13916, 44077, 0.53, 10809, 30244, 1.25, 10809, 30244, 1.77, 13915, 44066, 2.33, 10809, 30244, 2.97, 10809, 30244, 3.66, 10809, 30244, 4.19, 10809, 30244, 4.71, 10809, 30244, 5.24, 10809, 30244, 5.77, 10809, 30244, 6.30
e_143, 65536, 303696, 0.00, 29029, 100868, 0.34, 28931, 100492, 0.56, 28965, 100616, 1.04, 28894, 100296, 1.37, 29023, 100848, 1.70, 28943, 100536, 2.05, 28989, 100684, 2.40, 28973, 100626, 2.75, 28965, 100628, 3.10, 28972, 100658, 3.46, 28883, 100328, 3.69, 28987, 100720, 3.92
e_144, 65536, 303996, 0.00, 29817, 104676, 0.28, 29687, 104146, 0.47, 29784, 104560, 0.79, 29693, 104128, 1.02, 29773, 104494, 1.31, 29812, 104650, 1.65, 29746, 104402, 1.88, 29634, 104038, 2.13, 29747, 104416, 2.36, 29717, 104282, 2.64, 29787, 104550, 3.03, 29709, 104236, 3.43
e_145, 2048, 27086, 0.00, 2037, 27060, 0.00, 1994, 23196, 0.02, 1862, 20171, 0.13, 1862, 20191, 0.22, 1975, 22644, 0.30, 1862, 20191, 0.42, 1862, 20191, 0.54, 1862, 20191, 0.66, 1862, 20203, 0.77, 1862, 20191, 0.89, 1862, 20204, 1.00, 1862, 20191, 1.12
e_146, 65532, 288796, 0.00, 61761, 268581, 0.05, 26036, 94451, 0.46, 17413, 53134, 1.60, 17413, 53134, 2.87, 26036, 94451, 3.58, 17413, 53134, 4.71, 17413, 53134, 5.79, 17413, 53134, 6.87, 17413, 53134, 7.90, 17413, 53134, 8.98, 17413, 53134, 10.11, 17413, 53134, 11.27
e_147, 1024, 25052, 0.00, 721, 12910, 0.01, 721, 12910, 0.01, 721, 12910, 0.03, 721, 12910, 0.04, 721, 12910, 0.05, 721, 12910, 0.06, 721, 12910, 0.07, 721, 12910, 0.07, 721, 12910, 0.08, 721, 12910, 0.09, 721, 12910, 0.10, 721, 12910, 0.11
e_148, 2048, 25737, 0.00, 2010, 25512, 0.00, 1921, 21214, 0.04, 1800, 18478, 0.33, 1806, 18901, 0.59, 1862, 20048, 0.83, 1801, 18810, 1.03, 1806, 18901, 1.21, 1801, 18810, 1.40, 1801, 18880, 1.60, 1801, 18810, 1.91, 1804, 18881, 2.15, 1801, 18810, 2.45
e_149, 1024, 3624, 0.00, 400, 1987, 0.00, 392, 1921, 0.00, 389, 1903, 5.83, 392, 1921, 5.83, 392, 1921, 5.86, 392, 1921, 5.89, 392, 1921, 5.89, 392, 1921, 5.92, 392, 1921, 5.95, 392, 1921, 5.97, 392, 1921, 6.00, 392, 1921, 6.03
e_150, 1024, 22042, 0.00, 1024, 22042, 0.00, 1018, 20063, 0.02, 970, 18353, 0.10, 970, 18373, 0.16, 1015, 19938, 0.19, 970, 18373, 0.25, 970, 18373, 0.31, 970, 18373, 0.37, 970, 18384, 0.43, 970, 18373, 0.49, 973, 18511, 0.54, 970, 18373, 0.60
e_151, 65534, 653240, 0.00, 65153, 651037, 0.06, 61127, 581170, 0.78, 44733, 305187, 5.64, 44733, 305187, 11.26, 61093, 580477, 13.28, 44733, 305187, 18.15, 44733, 305187, 22.64, 44733, 305187, 28.40, 44733, 305187, 34.45, 44733, 305187, 38.90, 44741, 305356, 43.80, 44733, 305187, 48.12
e_152, 65531, 618237, 0.00, 64757, 613941, 0.06, 59136, 508459, 0.79, 46916, 316924, 8.34, 46917, 316948, 14.21, 58844, 502803, 17.88, 46917, 316948, 24.49, 46917, 316948, 29.48, 46917, 316948, 35.81, 46917, 316948, 41.46, 46917, 316948, 47.55, 46942, 317644, 53.22, 46917, 316948, 58.36
e_153, 2043, 22306, 0.00, 1971, 21826, 0.00, 1881, 18161, 0.04, 1770, 15612, 0.57, 1794, 16789, 0.77, 1814, 17066, 0.93, 1783, 16583, 1.13, 1794, 16789, 1.32, 1782, 16555, 1.55, 1787, 16646, 1.73, 1782, 16555, 1.97, 1782, 16574, 2.17, 1782, 16555, 2.38
e_154, 65536, 653641, 0.00, 65157, 651490, 0.06, 61101, 582135, 0.75, 44975, 308997, 5.91, 44975, 308997, 10.54, 61047, 580942, 12.22, 44975, 308997, 17.13, 44975, 308997, 21.48, 44975, 308997, 26.47, 44975, 308997, 31.97, 44975, 308997, 36.55, 44985, 309178, 42.23, 44975, 308997, 47.81
e_155, 65529, 619239, 0.00, 64752, 614915, 0.06, 58984, 508011, 0.80, 47071, 320780, 7.97, 47074, 320816, 13.68, 58720, 503496, 16.99, 47074, 320816, 22.61, 47074, 320816, 29.39, 47074, 320816, 34.45, 47074, 320816, 40.24, 47074, 320816, 46.86, 47157, 322118, 52.47, 47074, 320816, 57.63
e_156, 65522, 584478, 0.00, 63837, 575281, 0.06, 56009, 438565, 1.04, 45733, 293499, 7.35, 45734, 293530, 13.11, 55388, 428416, 17.59, 45734, 293530, 24.91, 45734, 293530, 32.22, 45734, 293530, 38.19, 45734, 293532, 44.43, 45734, 293530, 51.00, 45845, 295154, 57.95, 45734, 293530, 64.62
e_157, 65536, 652583, 0.00, 65181, 650588, 0.06, 61067, 579859, 0.61, 44909, 306105, 5.11, 44909, 306105, 9.23, 60993, 578324, 11.87, 44909, 306105, 16.25, 44909, 306105, 20.64, 44909, 306105, 24.87, 44909, 306105, 29.87, 44909, 306105, 34.21, 44914, 306222, 38.66, 44909, 306105, 43.90
e_158, 65521, 584837, 0.00, 63834, 575553, 0.06, 55990, 440213, 1.51, 45911, 298034, 9.29, 45936, 298230, 16.71, 55286, 429621, 20.74, 45911, 298047, 28.11, 45936, 298230, 34.66, 45911, 298047, 41.49, 45911, 298050, 47.37, 45911, 298047, 54.04, 46000, 299564, 61.17, 45911, 298047, 68.99
e_159, 65503, 550097, 0.00, 62512, 534038, 0.06, 52301, 374322, 1.12, 43177, 257964, 10.34, 43182, 258132, 18.01, 51198, 358212, 21.70, 43181, 258118, 29.51, 43182, 258132, 35.90, 43181, 258118, 43.64, 43181, 258162, 50.78, 43181, 258118, 59.38, 43396, 260909, 67.13, 43181, 258118, 74.57
e_160, 2048, 32172, 0.00, 1271, 12870, 0.02, 1271, 12870, 0.03, 1271, 12870, 0.05, 1271, 12870, 0.07, 1271, 12870, 0.08, 1271, 12870, 0.09, 1271, 12870, 0.11, 1271, 12870, 0.12, 1271, 12870, 0.14, 1271, 12870, 0.15, 1271, 12870, 0.17, 1271, 12870, 0.18
e_161, 2048, 28713, 0.00, 2042, 28658, 0.00, 1987, 25450, 0.02, 1815, 21206, 0.12, 1815, 21208, 0.23, 1976, 25101, 0.30, 1815, 21208, 0.41, 1815, 21208, 0.53, 1815, 21208, 0.64, 1815, 21211, 0.70, 1815, 21208, 0.78, 1816, 21248, 0.85, 1815, 21208, 0.92
e_162, 131066, 573836, 0.00, 123407, 533092, 0.10, 48574, 174279, 1.23, 33641, 102880, 5.86, 33641, 102880, 9.71, 48574, 174279, 11.03, 33641, 102880, 14.21, 33641, 102880, 17.03, 33641, 102880, 20.04, 33641, 102880, 23.47, 33641, 102880, 27.13, 33641, 102880, 30.49, 33641, 102880, 34.29
e_163, 131067, 574081, 0.00, 123088, 530853, 0.10, 49103, 175843, 1.73, 35070, 106913, 5.23, 35070, 106913, 8.60, 49102, 175835, 10.03, 35070, 106913, 12.48, 35070, 106913, 14.93, 35070, 106913, 17.46, 35070, 106913, 20.74, 35070, 106913, 24.30, 35070, 106913, 27.27, 35070, 106913, 30.31
e_164, 65497, 549544, 0.00, 62806, 534981, 0.06, 52341, 373712, 1.29, 43635, 261970, 10.81, 43665, 262327, 19.88, 51241, 357560, 25.45, 43653, 262268, 34.89, 43665, 262327, 42.90, 43653, 262268, 52.38, 43654, 262356, 60.66, 43653, 262268, 69.07, 43877, 265069, 76.04, 43653, 262268, 84.35
e_165, 131072, 603932, 0.00, 56612, 195962, 0.61, 56399, 195180, 1.14, 56453, 195292, 1.84, 56516, 195600, 2.34, 56457, 195354, 3.17, 56524, 195562, 4.00, 56553, 195736, 4.72, 56564, 195728, 5.23, 56444, 195344, 5.71, 56463, 195378, 6.23, 56372, 195086, 6.73, 56467, 195418, 7.22
e_166, 65519, 583890, 0.00, 63962, 575286, 0.06, 56092, 438456, 1.05, 46416, 298453, 9.80, 46449, 298728, 16.07, 55462, 428104, 19.72, 46448, 298714, 25.98, 46449, 298728, 33.46, 46448, 298714, 39.71, 46448, 298722, 45.22, 46448, 298714, 51.71, 46548, 300384, 57.31, 46448, 298714, 64.06
e_167, 1024, 5487, 0.00, 563, 3546, 0.00, 563, 3527, 0.00, 563, 3526, 1.20, 563, 3527, 1.20, 563, 3527, 1.21, 563, 3527, 1.21, 563, 3527, 1.22, 563, 3527, 1.22, 563, 3527, 1.22, 563, 3527, 1.23, 563, 3527, 1.23, 563, 3527, 1.23
e_168, 65502, 550435, 0.00, 62564, 534652, 0.06, 52174, 374537, 1.51, 43439, 263785, 11.28, 43459, 264138, 18.71, 51030, 359348, 23.26, 43450, 264042, 30.63, 43459, 264138, 38.42, 43450, 264042, 46.42, 43451, 264122, 54.29, 43450, 264042, 63.13, 43681, 266715, 70.17, 43450, 264042, 77.76
e_169, 131072, 604300, 0.00, 55579, 191746, 0.72, 55300, 190640, 1.07, 55318, 190784, 1.72, 55376, 190940, 2.20, 55319, 190786, 2.68, 55258, 190528, 3.14, 55260, 190526, 3.65, 55400, 191076, 4.16, 55415, 191182, 4.63, 55303, 190674, 5.17, 55380, 191026, 5.67, 55333, 190668, 6.19
e_170, 131063, 573737, 0.00, 123213, 531438, 0.10, 48226, 172342, 1.25, 34282, 104389, 4.49, 34282, 104389, 6.85, 48226, 172342, 8.07, 34282, 104389, 10.85, 34282, 104389, 13.05, 34282, 104389, 15.60, 34282, 104389, 17.94, 34282, 104389, 20.55, 34282, 104389, 23.84, 34282, 104389, 26.38
e_171, 131072, 604042, 0.00, 54761, 187778, 0.59, 54474, 186782, 0.96, 54509, 186948, 1.66, 54673, 187478, 2.12, 54553, 187062, 2.60, 54583, 187146, 3.04, 54588, 187212, 3.48, 54663, 187422, 3.95, 54631, 187292, 4.41, 54602, 187214, 5.16, 54661, 187388, 5.67, 54635, 187354, 6.15
e_172, 4096, 67676, 0.00, 4091, 67650, 0.00, 4027, 63480, 0.03, 3540, 49143, 0.21, 3540, 49143, 0.36, 4015, 63255, 0.45, 3540, 49143, 0.60, 3540, 49143, 0.78, 3540, 49143, 1.02, 3540, 49143, 1.26, 3540, 49143, 1.51, 3540, 49150, 1.73, 3540, 49143, 1.89
e_173, 1024, 23175, 0.00, 1024, 23175, 0.00, 1017, 21012, 0.01, 992, 19959, 0.07, 992, 19980, 0.10, 1014, 20828, 0.13, 992, 19980, 0.16, 992, 19980, 0.20, 992, 19980, 0.23, 992, 19993, 0.26, 992, 19980, 0.29, 992, 19992, 0.32, 992, 19980, 0.36
e_174, 1010, 2048, 0.00, 236, 868, 0.00, 235, 870, 0.00, 235, 870, 0.31, 235, 870, 0.31, 235, 870, 0.32, 235, 870, 0.33, 235, 870, 0.33, 235, 870, 0.33, 235, 870, 0.34, 235, 870, 0.35, 235, 870, 0.35, 235, 870, 0.36
e_175, 2043, 22520, 0.00, 1962, 22087, 0.00, 1839, 18320, 0.04, 1683, 14974, 0.65, 1705, 16147, 0.85, 1742, 16807, 1.19, 1703, 16102, 1.49, 1705, 16147, 1.76, 1703, 16102, 2.00, 1703, 16153, 2.15, 1703, 16102, 2.35, 1703, 16124, 2.61, 1703, 16102, 2.91
e_176, 4096, 66372, 0.00, 4096, 66372, 0.01, 4043, 62465, 0.04, 3617, 49798, 0.31, 3617, 49798, 0.55, 4034, 62205, 0.69, 3617, 49798, 0.95, 3617, 49798, 1.22, 3617, 49798, 1.48, 3617, 49798, 1.74, 3617, 49798, 2.01, 3617, 49807, 2.25, 3617, 49798, 2.45
e_177, 32766, 320320, 0.00, 15212, 78752, 0.27, 15212, 78752, 0.47, 15212, 78752, 0.86, 15212, 78752, 1.14, 15212, 78752, 1.32, 15212, 78752, 1.51, 15207, 78726, 1.70, 15212, 78752, 1.90, 15212, 78752, 2.08, 15212, 78752, 2.28, 15212, 78752, 2.53, 15212, 78752, 2.84
e_178, 4096, 66408, 0.00, 4096, 66408, 0.00, 4059, 62771, 0.03, 3562, 47917, 0.20, 3562, 47917, 0.35, 4052, 62497, 0.43, 3562, 47917, 0.57, 3562, 47917, 0.72, 3562, 47917, 0.92, 3562, 47917, 1.14, 3562, 47917, 1.38, 3562, 47925, 1.59, 3562, 47917, 1.83
e_179, 2048, 27346, 0.00, 2027, 27248, 0.00, 1976, 23241, 0.02, 1864, 20693, 0.13, 1864, 20699, 0.22, 1949, 22572, 0.29, 1864, 20699, 0.37, 1864, 20699, 0.45, 1864, 20699, 0.54, 1864, 20717, 0.62, 1864, 20699, 0.70, 1865, 20740, 0.78, 1864, 20699, 0.86
e_180, 32765, 320832, 0.00, 14949, 77906, 0.38, 14949, 77906, 0.63, 14949, 77906, 1.00, 14949, 77906, 1.30, 14949, 77906, 1.49, 14949, 77906, 1.68, 14949, 77906, 1.86, 14949, 77906, 2.05, 14949, 77906, 2.23, 14949, 77906, 2.43, 14949, 77906, 2.61, 14949, 77906, 2.81
e_181, 32767, 321088, 0.00, 15090, 78324, 0.24, 15090, 78324, 0.39, 15090, 78324, 0.62, 15090, 78324, 0.80, 15090, 78324, 1.03, 15090, 78324, 1.31, 15085, 78298, 1.59, 15090, 78324, 1.88, 15090, 78324, 2.15, 15090, 78324, 2.44, 15090, 78324, 2.71, 15090, 78324, 2.99
e_182, 1002, 2048, 0.00, 240, 877, 0.00, 240, 876, 0.00, 240, 876, 0.08, 240, 876, 0.08, 240, 876, 0.08, 240, 876, 0.08, 240, 876, 0.08, 240, 876, 0.08, 240, 876, 0.08, 240, 876, 0.08, 240, 876, 0.09, 240, 876, 0.09
e_183, 1024, 5471, 0.00, 549, 3678, 0.00, 548, 3650, 0.00, 548, 3636, 4.85, 548, 3650, 4.86, 548, 3650, 4.88, 548, 3650, 4.89, 548, 3650, 4.90, 548, 3650, 4.92, 548, 3650, 4.93, 548, 3650, 4.95, 548, 3650, 4.97, 548, 3650, 4.99
e_184, 131065, 1315170, 0.00, 129909, 1308043, 0.12, 121996, 1113877, 1.70, 100715, 746203, 19.16, 100723, 746277, 35.35, 121319, 1100654, 43.56, 100723, 746277, 61.32, 100723, 746277, 79.02, 100723, 746277, 97.13, 100723, 746277, 115.13, 100723, 746277, 133.98, 100855, 748460, 149.78, 100723, 746277, 167.21
e_185, 4096, 62879, 0.00, 4090, 62825, 0.00, 4016, 56236, 0.03, 3764, 49129, 0.31, 3764, 49131, 0.45, 4001, 55758, 0.55, 3764, 49131, 0.69, 3764, 49131, 0.83, 3764, 49131, 0.97, 3764, 49131, 1.11, 3764, 49131, 1.25, 3765, 49184, 1.38, 3764, 49131, 1.52
e_186, 2047, 23928, 0.00, 1973, 23543, 0.00, 1845, 19433, 0.04, 1733, 16698, 0.53, 1746, 17631, 0.83, 1784, 18267, 1.11, 1738, 17474, 1.45, 1746, 17631, 1.72, 1738, 17474, 1.96, 1738, 17546, 2.15, 1738, 17474, 2.40, 1738, 17490, 2.62, 1738, 17474, 2.89
e_187, 1024, 3632, 0.00, 427, 2073, 0.00, 424, 2012, 0.00, 424, 2010, 0.68, 424, 2012, 0.68, 424, 2012, 0.68, 424, 2012, 0.69, 424, 2012, 0.69, 424, 2012, 0.69, 424, 2012, 0.69, 424, 2012, 0.70, 424, 2012, 0.70, 424, 2012, 0.70
e_188, 4096, 62913, 0.00, 4092, 62899, 0.00, 4053, 56642, 0.04, 3777, 49284, 0.33, 3777, 49284, 0.67, 4019, 55787, 0.85, 3777, 49284, 1.19, 3777, 49284, 1.52, 3777, 49284, 1.79, 3777, 49287, 1.98, 3777, 49284, 2.19, 3782, 49365, 2.37, 3777, 49284, 2.59
e_189, 999, 2048, 0.00, 243, 855, 0.00, 243, 855, 0.00, 243, 855, 0.03, 243, 855, 0.03, 243, 855, 0.03, 243, 855, 0.03, 243, 855, 0.03, 243, 855, 0.03, 243, 855, 0.03, 243, 855, 0.03, 243, 855, 0.03, 243, 855, 0.03
e_190, 2048, 7005, 0.00, 649, 3189, 0.00, 647, 3155, 0.00, 646, 3140, 0.39, 647, 3155, 0.40, 647, 3155, 0.40, 647, 3155, 0.41, 647, 3155, 0.41, 647, 3155, 0.41, 647, 3155, 0.42, 647, 3155, 0.42, 647, 3155, 0.43, 647, 3155, 0.43
e_191, 2005, 4143, 0.00, 511, 1871, 0.00, 511, 1871, 0.00, 511, 1871, 0.01, 511, 1871, 0.02, 511, 1871, 0.02, 511, 1871, 0.02, 511, 1871, 0.02, 511, 1871, 0.02, 511, 1871, 0.02, 511, 1871, 0.03, 511, 1871, 0.03, 511, 1871, 0.03
e_192, 2048, 7307, 0.00, 812, 4093, 0.00, 812, 4084, 0.00, 812, 4080, 0.10, 812, 4084, 0.10, 812, 4084, 0.10, 812, 4084, 0.11, 812, 4084, 0.11, 812, 4084, 0.12, 812, 4084, 0.12, 812, 4084, 0.13, 812, 4084, 0.13, 812, 4084, 0.14
e_193, 1024, 17144, 0.00, 1005, 17001, 0.00, 994, 15983, 0.02, 985, 15639, 0.40, 986, 15815, 0.48, 990, 15881, 0.56, 987, 15839, 0.63, 986, 15815, 0.71, 986, 15815, 0.81, 986, 15817, 0.88, 986, 15815, 0.97, 986, 15817, 1.05, 986, 15815, 1.14
e_194, 2048, 15440, 0.00, 1522, 13090, 0.00, 1522, 13055, 0.01, 1522, 13052, 0.33, 1522, 13055, 0.34, 1522, 13055, 0.35, 1522, 13055, 0.36, 1522, 13055, 0.38, 1522, 13055, 0.39, 1522, 13055, 0.40, 1522, 13055, 0.41, 1522, 13055, 0.43, 1522, 13055, 0.44
e_195, 1024, 32768, 0.00, 1024, 32768, 0.00, 1024, 32768, 0.01, 1024, 32768, 0.09, 1024, 32768, 0.12, 1024, 32768, 0.14, 1024, 32768, 0.16, 1024, 32768, 0.18, 1024, 32768, 0.21, 1024, 32768, 0.22, 1024, 32768, 0.25, 1024, 32768, 0.27, 1024, 32768, 0.29
e_196, 1024, 16384, 0.00, 1024, 16384, 0.00, 1024, 16384, 0.00, 1024, 16384, 0.07, 1024, 16384, 0.08, 1024, 16384, 0.09, 1024, 16384, 0.10, 1024, 16384, 0.11, 1024, 16384, 0.12, 1024, 16384, 0.13, 1024, 16384, 0.14, 1024, 16384, 0.15, 1024, 16384, 0.17
e_197, 4096, 93346, 0.00, 4085, 93276, 0.01, 4078, 90123, 0.08, 4071, 89394, 2.62, 4071, 89828, 2.89, 4074, 89925, 3.06, 4071, 89828, 3.29, 4071, 89828, 3.51, 4071, 89828, 3.82, 4071, 89832, 4.09, 4071, 89828, 4.45, 4071, 89828, 4.80, 4071, 89828, 5.16
e_198, 8192, 230662, 0.00, 8192, 230662, 0.01, 8182, 219681, 0.20, 8150, 217112, 3.33, 8156, 218605, 4.61, 8164, 218843, 5.87, 8150, 218422, 7.50, 8156, 218605, 8.45, 8150, 218422, 9.91, 8150, 218507, 11.02, 8150, 218422, 12.74, 8150, 218424, 14.74, 8150, 218422, 16.89
e_199, 16384, 559996, 0.00, 16384, 559996, 0.02, 16384, 533425, 0.20, 16154, 519032, 2.86, 16154, 519037, 4.22, 16364, 532190, 5.06, 16154, 519037, 6.43, 16154, 519037, 7.80, 16154, 519037, 9.76, 16154, 519050, 11.48, 16154, 519037, 13.67, 16156, 519151, 14.87, 16154, 519037, 16.27
e_200, 32767, 503421, 0.00, 32464, 500904, 0.04, 32302, 470067, 0.74, 32136, 461679, 15.18, 32168, 466578, 19.76, 32196, 467258, 25.03, 32170, 466678, 30.00, 32168, 466578, 34.28, 32156, 466268, 41.14, 32161, 466504, 45.90, 32156, 466268, 52.37, 32153, 466308, 58.40, 32156, 466268, 63.86
h_001, 1014, 2103, 0.00, 260, 929, 0.00, 260, 929, 0.00, 260, 928, 0.03, 260, 929, 0.03, 260, 929, 0.03, 260, 929, 0.03, 260, 929, 0.03, 260, 929, 0.03, 260, 929, 0.03, 260, 929, 0.03, 260, 929, 0.03, 260, 929, 0.03
h_002, 1024, 3473, 0.00, 302, 1516, 0.00, 300, 1492, 0.00, 289, 1411, 100.40, 300, 1492, 100.40, 293, 1457, 100.44, 293, 1457, 100.47, 300, 1492, 100.47, 293, 1457, 100.50, 293, 1457, 100.53, 293, 1457, 100.57, 293, 1457, 100.59, 293, 1457, 100.64
h_003, 1024, 3480, 0.00, 296, 1379, 0.00, 292, 1349, 0.00, 291, 1330, 8.38, 292, 1349, 8.38, 292, 1349, 8.38, 292, 1349, 8.39, 292, 1349, 8.39, 292, 1349, 8.39, 292, 1349, 8.39, 292, 1349, 8.39, 292, 1349, 8.40, 292, 1349, 8.40
h_004, 1024, 3624, 0.00, 400, 1987, 0.00, 392, 1921, 0.00, 389, 1903, 5.61, 392, 1921, 5.61, 392, 1921, 5.66, 392, 1921, 5.70, 392, 1921, 5.71, 392, 1921, 5.75, 392, 1921, 5.78, 392, 1921, 5.81, 392, 1921, 5.84, 392, 1921, 5.87
h_005, 843, 3995, 0.00, 794, 3896, 0.00, 159, 567, 0.00, 159, 567, 80.48, 159, 567, 80.48, 159, 567, 80.65, 159, 567, 80.82, 159, 567, 80.82, 159, 567, 81.00, 159, 567, 81.17, 159, 567, 81.44, 159, 567, 81.71, 159, 567, 81.97
h_006, 2002, 4096, 0.00, 483, 1723, 0.00, 482, 1719, 0.00, 482, 1719, 0.02, 482, 1719, 0.03, 482, 1719, 0.03, 482, 1719, 0.03, 482, 1719, 0.04, 482, 1719, 0.04, 482, 1719, 0.04, 482, 1719, 0.04, 482, 1719, 0.05, 482, 1719, 0.05
h_007, 2001, 4096, 0.00, 458, 1667, 0.00, 458, 1667, 0.00, 458, 1667, 0.01, 458, 1667, 0.01, 458, 1667, 0.02, 458, 1667, 0.02, 458, 1667, 0.02, 458, 1667, 0.02, 458, 1667, 0.02, 458, 1667, 0.03, 458, 1667, 0.03, 458, 1667, 0.03
h_008, 1024, 5222, 0.00, 333, 2129, 0.00, 331, 2083, 0.00, 320, 1892, 170.80, 331, 2083, 170.80, 331, 2083, 170.82, 331, 2083, 170.84, 331, 2083, 170.84, 331, 2083, 170.86, 331, 2083, 170.88, 331, 2083, 170.89, 331, 2083, 170.91, 331, 2083, 170.93
h_009, 1024, 5231, 0.00, 342, 2218, 0.00, 342, 2126, 0.00, 333, 1967, 244.27, 342, 2126, 244.28, 342, 2126, 245.36, 342, 2126, 246.43, 342, 2126, 246.43, 342, 2126, 247.51, 342, 2126, 248.60, 342, 2126, 249.68, 342, 2126, 250.77, 342, 2126, 251.82
h_010, 1024, 5471, 0.00, 549, 3678, 0.00, 548, 3650, 0.00, 548, 3636, 5.41, 548, 3650, 5.41, 548, 3650, 5.42, 548, 3650, 5.43, 548, 3650, 5.44, 548, 3650, 5.45, 548, 3650, 5.46, 548, 3650, 5.47, 548, 3650, 5.48, 548, 3650, 5.49
h_011, 1024, 5480, 0.00, 525, 3412, 0.00, 515, 3295, 0.00, 515, 3292, 1.14, 515, 3293, 1.14, 515, 3293, 1.15, 515, 3293, 1.16, 515, 3293, 1.17, 515, 3293, 1.17, 515, 3295, 1.18, 515, 3293, 1.18, 515, 3293, 1.19, 515, 3293, 1.20
h_012, 1024, 5487, 0.00, 563, 3546, 0.00, 563, 3527, 0.00, 563, 3526, 1.31, 563, 3527, 1.31, 563, 3527, 1.32, 563, 3527, 1.32, 563, 3527, 1.32, 563, 3527, 1.33, 563, 3527, 1.33, 563, 3527, 1.34, 563, 3527, 1.34, 563, 3527, 1.34
h_013, 2033, 5216, 0.00, 909, 3416, 0.00, 909, 3415, 0.00, 909, 3415, 0.03, 909, 3415, 0.04, 909, 3415, 0.04, 909, 3415, 0.04, 909, 3415, 0.05, 909, 3415, 0.05, 909, 3415, 0.06, 909, 3415, 0.06, 909, 3415, 0.06, 909, 3415, 0.07
h_014, 2029, 5219, 0.00, 884, 3309, 0.00, 884, 3309, 0.00, 884, 3309, 0.04, 884, 3309, 0.04, 884, 3309, 0.04, 884, 3309, 0.04, 884, 3309, 0.05, 884, 3309, 0.05, 884, 3309, 0.05, 884, 3309, 0.06, 884, 3309, 0.06, 884, 3309, 0.06
h_015, 2048, 7005, 0.00, 649, 3189, 0.00, 647, 3155, 0.01, 646, 3140, 0.56, 647, 3155, 0.56, 647, 3155, 0.57, 647, 3155, 0.57, 647, 3155, 0.58, 647, 3155, 0.59, 647, 3155, 0.59, 647, 3155, 0.60, 647, 3155, 0.61, 647, 3155, 0.61
h_016, 2048, 7307, 0.00, 812, 4093, 0.00, 812, 4084, 0.00, 812, 4080, 0.10, 812, 4084, 0.10, 812, 4084, 0.11, 812, 4084, 0.11, 812, 4084, 0.11, 812, 4084, 0.12, 812, 4084, 0.12, 812, 4084, 0.13, 812, 4084, 0.13, 812, 4084, 0.14
h_017, 1024, 9737, 0.00, 849, 8652, 0.00, 849, 8620, 0.01, 849, 8620, 0.28, 849, 8620, 0.29, 849, 8620, 0.30, 849, 8620, 0.31, 849, 8620, 0.32, 849, 8620, 0.33, 849, 8620, 0.34, 849, 8620, 0.36, 849, 8620, 0.37, 849, 8620, 0.38
h_018, 1974, 9003, 0.00, 1813, 8747, 0.00, 494, 1787, 0.00, 494, 1787, 0.02, 494, 1787, 0.03, 494, 1787, 0.03, 494, 1787, 0.03, 494, 1787, 0.04, 494, 1787, 0.04, 494, 1787, 0.05, 494, 1787, 0.05, 494, 1787, 0.06, 494, 1787, 0.06
h_019, 1024, 10284, 0.00, 780, 8163, 0.00, 780, 8091, 0.01, 780, 8085, 0.81, 780, 8091, 0.82, 780, 8091, 0.83, 780, 8091, 0.84, 780, 8091, 0.85, 780, 8091, 0.86, 780, 8091, 0.86, 780, 8091, 0.87, 780, 8091, 0.88, 780, 8091, 0.89
h_020, 1024, 10743, 0.00, 916, 9908, 0.00, 916, 9887, 0.01, 916, 9883, 0.24, 916, 9887, 0.25, 916, 9887, 0.26, 916, 9887, 0.27, 916, 9887, 0.28, 916, 9887, 0.29, 916, 9887, 0.29, 916, 9887, 0.31, 916, 9887, 0.32, 916, 9887, 0.33
h_021, 2048, 10573, 0.00, 759, 5001, 0.00, 754, 4916, 0.01, 745, 4573, 0.48, 754, 4916, 0.50, 754, 4916, 0.51, 754, 4916, 0.53, 754, 4916, 0.54, 754, 4916, 0.55, 754, 4916, 0.56, 754, 4916, 0.58, 754, 4916, 0.59, 754, 4916, 0.60
h_022, 2048, 10584, 0.00, 744, 4739, 0.00, 743, 4687, 0.00, 743, 4671, 2.53, 743, 4687, 2.53, 743, 4687, 2.54, 743, 4687, 2.54, 743, 4687, 2.55, 743, 4687, 2.55, 743, 4687, 2.56, 743, 4687, 2.56, 743, 4687, 2.56, 743, 4687, 2.57
h_023, 2048, 11098, 0.00, 1135, 7565, 0.00, 1135, 7543, 0.01, 1135, 7541, 0.19, 1135, 7543, 0.20, 1135, 7543, 0.21, 1135, 7543, 0.21, 1135, 7543, 0.22, 1135, 7543, 0.23, 1135, 7543, 0.23, 1135, 7543, 0.24, 1135, 7543, 0.25, 1135, 7543, 0.26
h_024, 2650, 12400, 0.00, 2491, 12136, 0.00, 582, 2107, 0.00, 582, 2107, 0.03, 582, 2107, 0.03, 582, 2107, 0.04, 582, 2107, 0.05, 582, 2107, 0.06, 582, 2107, 0.07, 582, 2107, 0.07, 582, 2107, 0.08, 582, 2107, 0.09, 582, 2107, 0.10
h_025, 1024, 15102, 0.00, 924, 14061, 0.00, 924, 14019, 0.01, 924, 14003, 137.86, 924, 14019, 137.87, 924, 14019, 137.88, 924, 14019, 137.89, 924, 14019, 137.90, 924, 14019, 137.91, 924, 14019, 137.92, 924, 14019, 137.93, 924, 14019, 137.94, 924, 14019, 137.96
h_026, 2048, 14725, 0.00, 1190, 10365, 0.00, 1190, 10333, 0.01, 1190, 10322, 0.60, 1190, 10333, 0.62, 1190, 10333, 0.64, 1190, 10333, 0.66, 1190, 10333, 0.68, 1190, 10333, 0.70, 1190, 10333, 0.71, 1190, 10333, 0.72, 1190, 10333, 0.73, 1190, 10333, 0.74
h_027, 2048, 14738, 0.00, 1173, 10012, 0.00, 1173, 9973, 0.01, 1173, 9970, 0.70, 1173, 9973, 0.71, 1173, 9973, 0.72, 1173, 9973, 0.73, 1173, 9973, 0.74, 1173, 9973, 0.75, 1173, 9973, 0.76, 1173, 9973, 0.77, 1173, 9973, 0.78, 1173, 9973, 0.79
h_028, 3588, 16698, 0.00, 3363, 16356, 0.00, 770, 2842, 0.01, 770, 2842, 0.04, 770, 2842, 0.05, 770, 2842, 0.05, 770, 2842, 0.06, 770, 2842, 0.07, 770, 2842, 0.07, 770, 2842, 0.08, 770, 2842, 0.09, 770, 2842, 0.10, 770, 2842, 0.10
h_029, 1024, 19861, 0.00, 980, 18927, 0.00, 980, 18849, 0.01, 980, 18835, 1.99, 980, 18849, 2.01, 980, 18849, 2.03, 980, 18849, 2.05, 980, 18849, 2.06, 980, 18849, 2.09, 980, 18849, 2.10, 980, 18849, 2.12, 980, 18849, 2.14, 980, 18849, 2.16
h_030, 2048, 18851, 0.00, 1437, 14851, 0.00, 1437, 14831, 0.01, 1437, 14796, 0.68, 1437, 14831, 0.69, 1437, 14831, 0.70, 1437, 14831, 0.72, 1437, 14831, 0.73, 1437, 14831, 0.74, 1437, 14831, 0.75, 1437, 14831, 0.77, 1437, 14831, 0.78, 1437, 14831, 0.80
h_031, 2048, 18876, 0.00, 1477, 14855, 0.00, 1477, 14835, 0.01, 1477, 14834, 0.42, 1477, 14835, 0.43, 1477, 14835, 0.45, 1477, 14835, 0.47, 1477, 14835, 0.49, 1477, 14835, 0.50, 1477, 14835, 0.51, 1477, 14835, 0.52, 1477, 14835, 0.54, 1477, 14835, 0.56
h_032, 2048, 20942, 0.00, 1570, 17192, 0.00, 1570, 17087, 0.01, 1570, 16938, 0.67, 1570, 17087, 0.70, 1570, 17087, 0.73, 1570, 17087, 0.75, 1570, 17087, 0.76, 1570, 17087, 0.78, 1570, 17087, 0.80, 1570, 17087, 0.82, 1570, 17087, 0.83, 1570, 17087, 0.85
h_033, 6301, 20777, 0.00, 1281, 8374, 0.00, 1281, 8372, 0.01, 1281, 8372, 0.10, 1281, 8372, 0.11, 1281, 8372, 0.12, 1281, 8372, 0.13, 1281, 8372, 0.14, 1281, 8372, 0.15, 1281, 8372, 0.16, 1281, 8372, 0.17, 1281, 8372, 0.18, 1281, 8372, 0.19
h_034, 4983, 22602, 0.00, 4539, 21923, 0.00, 1248, 4501, 0.01, 1248, 4501, 0.07, 1248, 4501, 0.08, 1248, 4501, 0.09, 1248, 4501, 0.10, 1248, 4501, 0.12, 1248, 4501, 0.13, 1248, 4501, 0.14, 1248, 4501, 0.15, 1248, 4501, 0.16, 1248, 4501, 0.18
h_035, 7966, 30498, 0.00, 4524, 19788, 0.01, 1298, 4843, 0.02, 893, 2653, 0.05, 893, 2653, 0.08, 1288, 4799, 0.10, 893, 2653, 0.13, 893, 2653, 0.16, 893, 2653, 0.19, 893, 2653, 0.22, 893, 2653, 0.24, 901, 2677, 0.27, 893, 2653, 0.30
h_036, 7957, 30671, 0.00, 4432, 19566, 0.01, 1501, 5564, 0.02, 942, 2866, 0.06, 942, 2866, 0.09, 1501, 5563, 0.11, 942, 2866, 0.15, 942, 2866, 0.18, 942, 2866, 0.22, 942, 2866, 0.27, 942, 2866, 0.31, 1033, 3102, 0.34, 942, 2866, 0.39
h_037, 7941, 30814, 0.00, 4533, 20374, 0.01, 1895, 7772, 0.04, 1293, 4184, 0.11, 1293, 4184, 0.18, 1895, 7772, 0.22, 1293, 4184, 0.28, 1293, 4184, 0.34, 1293, 4184, 0.39, 1293, 4184, 0.43, 1293, 4184, 0.47, 1293, 4184, 0.51, 1293, 4184, 0.56
h_038, 10876, 39994, 0.00, 2828, 17096, 0.01, 2828, 17090, 0.01, 2828, 17090, 0.31, 2828, 17090, 0.34, 2828, 17090, 0.38, 2828, 17090, 0.41, 2828, 17090, 0.44, 2828, 17090, 0.46, 2828, 17090, 0.48, 2828, 17090, 0.50, 2828, 17090, 0.52, 2828, 17090, 0.54
h_039, 9473, 43691, 0.00, 8814, 42698, 0.01, 2302, 8422, 0.02, 2302, 8422, 0.13, 2302, 8422, 0.15, 2302, 8422, 0.17, 2302, 8422, 0.20, 2302, 8422, 0.22, 2302, 8422, 0.24, 2302, 8422, 0.26, 2302, 8422, 0.28, 2302, 8422, 0.31, 2302, 8422, 0.34
h_040, 8124, 45091, 0.00, 5893, 36331, 0.01, 2560, 12012, 0.08, 1968, 7469, 0.35, 1970, 7509, 0.56, 2414, 10789, 0.71, 1970, 7509, 0.87, 1970, 7509, 1.01, 1970, 7509, 1.17, 1970, 7523, 1.30, 1970, 7509, 1.44, 1994, 7651, 1.59, 1970, 7509, 1.80
h_041, 8111, 45139, 0.00, 6046, 37138, 0.01, 2902, 14332, 0.08, 2099, 8371, 0.34, 2105, 8432, 0.54, 2676, 12656, 0.70, 2101, 8409, 0.91, 2105, 8432, 1.11, 2101, 8409, 1.35, 2101, 8419, 1.55, 2101, 8409, 1.77, 2117, 8611, 1.97, 2101, 8409, 2.20
h_042, 8128, 45262, 0.00, 5960, 36707, 0.01, 2722, 13340, 0.11, 2076, 8129, 0.46, 2077, 8160, 0.64, 2534, 11923, 0.78, 2077, 8160, 0.95, 2077, 8160, 1.12, 2077, 8160, 1.30, 2077, 8170, 1.46, 2077, 8160, 1.71, 2098, 8379, 1.95, 2077, 8160, 2.22
h_043, 8113, 50901, 0.00, 5593, 38208, 0.01, 1893, 10024, 0.06, 936, 3009, 0.17, 941, 3054, 0.28, 1646, 8050, 0.38, 941, 3054, 0.49, 941, 3054, 0.65, 941, 3054, 0.81, 941, 3054, 0.98, 941, 3054, 1.09, 985, 3325, 1.19, 941, 3054, 1.30
h_044, 8119, 51806, 0.00, 5349, 33424, 0.01, 728, 3395, 0.03, 336, 788, 0.06, 336, 788, 0.10, 720, 3341, 0.12, 336, 788, 0.15, 336, 788, 0.19, 336, 788, 0.23, 336, 788, 0.26, 336, 788, 0.30, 389, 917, 0.33, 336, 788, 0.36
h_045, 8092, 54189, 0.00, 6342, 46146, 0.01, 4918, 30031, 0.16, 4272, 22504, 1.38, 4387, 24475, 2.00, 4528, 26042, 2.71, 4342, 24088, 3.50, 4387, 24475, 4.43, 4331, 23962, 5.59, 4360, 24517, 6.43, 4331, 23962, 7.42, 4341, 24055, 8.56, 4331, 23962, 9.61
h_046, 8088, 54350, 0.00, 6178, 45806, 0.01, 4624, 29188, 0.16, 3939, 21885, 1.78, 4112, 23782, 2.41, 4145, 24550, 3.08, 4000, 23134, 3.76, 4112, 23782, 4.71, 3973, 22825, 5.69, 3983, 23118, 6.57, 3973, 22825, 7.83, 3975, 22920, 8.79, 3973, 22825, 9.64
h_047, 8071, 54807, 0.00, 6200, 46828, 0.01, 4838, 30779, 0.13, 4240, 23686, 1.64, 4479, 26562, 2.42, 4499, 27455, 2.94, 4381, 25960, 3.55, 4479, 26562, 4.16, 4364, 25754, 5.30, 4372, 26029, 6.17, 4364, 25754, 7.15, 4368, 25856, 8.04, 4364, 25754, 8.79
h_048, 8073, 54891, 0.00, 6281, 47073, 0.01, 5088, 32578, 0.13, 4388, 24732, 2.07, 4607, 27396, 2.90, 4624, 27875, 3.77, 4458, 26212, 4.82, 4607, 27396, 5.46, 4455, 26170, 6.43, 4484, 26631, 7.14, 4455, 26170, 8.44, 4471, 26337, 9.48, 4455, 26170, 10.77
h_049, 8099, 57468, 0.00, 5550, 39687, 0.01, 813, 3884, 0.03, 427, 1065, 0.09, 427, 1065, 0.14, 805, 3794, 0.17, 427, 1065, 0.22, 427, 1065, 0.27, 427, 1065, 0.32, 427, 1065, 0.37, 427, 1065, 0.42, 439, 1128, 0.47, 427, 1065, 0.52
h_050, 22687, 54705, 0.00, 3168, 15637, 0.01, 3166, 15621, 0.02, 3166, 15621, 0.20, 3166, 15621, 0.22, 3166, 15621, 0.23, 3166, 15621, 0.25, 3166, 15621, 0.27, 3166, 15621, 0.29, 3166, 15621, 0.31, 3166, 15621, 0.33, 3166, 15621, 0.35, 3166, 15621, 0.37
h_051, 8170, 71995, 0.00, 6451, 61092, 0.01, 4061, 30029, 0.27, 2721, 15217, 1.62, 2791, 16119, 2.71, 3298, 20919, 3.50, 2775, 15922, 4.25, 2791, 16119, 4.96, 2775, 15922, 6.03, 2775, 16009, 6.75, 2775, 15922, 7.56, 2874, 16773, 8.32, 2775, 15922, 9.39
h_052, 8171, 72700, 0.00, 6488, 61472, 0.01, 3958, 28691, 0.18, 2564, 14057, 1.13, 2657, 15343, 1.84, 3217, 19953, 2.92, 2639, 15137, 3.80, 2657, 15343, 4.51, 2639, 15137, 5.38, 2643, 15205, 6.07, 2639, 15137, 6.85, 2690, 15693, 7.65, 2639, 15137, 8.84
h_053, 8178, 73399, 0.00, 6648, 62965, 0.01, 4208, 30717, 0.25, 2800, 15331, 1.51, 2924, 16963, 2.57, 3479, 22370, 3.41, 2874, 16662, 4.14, 2924, 16963, 4.85, 2874, 16662, 5.60, 2874, 16701, 6.28, 2874, 16662, 7.03, 2931, 17066, 7.72, 2874, 16662, 8.74
h_054, 14882, 67834, 0.00, 13640, 65884, 0.01, 3732, 13600, 0.03, 3732, 13600, 0.23, 3732, 13600, 0.26, 3732, 13600, 0.30, 3732, 13600, 0.34, 3732, 13600, 0.37, 3732, 13600, 0.41, 3732, 13600, 0.44, 3732, 13600, 0.48, 3732, 13600, 0.51, 3732, 13600, 0.55
h_055, 15268, 74339, 0.00, 14802, 73681, 0.01, 2647, 9718, 0.03, 2647, 9718, 0.17, 2647, 9718, 0.21, 2647, 9718, 0.24, 2647, 9718, 0.28, 2647, 9718, 0.31, 2647, 9718, 0.34, 2647, 9718, 0.37, 2647, 9718, 0.41, 2647, 9718, 0.44, 2647, 9718, 0.48
h_056, 8185, 82550, 0.00, 5999, 56593, 0.01, 1943, 10996, 0.09, 1144, 4078, 0.28, 1144, 4082, 0.45, 1605, 7637, 0.62, 1144, 4082, 0.80, 1144, 4082, 0.97, 1144, 4082, 1.14, 1144, 4082, 1.31, 1144, 4082, 1.56, 1169, 4288, 1.80, 1144, 4082, 2.07
h_057, 8170, 83083, 0.00, 6168, 61851, 0.01, 2070, 12087, 0.09, 1182, 4542, 0.44, 1203, 4704, 0.64, 1746, 8354, 0.89, 1199, 4680, 1.07, 1203, 4704, 1.25, 1199, 4680, 1.43, 1199, 4681, 1.61, 1199, 4680, 1.79, 1227, 4873, 1.96, 1199, 4680, 2.15
h_058, 8185, 92304, 0.00, 7772, 89638, 0.01, 7581, 81402, 0.17, 7473, 78041, 2.88, 7503, 79792, 3.58, 7518, 80006, 4.30, 7491, 79647, 5.32, 7503, 79792, 6.03, 7488, 79584, 7.02, 7488, 79650, 7.74, 7488, 79584, 8.68, 7488, 79602, 9.62, 7488, 79584, 10.78
h_059, 7115, 103689, 0.00, 1109, 35582, 0.01, 1067, 32357, 0.05, 1065, 32162, 2.83, 1066, 32267, 2.97, 1066, 32267, 3.12, 1066, 32267, 3.26, 1066, 32267, 3.36, 1066, 32267, 3.44, 1066, 32269, 3.50, 1066, 32267, 3.59, 1066, 32267, 3.72, 1066, 32267, 3.86
h_060, 8190, 110532, 0.00, 6408, 85910, 0.01, 4080, 36777, 0.32, 2408, 14238, 2.40, 2619, 17234, 3.52, 2909, 20066, 4.86, 2514, 16267, 6.41, 2619, 17234, 7.56, 2514, 16267, 8.83, 2532, 16459, 10.11, 2514, 16267, 12.04, 2542, 16531, 13.45, 2514, 16267, 14.78
h_061, 8183, 112798, 0.00, 6468, 87485, 0.01, 4174, 38212, 0.25, 2495, 14569, 2.01, 2664, 16883, 3.38, 2981, 20238, 4.91, 2593, 16152, 6.29, 2664, 16883, 8.04, 2593, 16151, 9.66, 2621, 16459, 11.33, 2593, 16151, 13.11, 2585, 16136, 15.13, 2593, 16151, 17.29
h_062, 16309, 104900, 0.00, 13666, 93253, 0.01, 8524, 46712, 0.20, 6560, 29814, 1.10, 6564, 29869, 2.18, 8078, 42747, 2.93, 6564, 29869, 4.08, 6564, 29869, 5.19, 6564, 29869, 6.18, 6564, 29889, 7.17, 6564, 29869, 8.32, 6629, 30352, 9.12, 6564, 29869, 9.87
h_063, 36682, 88328, 0.00, 5041, 28001, 0.01, 5041, 27997, 0.03, 5041, 27997, 0.43, 5041, 27997, 0.48, 5041, 27997, 0.54, 5041, 27997, 0.59, 5041, 27997, 0.65, 5041, 27997, 0.70, 5041, 27997, 0.74, 5041, 27997, 0.80, 5041, 27997, 0.85, 5041, 27997, 0.91
h_064, 23131, 107151, 0.00, 21567, 104678, 0.02, 5371, 19656, 0.05, 5371, 19656, 0.37, 5371, 19656, 0.42, 5371, 19656, 0.48, 5371, 19656, 0.54, 5371, 19656, 0.59, 5371, 19656, 0.65, 5371, 19656, 0.70, 5371, 19656, 0.76, 5371, 19656, 0.82, 5371, 19656, 0.88
h_065, 26475, 106762, 0.00, 6, 12, 0.03, 6, 12, 0.03, 6, 12, 0.03, 6, 12, 0.03, 6, 12, 0.03, 6, 12, 0.03, 6, 12, 0.03, 6, 12, 0.03, 6, 12, 0.03, 6, 12, 0.03, 6, 12, 0.03, 6, 12, 0.03
h_066, 16357, 119886, 0.00, 15159, 114493, 0.01, 11023, 70020, 0.21, 8242, 40788, 1.55, 8242, 40793, 2.80, 10811, 67379, 3.55, 8242, 40793, 4.59, 8242, 40793, 5.41, 8242, 40793, 6.22, 8242, 40796, 7.01, 8242, 40793, 7.81, 8331, 41643, 8.53, 8242, 40793, 9.33
h_067, 8191, 138733, 0.00, 7974, 135505, 0.01, 7622, 110477, 0.39, 6827, 76468, 6.71, 7002, 85833, 9.88, 7119, 89249, 13.64, 6933, 83989, 18.64, 7002, 85833, 21.86, 6933, 83989, 26.71, 6934, 84193, 31.11, 6933, 83989, 35.62, 6950, 84481, 39.16, 6933, 83989, 42.96
h_068, 25678, 121390, 0.00, 24284, 119261, 0.02, 5397, 19780, 0.06, 5397, 19780, 0.39, 5397, 19780, 0.45, 5397, 19780, 0.51, 5397, 19780, 0.57, 5397, 19780, 0.66, 5397, 19780, 0.73, 5397, 19780, 0.78, 5397, 19780, 0.85, 5397, 19780, 0.91, 5397, 19780, 0.98
h_069, 8187, 156904, 0.00, 8118, 156328, 0.01, 8033, 143696, 0.20, 7917, 138586, 2.54, 7923, 139958, 3.93, 7975, 141574, 4.87, 7923, 139989, 6.16, 7923, 139958, 7.45, 7921, 139945, 8.83, 7921, 140430, 10.35, 7921, 139945, 12.33, 7922, 140021, 14.03, 7921, 139945, 16.20
h_070, 8192, 168293, 0.00, 8192, 168293, 0.01, 8192, 168293, 0.06, 8192, 168293, 2.37, 8192, 168293, 2.57, 8192, 168293, 2.79, 8192, 168293, 2.99, 8192, 168293, 3.19, 8192, 168293, 3.41, 8192, 168293, 3.54, 8192, 168293, 3.76, 8192, 168293, 3.97, 8192, 168293, 4.18
h_071, 8192, 168714, 0.00, 8185, 168612, 0.01, 8131, 143821, 0.17, 6846, 85142, 3.61, 6886, 86866, 6.83, 7551, 112354, 9.51, 6881, 86727, 11.91, 6886, 86866, 14.53, 6881, 86727, 17.35, 6880, 86829, 19.81, 6881, 86727, 22.64, 6915, 88365, 25.09, 6881, 86727, 27.90
h_072, 32078, 149020, 0.00, 29907, 145557, 0.03, 7308, 26795, 0.08, 7308, 26795, 0.54, 7308, 26795, 0.62, 7308, 26795, 0.70, 7308, 26795, 0.78, 7308, 26795, 0.85, 7308, 26795, 0.99, 7308, 26795, 1.10, 7308, 26795, 1.23, 7308, 26795, 1.35, 7308, 26795, 1.48
h_073, 16362, 166938, 0.00, 14889, 158137, 0.01, 14486, 145950, 0.47, 14201, 141104, 11.09, 14341, 143768, 13.43, 14292, 143586, 16.30, 14283, 143335, 19.44, 14341, 143768, 21.91, 14266, 143170, 25.42, 14289, 143365, 28.11, 14266, 143170, 31.61, 14266, 143180, 35.02, 14266, 143170, 39.53
h_074, 16370, 169955, 0.00, 14826, 156883, 0.01, 10383, 85143, 0.49, 6802, 40000, 4.30, 6988, 41743, 6.68, 8780, 61178, 10.00, 6956, 41433, 12.28, 6988, 41743, 14.60, 6956, 41433, 18.23, 6960, 41568, 20.48, 6956, 41433, 23.29, 7141, 43168, 25.35, 6956, 41433, 28.79
h_075, 34978, 169522, 0.00, 33733, 167746, 0.03, 6272, 22917, 0.08, 6272, 22917, 0.48, 6272, 22917, 0.56, 6272, 22917, 0.65, 6272, 22917, 0.73, 6272, 22917, 0.81, 6272, 22917, 0.90, 6272, 22917, 0.97, 6272, 22917, 1.06, 6272, 22917, 1.18, 6272, 22917, 1.31
h_076, 36705, 170621, 0.00, 34231, 166748, 0.03, 8543, 31076, 0.10, 8543, 31076, 0.91, 8543, 31076, 1.05, 8543, 31076, 1.15, 8543, 31076, 1.24, 8543, 31076, 1.33, 8543, 31076, 1.43, 8543, 31076, 1.52, 8543, 31076, 1.61, 8543, 31076, 1.71, 8543, 31076, 1.81
h_077, 62586, 147892, 0.00, 8094, 44445, 0.03, 8083, 44392, 0.08, 8083, 44392, 0.94, 8083, 44392, 1.06, 8083, 44392, 1.18, 8083, 44392, 1.30, 8083, 44392, 1.42, 8083, 44392, 1.54, 8083, 44392, 1.64, 8083, 44392, 1.77, 8083, 44392, 1.89, 8083, 44392, 2.00
h_078, 8191, 204075, 0.00, 8180, 203963, 0.01, 8175, 199081, 0.18, 8160, 198079, 3.00, 8168, 198713, 3.85, 8163, 198631, 5.43, 8160, 198512, 6.90, 8168, 198713, 7.55, 8160, 198512, 8.87, 8160, 198518, 10.23, 8160, 198512, 11.56, 8160, 198512, 12.87, 8160, 198512, 14.43
h_079, 16382, 216334, 0.00, 16017, 213524, 0.02, 15858, 198257, 0.34, 15653, 192515, 8.43, 15717, 195516, 11.13, 15719, 195726, 13.29, 15694, 195289, 15.44, 15717, 195516, 18.08, 15686, 195175, 21.35, 15691, 195322, 23.36, 15686, 195175, 26.87, 15687, 195200, 29.94, 15686, 195175, 34.11
h_080, 24759, 227991, 0.00, 5, 10, 0.06, 5, 10, 0.06, 5, 10, 0.06, 5, 10, 0.06, 5, 10, 0.06, 5, 10, 0.06, 5, 10, 0.06, 5, 10, 0.06, 5, 10, 0.06, 5, 10, 0.06, 5, 10, 0.06, 5, 10, 0.06
h_081, 32662, 224254, 0.00, 23925, 141450, 0.30, 23872, 141140, 0.59, 23884, 141224, 1.01, 23885, 141184, 1.34, 23832, 140916, 1.83, 23859, 141036, 2.16, 23823, 140862, 2.50, 23877, 141176, 2.90, 23895, 141308, 3.25, 23898, 141280, 3.60, 23899, 141328, 3.93, 23903, 141340, 4.26
h_082, 48665, 222764, 0.00, 44735, 216441, 0.04, 11877, 43419, 0.12, 11877, 43419, 0.99, 11877, 43419, 1.11, 11877, 43419, 1.25, 11877, 43419, 1.37, 11877, 43419, 1.50, 11877, 43419, 1.64, 11877, 43419, 1.75, 11877, 43419, 1.88, 11877, 43419, 2.02, 11877, 43419, 2.15
h_083, 32735, 256256, 0.00, 30893, 247080, 0.03, 24661, 164765, 0.40, 19872, 108095, 2.99, 19876, 108147, 5.10, 24133, 157678, 6.75, 19876, 108147, 9.33, 19876, 108147, 11.70, 19876, 108147, 14.14, 19876, 108154, 15.96, 19876, 108147, 18.27, 20010, 109491, 19.86, 19876, 108147, 22.22
h_084, 16383, 273584, 0.00, 14952, 243441, 0.02, 10832, 114331, 0.97, 6505, 42475, 8.98, 6897, 47334, 13.82, 8454, 66629, 19.65, 6803, 46261, 24.73, 6897, 47334, 29.32, 6803, 46262, 34.84, 6810, 46702, 40.34, 6803, 46262, 46.73, 6989, 48212, 51.40, 6803, 46262, 57.06
h_085, 16384, 283794, 0.00, 16363, 283600, 0.02, 16306, 253838, 0.38, 16009, 239064, 5.07, 16023, 243929, 7.47, 16187, 248900, 10.33, 16010, 243562, 12.79, 16023, 243929, 16.20, 16010, 243562, 20.11, 16010, 244334, 22.40, 16010, 243562, 25.89, 16012, 243844, 28.03, 16010, 243562, 30.82
h_086, 8192, 295951, 0.00, 8173, 295758, 0.01, 8173, 294698, 0.15, 8171, 294479, 34.68, 8171, 294611, 35.12, 8171, 294611, 35.62, 8171, 294611, 36.11, 8171, 294611, 36.82, 8171, 294611, 37.46, 8171, 294613, 37.77, 8171, 294611, 38.52, 8171, 294611, 39.25, 8171, 294611, 39.99
h_087, 58960, 269439, 0.00, 54119, 261749, 0.05, 14650, 53593, 0.19, 14650, 53593, 1.52, 14650, 53593, 1.67, 14650, 53593, 1.83, 14650, 53593, 2.02, 14650, 53593, 2.19, 14650, 53593, 2.36, 14650, 53593, 2.50, 14650, 53593, 2.66, 14650, 53593, 2.84, 14650, 53593, 3.04
h_088, 60892, 286474, 0.00, 57367, 281017, 0.05, 12900, 47422, 0.15, 12900, 47422, 1.19, 12900, 47422, 1.34, 12900, 47422, 1.50, 12900, 47422, 1.72, 12900, 47422, 1.90, 12900, 47422, 2.06, 12900, 47422, 2.20, 12900, 47422, 2.37, 12900, 47422, 2.52, 12900, 47422, 2.69
h_089, 8192, 358201, 0.00, 8192, 358201, 0.01, 8192, 351705, 0.23, 8191, 351194, 9.78, 8191, 351643, 10.93, 8191, 351643, 11.82, 8191, 351643, 12.56, 8191, 351643, 13.31, 8191, 351643, 14.09, 8191, 351644, 14.66, 8191, 351643, 15.44, 8191, 351645, 16.06, 8191, 351643, 16.85
h_090, 16382, 353824, 0.00, 16220, 352445, 0.02, 16197, 349054, 0.36, 16179, 348277, 4.61, 16179, 348541, 6.07, 16184, 348763, 7.99, 16179, 348541, 10.19, 16179, 348541, 11.96, 16179, 348541, 13.83, 16179, 348549, 15.66, 16179, 348541, 17.73, 16179, 348541, 19.67, 16179, 348541, 21.92
h_091, 16384, 354031, 0.00, 16220, 352560, 0.02, 16200, 349181, 0.29, 16196, 348692, 3.64, 16196, 349039, 4.58, 16197, 349077, 5.43, 16196, 349039, 6.48, 16196, 349039, 7.71, 16196, 349039, 9.25, 16196, 349047, 10.35, 16196, 349039, 11.92, 16196, 349039, 13.44, 16196, 349039, 14.71
h_092, 63674, 306833, 0.00, 61115, 302870, 0.05, 11959, 43682, 0.16, 11959, 43682, 1.40, 11959, 43682, 1.55, 11959, 43682, 1.72, 11959, 43682, 1.88, 11959, 43682, 2.03, 11959, 43682, 2.20, 11959, 43682, 2.35, 11959, 43682, 2.52, 11959, 43682, 2.68, 11959, 43682, 2.85
h_093, 32748, 363878, 0.00, 31835, 357988, 0.03, 30418, 296031, 0.76, 29423, 271969, 11.01, 29537, 278550, 15.14, 30072, 288620, 19.09, 29448, 277277, 25.08, 29537, 278550, 30.25, 29444, 277205, 35.77, 29457, 279101, 40.49, 29444, 277205, 46.25, 29445, 277424, 51.26, 29444, 277205, 57.40
h_094, 68946, 335845, 0.00, 66705, 332553, 0.06, 12115, 44357, 0.18, 12115, 44357, 1.20, 12115, 44357, 1.37, 12115, 44357, 1.54, 12115, 44357, 1.74, 12115, 44357, 1.98, 12115, 44357, 2.25, 12115, 44357, 2.48, 12115, 44357, 2.75, 12115, 44357, 3.02, 12115, 44357, 3.24
h_095, 32759, 409363, 0.00, 32465, 407264, 0.03, 31815, 361814, 0.31, 31064, 345459, 2.65, 31064, 345467, 4.83, 31787, 361092, 5.62, 31064, 345467, 7.28, 31064, 345467, 9.47, 31064, 345467, 11.70, 31064, 345493, 13.35, 31064, 345467, 14.93, 31059, 345462, 16.71, 31064, 345467, 18.45
h_096, 34546, 421534, 0.00, 2559, 27350, 0.11, 0, 0, 0.12, 0, 0, 0.12, 0, 0, 0.13, 0, 0, 0.14, 0, 0, 0.14, 0, 0, 0.15, 0, 0, 0.15, 0, 0, 0.16, 0, 0, 0.17, 0, 0, 0.18, 0, 0, 0.19
h_097, 16381, 458925, 0.00, 16051, 455835, 0.02, 16031, 454823, 0.43, 16026, 454615, 5.48, 16026, 454675, 6.48, 16028, 454708, 7.78, 16026, 454675, 8.94, 16026, 454675, 9.91, 16026, 454675, 10.70, 16026, 454675, 11.38, 16026, 454675, 12.17, 16026, 454675, 12.94, 16026, 454675, 14.12
h_098, 32766, 503494, 0.00, 32475, 501156, 0.04, 32294, 470278, 1.09, 32106, 461601, 18.43, 32154, 466546, 24.29, 32176, 467134, 31.14, 32140, 466430, 38.19, 32154, 466546, 42.91, 32136, 466297, 49.83, 32136, 466503, 54.65, 32136, 466297, 60.65, 32136, 466329, 67.51, 32136, 466297, 74.62
h_099, 97898, 447979, 0.00, 89898, 435171, 0.09, 23963, 88122, 0.27, 23963, 88122, 2.93, 23963, 88122, 3.37, 23963, 88122, 3.83, 23963, 88122, 4.26, 23963, 88122, 4.68, 23963, 88122, 5.14, 23963, 88122, 5.53, 23963, 88122, 5.94, 23963, 88122, 6.23, 23963, 88122, 6.54
h_100, 75879, 508837, 0.00, 3882, 41339, 0.09, 690, 5803, 0.13, 535, 3728, 128.21, 537, 3950, 128.28, 635, 4931, 130.65, 537, 3950, 131.13, 537, 3950, 131.24, 537, 3950, 131.67, 538, 3985, 132.66, 537, 3950, 132.97, 537, 3950, 133.44, 537, 3950, 133.81
h_101, 65531, 618237, 0.00, 64757, 613941, 0.06, 59136, 508459, 0.79, 46916, 316924, 8.16, 46917, 316948, 13.29, 58842, 502757, 16.43, 46917, 316948, 22.15, 46917, 316948, 27.36, 46917, 316948, 32.10, 46917, 316948, 37.57, 46917, 316948, 43.91, 46942, 317644, 49.61, 46917, 316948, 54.35
h_102, 265009, 418956, 0.00, 3, 6, 0.35, 0, 0, 0.36, 0, 0, 0.36, 0, 0, 0.36, 0, 0, 0.36, 0, 0, 0.36, 0, 0, 0.36, 0, 0, 0.36, 0, 0, 0.36, 0, 0, 0.36, 0, 0, 0.36, 0, 0, 0.36
h_104, 65499, 640429, 0.00, 64203, 632581, 0.06, 61310, 547514, 0.70, 58551, 497289, 5.12, 58551, 497291, 9.37, 61198, 545679, 11.31, 58551, 497291, 15.99, 58551, 497291, 20.89, 58551, 497291, 24.67, 58551, 497301, 29.30, 58551, 497291, 33.00, 58554, 497427, 36.13, 58551, 497291, 39.63
h_105, 65536, 652583, 0.00, 65181, 650588, 0.06, 61067, 579859, 0.79, 44909, 306105, 4.85, 44909, 306105, 8.28, 60992, 578314, 10.26, 44909, 306105, 13.79, 44909, 306105, 18.15, 44909, 306105, 21.83, 44909, 306105, 25.52, 44909, 306105, 29.09, 44914, 306222, 33.05, 44909, 306105, 36.62
h_106, 65530, 654158, 0.00, 65171, 652179, 0.06, 60032, 572310, 0.67, 43613, 295229, 6.09, 43613, 295229, 11.01, 59984, 571318, 13.47, 43613, 295229, 19.28, 43613, 295229, 24.49, 43613, 295229, 30.45, 43613, 295229, 35.90, 43613, 295229, 40.18, 43620, 295338, 44.44, 43613, 295229, 50.43
h_107, 32763, 699385, 0.00, 32333, 695314, 0.04, 32276, 690365, 0.59, 32259, 689482, 10.41, 32266, 689937, 13.11, 32270, 690126, 15.84, 32265, 689891, 17.97, 32266, 689937, 19.68, 32265, 689891, 22.45, 32265, 689895, 24.99, 32265, 689891, 28.39, 32265, 689891, 31.02, 32265, 689891, 33.83
h_108, 65536, 688044, 0.00, 34997, 207314, 0.71, 34997, 207314, 1.19, 34997, 207314, 1.88, 34997, 207314, 2.43, 34997, 207314, 2.98, 34983, 207254, 3.57, 34997, 207314, 4.12, 34997, 207314, 4.70, 34997, 207314, 5.24, 34997, 207314, 5.81, 34997, 207314, 6.38, 34997, 207314, 6.95
h_109, 8192, 839576, 0.00, 8192, 839576, 0.02, 8192, 839248, 0.34, 8192, 839200, 58.84, 8192, 839248, 59.47, 8192, 839248, 60.15, 8192, 839248, 60.77, 8192, 839248, 61.40, 8192, 839248, 62.13, 8192, 839248, 62.72, 8192, 839248, 63.54, 8192, 839248, 64.71, 8192, 839248, 65.46
h_110, 32768, 826394, 0.00, 32680, 825409, 0.07, 32667, 819212, 0.92, 32650, 818155, 44.41, 32660, 818945, 47.25, 32660, 818956, 50.70, 32659, 818902, 54.94, 32660, 818945, 57.80, 32659, 818902, 61.26, 32659, 818917, 63.71, 32659, 818902, 67.73, 32659, 818904, 72.03, 32659, 818902, 76.97
h_111, 77360, 828161, 0.00, 925, 2389, 0.18, 26, 54, 0.19, 26, 54, 0.20, 26, 54, 0.20, 26, 54, 0.20, 26, 54, 0.20, 26, 54, 0.20, 26, 54, 0.20, 26, 54, 0.20, 26, 54, 0.20, 26, 54, 0.21, 26, 54, 0.21
h_112, 8192, 944523, 0.00, 8192, 944523, 0.03, 8192, 940889, 0.60, 8191, 940554, 217.49, 8191, 940694, 219.19, 8191, 940694, 220.67, 8191, 940694, 221.87, 8191, 940694, 223.06, 8191, 940694, 224.40, 8191, 940694, 226.04, 8191, 940694, 227.58, 8191, 940694, 229.01, 8191, 940694, 230.58
h_113, 192409, 854377, 0.00, 3, 6, 0.92, 0, 0, 0.94, 0, 0, 0.94, 0, 0, 0.94, 0, 0, 0.94, 0, 0, 0.94, 0, 0, 0.94, 0, 0, 0.94, 0, 0, 0.94, 0, 0, 0.94, 0, 0, 0.94, 0, 0, 0.94
h_114, 187341, 865700, 0.00, 173693, 844287, 0.20, 43852, 160915, 0.70, 43852, 160915, 7.04, 43852, 160915, 7.69, 43852, 160915, 8.38, 43852, 160915, 9.02, 43852, 160915, 9.68, 43852, 160915, 10.39, 43852, 160915, 10.98, 43852, 160915, 11.67, 43852, 160915, 12.46, 43852, 160915, 13.18
h_115, 262111, 1234877, 0.00, 131231, 576758, 0.34, 7838, 24254, 1.18, 5972, 13480, 2.94, 5991, 13557, 4.40, 7767, 23911, 5.79, 5991, 13557, 7.39, 5991, 13557, 8.47, 5991, 13557, 9.58, 5991, 13558, 10.76, 5991, 13557, 11.97, 5991, 13569, 13.30, 5991, 13557, 14.26
h_116, 299580, 1363755, 0.00, 274030, 1322966, 0.40, 75285, 275881, 1.20, 75285, 275881, 13.64, 75285, 275881, 15.02, 75285, 275881, 16.47, 75285, 275881, 17.68, 75285, 275881, 18.99, 75285, 275881, 20.70, 75285, 275881, 21.85, 75285, 275881, 23.52, 75285, 275881, 25.19, 75285, 275881, 26.95
h_117, 325729, 1469679, 0.00, 53155, 780225, 0.94, 33362, 583613, 1.63, 32742, 572102, 327.78, 32843, 578636, 330.94, 33222, 582681, 417.29, 32747, 578278, 506.79, 32843, 578636, 510.61, 32747, 578278, 587.86, 32776, 578386, 678.39, 32747, 578278, 767.97, 32747, 578278, 843.21, 32747, 578278, 929.63
h_118, 81306, 1768135, 0.00, 51620, 1242460, 0.22, 11505, 167566, 3.75, 6771, 68741, 804.20, 7016, 75566, 816.33, 9826, 120670, 877.91, 6969, 74754, 1043.44, 7016, 75567, 1052.48, 6895, 73270, 1223.94, 6959, 74397, 1380.53, 6925, 73381, 1555.58, 6932, 73656, 1721.99, 6921, 73263, 1888.38
h_119, 342573, 1619304, 0.00, 323730, 1590029, 0.46, 71796, 262729, 1.64, 71796, 262729, 15.91, 71796, 262729, 17.61, 71796, 262729, 19.28, 71796, 262729, 21.42, 71796, 262729, 23.34, 71796, 262729, 25.17, 71796, 262729, 26.74, 71796, 262729, 28.64, 71796, 262729, 30.46, 71796, 262729, 32.72
h_120, 32768, 2049515, 0.00, 32174, 2039595, 0.13, 32165, 2037874, 1.93, 32165, 2037824, 13.51, 32165, 2037874, 16.90, 32165, 2037874, 20.67, 32165, 2037874, 24.05, 32165, 2037874, 27.42, 32165, 2037874, 31.10, 32165, 2037874, 33.31, 32165, 2037874, 36.10, 32165, 2037874, 39.92, 32165, 2037874, 43.08
h_121, 16384, 2076651, 0.00, 16384, 2076651, 0.06, 16384, 2074086, 1.79, 16384, 2073945, 17.46, 16384, 2074086, 19.96, 16384, 2074086, 22.93, 16384, 2074086, 25.25, 16384, 2074086, 28.57, 16384, 2074086, 33.02, 16384, 2074086, 35.97, 16384, 2074086, 39.20, 16384, 2074086, 42.64, 16384, 2074086, 47.08
h_122, 2048, 2097152, 0.00, 2048, 2097152, 0.05, 2048, 2097152, 4.31, 2048, 2097152, 141.94, 2048, 2097152, 151.00, 2048, 2097152, 161.24, 2048, 2097152, 169.38, 2048, 2097152, 177.28, 2048, 2097152, 186.54, 2048, 2097152, 192.92, 2048, 2097152, 203.74, 2048, 2097152, 213.29, 2048, 2097152, 222.12
h_123, 4096, 2097152, 0.00, 4096, 2097152, 0.04, 4096, 2097152, 4.86, 4096, 2097152, 126.01, 4096, 2097152, 133.67, 4096, 2097152, 141.09, 4096, 2097152, 147.46, 4096, 2097152, 153.62, 4096, 2097152, 159.54, 4096, 2097152, 164.28, 4096, 2097152, 171.34, 4096, 2097152, 177.39, 4096, 2097152, 183.19
h_124, 8192, 2097152, 0.00, 8192, 2097152, 0.05, 8192, 2097152, 2.62, 8192, 2097152, 17.20, 8192, 2097152, 21.66, 8192, 2097152, 26.19, 8192, 2097152, 30.41, 8192, 2097152, 35.29, 8192, 2097152, 40.54, 8192, 2097152, 43.85, 8192, 2097152, 49.68, 8192, 2097152, 54.15, 8192, 2097152, 58.38
h_125, 16384, 2097152, 0.00, 16384, 2097152, 0.08, 16384, 2097152, 2.26, 16384, 2097152, 19.84, 16384, 2097152, 23.52, 16384, 2097152, 27.64, 16384, 2097152, 30.64, 16384, 2097152, 34.19, 16384, 2097152, 38.66, 16384, 2097152, 41.00, 16384, 2097152, 45.14, 16384, 2097152, 48.36, 16384, 2097152, 52.22
h_126, 65536, 2048311, 0.00, 65513, 2047962, 0.11, 65502, 2025125, 1.64, 65495, 2023390, 44.35, 65495, 2024784, 50.71, 65496, 2024823, 56.34, 65495, 2024784, 63.02, 65495, 2024784, 69.76, 65495, 2024784, 75.95, 65495, 2024789, 81.91, 65495, 2024784, 88.00, 65495, 2024786, 94.48, 65495, 2024784, 101.08
h_127, 32768, 2128971, 0.00, 32764, 2128921, 0.08, 32762, 2127714, 1.27, 32762, 2127644, 53.85, 32762, 2127714, 55.95, 32762, 2127714, 58.59, 32762, 2127714, 61.31, 32762, 2127714, 64.45, 32762, 2127714, 67.62, 32762, 2127714, 69.48, 32762, 2127714, 71.69, 32762, 2127714, 74.09, 32762, 2127714, 77.25
h_128, 32768, 2130600, 0.00, 32764, 2130565, 0.11, 32764, 2129479, 1.67, 32764, 2129414, 13.44, 32764, 2129479, 15.77, 32764, 2129479, 18.67, 32764, 2129479, 20.93, 32764, 2129479, 23.07, 32764, 2129479, 26.01, 32764, 2129479, 28.16, 32764, 2129479, 30.84, 32764, 2129479, 33.57, 32764, 2129479, 36.77
h_129, 32768, 2148521, 0.00, 32768, 2148521, 0.11, 32768, 2148521, 1.65, 32768, 2148521, 41.61, 32768, 2148521, 44.69, 32768, 2148521, 48.49, 32768, 2148521, 52.16, 32768, 2148521, 54.97, 32768, 2148521, 58.25, 32768, 2148521, 60.47, 32768, 2148521, 63.59, 32768, 2148521, 67.09, 32768, 2148521, 70.87
h_130, 16384, 2192284, 0.00, 16384, 2192284, 0.06, 16384, 2172703, 2.39, 16384, 2172032, 52.62, 16384, 2172693, 59.13, 16384, 2172693, 64.73, 16384, 2172693, 70.92, 16384, 2172693, 77.08, 16384, 2172693, 84.16, 16384, 2172699, 89.73, 16384, 2172693, 97.33, 16384, 2172698, 102.87, 16384, 2172693, 111.17
h_131, 16384, 2194576, 0.00, 16384, 2194576, 0.06, 16384, 2174477, 2.98, 16384, 2173797, 51.50, 16384, 2174471, 57.53, 16384, 2174471, 64.66, 16384, 2174471, 71.66, 16384, 2174471, 77.61, 16384, 2174471, 85.33, 16384, 2174475, 90.38, 16384, 2174471, 98.42, 16384, 2174473, 103.90, 16384, 2174471, 109.45
h_132, 65536, 2184865, 0.00, 65535, 2184855, 0.10, 65528, 2146479, 2.45, 65518, 2143629, 35.54, 65520, 2146126, 43.56, 65522, 2146208, 51.10, 65520, 2146126, 58.36, 65520, 2146126, 65.49, 65520, 2146126, 73.47, 65520, 2146138, 79.81, 65520, 2146126, 88.33, 65520, 2146126, 97.26, 65520, 2146126, 103.89
h_133, 131065, 2130456, 0.00, 130077, 2122014, 0.26, 129762, 2045613, 3.91, 129488, 2030078, 88.11, 129534, 2039514, 109.95, 129585, 2040787, 133.30, 129527, 2039401, 158.51, 129534, 2039514, 183.08, 129524, 2039303, 209.96, 129527, 2039634, 231.86, 129524, 2039303, 258.93, 129524, 2039321, 281.02, 129524, 2039303, 305.30
h_134, 131065, 2131741, 0.00, 129996, 2122528, 0.17, 129570, 2044096, 4.56, 129256, 2027754, 99.36, 129305, 2037346, 126.18, 129338, 2038290, 162.04, 129283, 2036896, 198.06, 129305, 2037346, 226.47, 129280, 2036797, 266.58, 129280, 2037090, 297.81, 129280, 2036797, 337.60, 129280, 2036811, 373.54, 129280, 2036797, 413.96
h_135, 32768, 2235835, 0.00, 32455, 2230585, 0.09, 32439, 2228690, 2.04, 32435, 2228247, 17.24, 32435, 2228281, 23.43, 32437, 2228507, 29.02, 32435, 2228281, 34.23, 32435, 2228281, 39.93, 32435, 2228281, 45.62, 32435, 2228286, 49.71, 32435, 2228281, 56.92, 32435, 2228281, 62.14, 32435, 2228281, 67.60
h_136, 32768, 2240608, 0.00, 32457, 2234920, 0.09, 32451, 2233599, 2.25, 32450, 2233409, 17.49, 32450, 2233460, 22.91, 32450, 2233460, 29.11, 32450, 2233460, 33.60, 32450, 2233460, 38.12, 32450, 2233460, 44.22, 32450, 2233466, 47.73, 32450, 2233460, 53.92, 32450, 2233460, 59.70, 32450, 2233460, 64.65
h_137, 32768, 2241646, 0.00, 32415, 2236524, 0.13, 32406, 2234885, 1.65, 32405, 2234702, 16.22, 32405, 2234751, 20.53, 32406, 2234874, 24.60, 32405, 2234751, 29.28, 32405, 2234751, 33.33, 32405, 2234751, 37.59, 32405, 2234762, 40.54, 32405, 2234751, 45.89, 32405, 2234751, 50.13, 32405, 2234751, 54.39
h_138, 32768, 2270902, 0.00, 32767, 2270888, 0.11, 32767, 2268068, 1.65, 32767, 2267940, 72.19, 32767, 2268068, 74.97, 32767, 2268068, 78.28, 32767, 2268068, 80.31, 32767, 2268068, 82.56, 32767, 2268068, 85.32, 32767, 2268068, 87.59, 32767, 2268068, 89.88, 32767, 2268068, 92.43, 32767, 2268068, 94.81
h_139, 16384, 2293868, 0.00, 16012, 2222774, 0.64, 16012, 2222774, 1.47, 16012, 2222774, 5.72, 16012, 2222774, 6.97, 16012, 2222774, 8.25, 16012, 2222774, 9.96, 16012, 2222774, 11.35, 16012, 2222774, 12.68, 16012, 2222774, 13.96, 16012, 2222774, 15.30, 16012, 2222774, 16.62, 16012, 2222774, 18.08
h_140, 131068, 2199584, 0.00, 128579, 2121072, 0.17, 90966, 989004, 6.03, 39201, 184347, 42.46, 39318, 185511, 72.95, 81038, 752252, 111.04, 39317, 185498, 140.68, 39318, 185511, 171.74, 39317, 185498, 203.09, 39323, 185542, 233.06, 39317, 185498, 264.74, 40765, 198343, 295.78, 39317, 185498, 325.65
h_141, 65536, 2321780, 0.00, 65533, 2321715, 0.11, 65528, 2256565, 2.97, 65492, 2249616, 47.06, 65496, 2254555, 59.57, 65499, 2254743, 74.74, 65495, 2254524, 88.77, 65496, 2254555, 102.00, 65494, 2254461, 119.97, 65494, 2254566, 134.12, 65494, 2254461, 150.72, 65494, 2254471, 164.71, 65494, 2254461, 181.40
h_142, 131069, 2294338, 0.00, 130569, 2289798, 0.17, 130333, 2195393, 4.53, 130081, 2177664, 85.37, 130113, 2188868, 115.05, 130142, 2189681, 141.79, 130108, 2188752, 171.34, 130113, 2188868, 199.74, 130104, 2188587, 232.03, 130106, 2188972, 258.59, 130104, 2188587, 291.99, 130104, 2188617, 322.22, 130104, 2188587, 355.52
h_143, 32768, 2412833, 0.00, 32768, 2412833, 0.08, 32768, 2404317, 2.44, 32767, 2403970, 191.07, 32767, 2404218, 195.31, 32767, 2404218, 200.47, 32768, 2404317, 203.81, 32767, 2404218, 207.57, 32767, 2404218, 211.62, 32767, 2404218, 215.44, 32767, 2404218, 220.58, 32767, 2404218, 224.56, 32767, 2404218, 229.48
h_144, 32768, 2416672, 0.00, 32768, 2416672, 0.08, 32768, 2408228, 1.50, 32765, 2407732, 155.09, 32767, 2408098, 159.38, 32767, 2408098, 163.12, 32767, 2408098, 167.40, 32767, 2408098, 172.35, 32767, 2408098, 176.01, 32767, 2408098, 179.67, 32767, 2408098, 183.48, 32767, 2408098, 187.05, 32767, 2408098, 191.48
h_145, 32768, 2416820, 0.00, 32768, 2416820, 0.08, 32768, 2408190, 1.52, 32768, 2407948, 30.29, 32768, 2408190, 32.93, 32768, 2408190, 36.06, 32768, 2408190, 38.50, 32768, 2408190, 41.72, 32768, 2408190, 44.80, 32768, 2408190, 47.50, 32768, 2408190, 50.74, 32768, 2408190, 54.75, 32768, 2408190, 58.67
h_146, 131071, 2322563, 0.00, 130160, 2288810, 0.27, 96678, 1190002, 4.88, 34905, 148820, 30.05, 34934, 149003, 53.53, 91737, 1045841, 80.47, 34934, 149003, 104.33, 34934, 149003, 128.58, 34934, 149003, 150.89, 34934, 149004, 174.01, 34934, 149003, 197.72, 35896, 157199, 219.51, 34934, 149003, 244.37
h_147, 32768, 2422154, 0.00, 32592, 2418187, 0.10, 32588, 2417389, 2.17, 32588, 2417355, 15.24, 32588, 2417389, 18.35, 32588, 2417389, 21.47, 32588, 2417389, 24.63, 32588, 2417389, 27.33, 32588, 2417389, 30.32, 32588, 2417389, 32.93, 32588, 2417389, 36.48, 32588, 2417389, 39.33, 32588, 2417389, 43.39
h_148, 432535, 2038645, 0.00, 408231, 2000993, 1.34, 91817, 336100, 3.38, 91817, 336100, 24.53, 91817, 336100, 27.38, 91817, 336100, 30.78, 91817, 336100, 33.12, 91817, 336100, 36.14, 91817, 336100, 39.63, 91817, 336100, 41.85, 91817, 336100, 44.88, 91817, 336100, 47.19, 91817, 336100, 50.02
h_149, 131071, 2340382, 0.00, 130213, 2313856, 0.17, 98422, 1235631, 5.51, 35048, 150979, 36.95, 35124, 151462, 64.16, 93178, 1077615, 88.36, 35124, 151462, 113.39, 35124, 151462, 139.50, 35124, 151462, 166.06, 35124, 151463, 192.52, 35124, 151462, 219.20, 35930, 158514, 244.82, 35124, 151462, 272.31
h_150, 65536, 2456589, 0.00, 65536, 2456589, 0.10, 65536, 2350296, 3.14, 65494, 2336553, 40.42, 65495, 2346664, 54.30, 65512, 2347536, 65.22, 65495, 2346664, 80.72, 65495, 2346664, 95.14, 65495, 2346664, 109.42, 65495, 2347705, 119.49, 65495, 2346664, 132.88, 65495, 2346706, 145.86, 65495, 2346664, 161.66
h_151, 65536, 2457973, 0.00, 65536, 2457973, 0.10, 65536, 2351158, 2.86, 65478, 2335265, 44.94, 65479, 2345997, 65.52, 65493, 2346894, 83.01, 65479, 2346036, 103.97, 65479, 2345997, 124.96, 65478, 2345951, 147.27, 65478, 2347202, 163.58, 65478, 2345951, 184.90, 65478, 2346032, 203.51, 65478, 2345951, 225.27
h_152, 65536, 2458355, 0.00, 65535, 2458351, 0.17, 65532, 2351854, 3.46, 65456, 2336233, 43.82, 65458, 2346369, 63.23, 65478, 2347313, 82.51, 65458, 2346377, 102.66, 65458, 2346369, 122.00, 65457, 2346321, 141.10, 65457, 2347401, 154.91, 65457, 2346321, 173.67, 65457, 2346388, 191.91, 65457, 2346321, 212.82
h_153, 32768, 2554765, 0.00, 32768, 2554765, 0.12, 32768, 2531231, 2.45, 32766, 2530340, 25.86, 32766, 2531048, 30.80, 32766, 2531048, 36.01, 32766, 2531048, 42.48, 32766, 2531048, 47.21, 32766, 2531048, 52.60, 32766, 2531048, 59.00, 32766, 2531048, 65.54, 32766, 2531048, 71.97, 32766, 2531048, 78.12
h_154, 32768, 2556720, 0.00, 32768, 2556720, 0.08, 32768, 2533362, 1.56, 32767, 2532371, 92.69, 32767, 2533227, 98.09, 32767, 2533227, 104.31, 32767, 2533227, 109.00, 32767, 2533227, 114.43, 32767, 2533227, 120.27, 32767, 2533227, 125.43, 32767, 2533227, 132.77, 32767, 2533228, 138.53, 32767, 2533227, 143.63
h_155, 131071, 2459701, 0.00, 130854, 2457829, 0.18, 130653, 2335334, 4.02, 130306, 2310151, 92.34, 130366, 2325882, 119.29, 130424, 2327570, 144.50, 130359, 2325715, 174.18, 130366, 2325882, 203.30, 130346, 2325347, 241.54, 130347, 2325999, 272.43, 130346, 2325347, 309.82, 130346, 2325384, 344.28, 130346, 2325347, 385.65
h_156, 32768, 2558829, 0.00, 32768, 2558829, 0.08, 32768, 2536077, 1.86, 32768, 2535323, 24.17, 32768, 2536076, 28.79, 32768, 2536076, 32.56, 32768, 2536076, 37.45, 32768, 2536076, 42.48, 32768, 2536076, 47.10, 32768, 2536077, 50.48, 32768, 2536076, 55.10, 32768, 2536076, 58.90, 32768, 2536076, 63.43
h_157, 281903, 2312497, 0.00, 84913, 797699, 14.55, 25953, 97379, 128.10, 24280, 79786, 240.03, 24498, 80816, 355.28, 25243, 92604, 509.03, 24280, 79786, 616.06, 24498, 80816, 726.82, 24280, 79786, 832.21, 24280, 79786, 940.18, 24280, 79786, 1052.03, 24280, 79787, 1160.52, 24280, 79786, 1261.08
h_158, 32768, 2614043, 0.00, 32691, 2612131, 0.10, 32682, 2610942, 1.45, 32680, 2610644, 18.90, 32680, 2610682, 24.16, 32682, 2610937, 28.94, 32680, 2610682, 34.30, 32680, 2610682, 41.54, 32680, 2610682, 47.13, 32680, 2610687, 50.59, 32680, 2610682, 55.86, 32680, 2610682, 62.37, 32680, 2610682, 69.08
h_159, 32768, 2621362, 0.00, 32677, 2619916, 0.13, 32670, 2618780, 2.45, 32670, 2618727, 18.01, 32670, 2618780, 22.38, 32670, 2618780, 26.17, 32670, 2618780, 30.19, 32670, 2618780, 34.26, 32670, 2618780, 39.05, 32670, 2618780, 42.29, 32670, 2618780, 46.33, 32670, 2618780, 50.22, 32670, 2618780, 53.88
h_160, 65536, 2593066, 0.00, 65536, 2593066, 0.12, 65536, 2470685, 1.99, 65136, 2440766, 17.43, 65136, 2440854, 28.12, 65496, 2467438, 35.88, 65136, 2440854, 47.02, 65136, 2440854, 57.80, 65136, 2440854, 69.06, 65136, 2441071, 78.78, 65136, 2440854, 89.66, 65137, 2441004, 97.91, 65136, 2440854, 109.70
h_161, 32768, 2684883, 0.00, 32768, 2684883, 0.13, 32768, 2684883, 2.57, 32768, 2684883, 45.65, 32768, 2684883, 49.85, 32768, 2684883, 54.96, 32768, 2684883, 58.83, 32768, 2684883, 63.58, 32768, 2684883, 68.06, 32768, 2684883, 71.58, 32768, 2684883, 75.96, 32768, 2684883, 80.33, 32768, 2684883, 84.93
h_162, 131072, 2587747, 0.00, 131072, 2587747, 0.23, 128, 1658, 1.25, 8, 16, 2.40, 8, 16, 4.03, 128, 1658, 5.43, 8, 16, 6.71, 8, 16, 8.24, 8, 16, 9.90, 8, 16, 11.49, 8, 16, 12.61, 8, 16, 13.92, 8, 16, 15.09
h_163, 32768, 2696696, 0.00, 32768, 2696696, 0.09, 32768, 2638149, 3.47, 32763, 2633282, 25.71, 32763, 2637097, 33.62, 32764, 2637217, 42.72, 32763, 2637097, 52.41, 32763, 2637097, 60.62, 32763, 2637097, 70.38, 32763, 2637480, 76.46, 32763, 2637097, 86.94, 32763, 2637107, 96.72, 32763, 2637097, 106.75
h_164, 131072, 2620644, 0.00, 130663, 2614061, 0.18, 128794, 2260493, 9.06, 112625, 1445560, 324.22, 113334, 1496912, 556.33, 119670, 1716796, 828.88, 113076, 1489663, 1051.93, 113334, 1496912, 1282.62, 113076, 1489666, 1535.35, 113095, 1494362, 1735.16, 113076, 1489666, 1959.36, 113844, 1515629, 2129.07, 113076, 1489663, 2375.14
h_165, 131072, 2622100, 0.00, 130969, 2620941, 0.18, 130815, 2459629, 6.05, 130430, 2423079, 121.98, 130496, 2446320, 157.95, 130548, 2448113, 189.90, 130481, 2445950, 232.19, 130496, 2446320, 268.23, 130468, 2445462, 316.15, 130468, 2447042, 353.96, 130468, 2445462, 400.38, 130470, 2445643, 439.13, 130468, 2445462, 484.13
h_166, 65536, 2728370, 0.00, 57452, 2124246, 3.03, 57452, 2124246, 5.97, 57452, 2124246, 12.01, 57452, 2124246, 15.56, 57452, 2124246, 19.54, 57452, 2124246, 23.59, 57452, 2124246, 27.11, 57452, 2124246, 30.89, 57452, 2124246, 34.27, 57452, 2124246, 37.78, 57452, 2124246, 41.30, 57452, 2124246, 45.14
h_167, 65536, 2731506, 0.00, 57531, 2126614, 3.48, 57531, 2126614, 6.29, 57531, 2126614, 11.87, 57531, 2126614, 15.82, 57531, 2126614, 19.67, 57531, 2126614, 23.75, 57531, 2126614, 27.95, 57531, 2126614, 32.14, 57531, 2126614, 35.75, 57531, 2126614, 39.88, 57531, 2126614, 43.54, 57531, 2126614, 47.18
h_168, 32768, 2794794, 0.00, 32746, 2794370, 0.11, 32741, 2793462, 1.98, 32739, 2793273, 21.88, 32739, 2793303, 27.94, 32740, 2793359, 33.86, 32739, 2793303, 40.42, 32739, 2793303, 45.75, 32739, 2793303, 52.48, 32739, 2793303, 57.38, 32739, 2793303, 63.99, 32739, 2793303, 69.53, 32739, 2793303, 75.86
h_169, 32768, 2808603, 0.00, 32723, 2807547, 0.10, 32720, 2806703, 1.33, 32719, 2806553, 28.40, 32720, 2806703, 30.89, 32720, 2806703, 34.26, 32720, 2806703, 36.71, 32720, 2806703, 39.00, 32720, 2806703, 42.09, 32720, 2806703, 44.34, 32720, 2806703, 47.22, 32720, 2806703, 49.93, 32720, 2806703, 52.73
h_170, 32768, 2838628, 0.00, 29712, 2409626, 1.53, 29712, 2409626, 3.02, 29712, 2409626, 8.28, 29712, 2409626, 10.26, 29712, 2409626, 12.42, 29712, 2409626, 14.87, 29712, 2409626, 17.10, 29712, 2409626, 19.36, 29712, 2409626, 21.24, 29712, 2409626, 23.34, 29712, 2409626, 25.45, 29712, 2409626, 27.40
h_171, 131072, 2741624, 0.00, 130027, 2695663, 0.28, 114429, 1720777, 11.25, 59655, 381011, 106.37, 59997, 384689, 189.62, 100341, 1134025, 309.97, 59981, 384528, 394.15, 59997, 384689, 476.64, 59981, 384528, 561.96, 59982, 384639, 645.70, 59981, 384528, 729.72, 62256, 412884, 806.06, 59981, 384528, 891.59
h_172, 32768, 2840800, 0.00, 29740, 2413360, 1.71, 29740, 2413360, 3.07, 29740, 2413360, 7.71, 29740, 2413360, 10.52, 29740, 2413360, 13.25, 29740, 2413360, 16.07, 29740, 2413360, 18.09, 29740, 2413360, 20.57, 29740, 2413360, 22.89, 29740, 2413360, 25.30, 29740, 2413360, 27.74, 29740, 2413360, 29.93
h_173, 32768, 2843144, 0.00, 29795, 2420962, 1.89, 29795, 2420962, 3.85, 29795, 2420962, 8.70, 29795, 2420962, 10.58, 29795, 2420962, 12.59, 29795, 2420962, 14.45, 29795, 2420962, 17.12, 29795, 2420962, 19.21, 29795, 2420962, 21.04, 29795, 2420962, 23.84, 29795, 2420962, 26.56, 29795, 2420962, 28.93
h_174, 131072, 2754294, 0.00, 130067, 2701388, 0.19, 114972, 1738436, 9.02, 59822, 382961, 107.06, 60163, 386690, 192.01, 100405, 1135674, 321.31, 60153, 386584, 407.24, 60163, 386690, 490.29, 60153, 386584, 580.18, 60153, 386675, 665.36, 60153, 386584, 753.45, 62315, 414013, 834.37, 60153, 386584, 924.01
h_175, 131072, 2757784, 0.00, 130914, 2754523, 0.30, 129745, 2400417, 6.46, 109381, 1407444, 184.14, 109675, 1419305, 308.51, 122199, 1902306, 447.19, 109636, 1418339, 583.34, 109675, 1419305, 713.72, 109636, 1418339, 848.79, 109653, 1420185, 973.62, 109636, 1418339, 1113.25, 110595, 1453681, 1225.93, 109636, 1418339, 1369.04
h_176, 131072, 2777076, 0.00, 130970, 2775756, 0.18, 129890, 2424988, 7.55, 109384, 1405713, 176.68, 109615, 1416086, 317.81, 122272, 1914362, 480.08, 109584, 1415689, 617.24, 109615, 1416086, 751.65, 109584, 1415689, 894.79, 109581, 1417380, 1022.18, 109584, 1415689, 1159.72, 110561, 1452700, 1275.89, 109584, 1415689, 1415.00
h_177, 131072, 2784435, 0.00, 130955, 2781917, 0.25, 129790, 2429818, 7.86, 108882, 1404355, 171.07, 109131, 1416178, 299.43, 121935, 1909263, 443.42, 109108, 1415439, 572.45, 109131, 1416178, 697.77, 109108, 1415439, 824.00, 109157, 1417976, 943.22, 109108, 1415439, 1080.17, 110118, 1451932, 1185.77, 109108, 1415439, 1315.92
h_178, 131072, 2785982, 0.00, 131040, 2785640, 0.19, 130916, 2573723, 5.10, 130246, 2509966, 122.50, 130302, 2545113, 165.03, 130476, 2551428, 207.06, 130288, 2544795, 258.02, 130302, 2545113, 304.10, 130275, 2544199, 361.78, 130279, 2548626, 400.31, 130275, 2544199, 455.66, 130276, 2544823, 503.20, 130275, 2544199, 564.25
h_179, 131072, 2921009, 0.00, 130768, 2907824, 0.20, 119530, 2057654, 7.77, 53179, 308205, 71.05, 53224, 308766, 134.66, 111558, 1615648, 210.09, 53224, 308766, 271.73, 53224, 308766, 331.44, 53224, 308766, 391.74, 53225, 308793, 453.56, 53224, 308766, 513.65, 54651, 325839, 569.76, 53224, 308766, 628.02
h_180, 131072, 2949960, 0.00, 131060, 2949843, 0.18, 130986, 2695470, 5.11, 129634, 2627848, 48.03, 129643, 2632512, 79.02, 130640, 2675185, 99.27, 129636, 2632240, 132.17, 129643, 2632512, 165.23, 129636, 2632240, 199.61, 129636, 2636062, 225.07, 129636, 2632240, 260.32, 129648, 2633332, 288.03, 129636, 2632240, 320.92
h_181, 131072, 2950732, 0.00, 131059, 2950586, 0.19, 131013, 2696403, 4.12, 129763, 2633862, 49.38, 129772, 2638665, 78.83, 130697, 2678171, 102.64, 129764, 2638324, 133.41, 129772, 2638665, 160.91, 129764, 2638324, 196.34, 129764, 2641884, 218.61, 129764, 2638324, 252.54, 129772, 2639256, 278.34, 129764, 2638324, 314.05
h_182, 131072, 2951641, 0.00, 131058, 2951505, 0.21, 131007, 2697263, 3.43, 129717, 2633212, 46.48, 129721, 2637543, 74.25, 130674, 2678017, 93.44, 129718, 2637423, 126.64, 129721, 2637543, 154.57, 129718, 2637423, 185.34, 129719, 2641163, 208.88, 129718, 2637423, 239.54, 129726, 2638375, 265.30, 129718, 2637423, 298.49
h_183, 131072, 3115621, 0.00, 131072, 3115621, 0.18, 131029, 2963971, 2.43, 126958, 2771517, 22.82, 126958, 2771518, 37.73, 130866, 2956139, 46.39, 126958, 2771518, 62.74, 126958, 2771518, 78.16, 126958, 2771518, 93.61, 126958, 2771518, 108.28, 126958, 2771518, 124.95, 126960, 2771787, 139.20, 126958, 2771518, 154.15
h_184, 32768, 3221596, 0.00, 32768, 3221596, 0.15, 32768, 3221596, 3.74, 32768, 3221596, 50.56, 32768, 3221596, 56.44, 32768, 3221596, 62.58, 32768, 3221596, 69.30, 32768, 3221596, 75.73, 32768, 3221596, 82.50, 32768, 3221596, 86.90, 32768, 3221596, 93.42, 32768, 3221596, 98.70, 32768, 3221596, 104.30
h_185, 32768, 3222505, 0.00, 32768, 3222505, 0.14, 32768, 3222505, 3.29, 32768, 3222505, 49.62, 32768, 3222505, 54.97, 32768, 3222505, 60.32, 32768, 3222505, 65.56, 32768, 3222505, 72.05, 32768, 3222505, 78.32, 32768, 3222505, 82.39, 32768, 3222505, 88.86, 32768, 3222505, 95.03, 32768, 3222505, 101.10
h_186, 566326, 2770690, 0.00, 549251, 2745294, 1.58, 96919, 354849, 3.96, 96919, 354849, 25.85, 96919, 354849, 29.07, 96919, 354849, 33.01, 96919, 354849, 36.51, 96919, 354849, 40.53, 96919, 354849, 44.02, 96919, 354849, 47.36, 96919, 354849, 51.23, 96919, 354849, 55.10, 96919, 354849, 59.44
h_187, 131072, 3225441, 0.00, 131072, 3225441, 0.25, 516, 9108, 1.61, 9, 18, 4.05, 9, 18, 6.21, 516, 9108, 7.75, 9, 18, 9.76, 9, 18, 12.38, 9, 18, 14.81, 9, 18, 17.36, 9, 18, 19.39, 9, 18, 21.71, 9, 18, 23.66
h_188, 262140, 3100200, 0.00, 163662, 1189436, 9.97, 163662, 1189436, 17.75, 163662, 1189436, 28.67, 163644, 1189340, 37.49, 163656, 1189416, 46.38, 163656, 1189416, 55.04, 163662, 1189436, 63.25, 163662, 1189436, 72.97, 163662, 1189436, 83.02, 163662, 1189436, 92.74, 163662, 1189436, 102.11, 163662, 1189436, 111.05
h_189, 262141, 3100310, 0.00, 163839, 1191914, 10.44, 163832, 1191870, 19.11, 163839, 1191914, 29.46, 163817, 1191838, 37.38, 163839, 1191914, 46.36, 163839, 1191914, 55.42, 163839, 1191914, 64.01, 163839, 1191914, 73.37, 163839, 1191914, 82.65, 163832, 1191870, 91.74, 163839, 1191914, 101.21, 163839, 1191914, 111.02
h_190, 131072, 3244452, 0.00, 131072, 3244452, 0.17, 3657, 86742, 5.02, 8, 16, 13.12, 8, 16, 20.53, 3657, 86742, 25.80, 8, 16, 33.59, 8, 16, 40.65, 8, 16, 47.37, 8, 16, 54.34, 8, 16, 61.51, 8, 16, 70.00, 8, 16, 78.44
h_191, 131072, 3275806, 0.00, 131072, 3275806, 0.20, 4513, 111314, 5.02, 4, 8, 13.11, 4, 8, 20.74, 4513, 111314, 26.58, 4, 8, 35.44, 4, 8, 43.67, 4, 8, 52.22, 4, 8, 60.78, 4, 8, 69.15, 4, 8, 77.16, 4, 8, 84.64
h_192, 32768, 3726392, 0.00, 32550, 3693014, 1.82, 32550, 3693014, 4.33, 32550, 3693014, 12.64, 32550, 3693014, 16.26, 32550, 3693014, 19.71, 32550, 3693014, 23.01, 32550, 3693014, 25.94, 32550, 3693014, 28.40, 32550, 3693014, 31.52, 32550, 3693014, 34.02, 32550, 3693014, 36.51, 32550, 3693014, 39.02
h_193, 32768, 3734348, 0.00, 32563, 3702362, 1.58, 32563, 3702362, 3.72, 32563, 3702362, 12.61, 32563, 3702362, 15.14, 32563, 3702362, 17.59, 32563, 3702362, 20.00, 32563, 3702362, 22.71, 32563, 3702362, 25.66, 32563, 3702362, 28.21, 32563, 3702362, 32.28, 32563, 3702362, 35.53, 32563, 3702362, 38.69
h_194, 4096, 4194304, 0.00, 4096, 4194304, 0.29, 4096, 4194304, 13.37, 4096, 4194304, 184.40, 4096, 4194304, 208.63, 4096, 4194304, 232.05, 4096, 4194304, 254.30, 4096, 4194304, 280.45, 4096, 4194304, 306.53, 4096, 4194304, 320.61, 4096, 4194304, 344.61, 4096, 4194304, 373.58, 4096, 4194304, 396.06
h_195, 4096, 4194304, 0.00, 4096, 4194304, 0.31, 4096, 4194304, 14.06, 4096, 4194304, 192.45, 4096, 4194304, 216.11, 4096, 4194304, 239.29, 4096, 4194304, 264.79, 4096, 4194304, 288.96, 4096, 4194304, 315.25, 4096, 4194304, 329.28, 4096, 4194304, 354.63, 4096, 4194304, 378.44, 4096, 4194304, 401.73
h_196, 8192, 4194304, 0.00, 8192, 4194304, 0.24, 8192, 4194304, 11.94, 8192, 4194304, 62.72, 8192, 4194304, 78.95, 8192, 4194304, 96.50, 8192, 4194304, 113.09, 8192, 4194304, 128.45, 8192, 4194304, 145.08, 8192, 4194304, 156.01, 8192, 4194304, 172.54, 8192, 4194304, 187.43, 8192, 4194304, 203.02
h_197, 8192, 4194304, 0.00, 8192, 4194304, 0.23, 8192, 4194304, 10.69, 8192, 4194304, 61.41, 8192, 4194304, 76.64, 8192, 4194304, 94.83, 8192, 4194304, 109.97, 8192, 4194304, 125.39, 8192, 4194304, 140.71, 8192, 4194304, 151.13, 8192, 4194304, 166.74, 8192, 4194304, 182.29, 8192, 4194304, 198.22
h_198, 962897, 4419758, 0.00, 887706, 4300594, 2.97, 232674, 851805, 8.95, 232674, 851805, 80.61, 232674, 851805, 88.51, 232674, 851805, 97.07, 232674, 851805, 105.78, 232674, 851805, 113.86, 232674, 851805, 122.84, 232674, 851805, 129.47, 232674, 851805, 137.82, 232674, 851805, 146.33, 232674, 851805, 155.21
h_199, 875713, 5105039, 0.00, 196078, 1756279, 3.32, 4161, 25256, 7.11, 3055, 13224, 13.16, 3125, 13650, 18.23, 3992, 23766, 24.20, 3076, 13382, 29.05, 3125, 13650, 34.03, 3076, 13382, 38.70, 3076, 13384, 43.79, 3076, 13382, 49.71, 3077, 13392, 55.30, 3076, 13382, 61.19
h_200, 2394385, 5021410, 0.00, 122, 261, 20.36, 12, 24, 20.54, 12, 24, 20.54, 12, 24, 20.54, 12, 24, 20.54, 12, 24, 20.54, 12, 24, 20.54, 12, 24, 20.54, 12, 24, 20.54, 12, 24, 20.54, 12, 24, 20.54, 12, 24, 20.54
