1000 20000
0 917
0 760
0 916
0 661
0 608
0 904
0 419
0 161
0 896
0 431
0 378
0 856
0 532
0 789
0 514
0 743
0 745
0 413
0 959
0 672
1 559
1 686
1 179
1 183
1 630
1 309
1 42
1 403
1 182
1 569
1 118
1 898
1 751
1 848
1 429
1 992
1 242
1 658
1 552
1 741
2 836
2 317
2 969
2 889
2 381
2 227
2 455
2 987
2 375
2 721
2 100
2 876
2 869
2 521
2 212
2 746
2 799
2 649
2 307
2 979
3 78
3 425
3 202
3 983
3 625
3 440
3 181
3 319
3 889
3 617
3 303
3 20
3 966
3 997
3 324
3 174
3 652
3 500
3 247
3 961
4 237
4 341
4 165
4 213
4 858
4 144
4 55
4 646
4 713
4 770
4 547
4 449
4 812
4 350
4 788
4 621
4 388
4 8
4 193
4 852
5 618
5 476
5 504
5 0
5 419
5 691
5 989
5 497
5 884
5 468
5 125
5 642
5 349
5 471
5 464
5 377
5 225
5 743
5 299
5 430
6 5
6 755
6 627
6 258
6 87
6 598
6 367
6 943
6 511
6 725
6 189
6 849
6 766
6 397
6 484
6 870
6 256
6 584
6 154
6 637
7 288
7 247
7 75
7 836
7 2
7 297
7 640
7 116
7 746
7 931
7 809
7 892
7 481
7 149
7 548
7 40
7 754
7 275
7 455
7 963
8 800
8 45
8 332
8 572
8 786
8 671
8 530
8 648
8 684
8 365
8 139
8 910
8 321
8 291
8 160
8 63
8 165
8 952
8 439
8 770
9 996
9 46
9 173
9 355
9 549
9 508
9 718
9 659
9 132
9 971
9 0
9 516
9 296
9 608
9 250
9 739
9 218
9 414
9 826
9 349
10 72
10 135
10 776
10 644
10 241
10 325
10 145
10 846
10 779
10 178
10 462
10 521
10 235
10 732
10 706
10 722
10 136
10 860
10 141
10 169
11 60
11 811
11 204
11 130
11 165
11 646
11 551
11 621
11 122
11 692
11 4
11 15
11 786
11 770
11 713
11 887
11 64
11 566
11 156
11 364
12 977
12 166
12 195
12 868
12 578
12 761
12 98
12 180
12 233
12 555
12 810
12 24
12 740
12 554
12 922
12 556
12 494
12 758
12 326
12 839
13 248
13 190
13 839
13 338
13 361
13 960
13 965
13 868
13 58
13 574
13 956
13 875
13 926
13 417
13 49
13 679
13 192
13 942
13 17
13 146
14 758
14 98
14 665
14 701
14 27
14 925
14 102
14 999
14 452
14 880
14 634
14 506
14 717
14 690
14 596
14 666
14 197
14 290
14 195
14 255
15 561
15 594
15 607
15 204
15 240
15 59
15 144
15 369
15 454
15 350
15 648
15 763
15 379
15 937
15 60
15 509
15 193
15 551
15 30
15 133
16 808
16 67
16 310
16 765
16 83
16 221
16 997
16 966
16 814
16 679
16 187
16 482
16 678
16 851
16 155
16 20
16 353
16 428
16 886
16 723
17 814
17 617
17 88
17 43
17 175
17 851
17 885
17 272
17 466
17 915
17 168
17 901
17 625
17 520
17 983
17 245
17 652
17 997
17 967
17 808
18 483
18 999
18 761
18 977
18 199
18 339
18 143
18 764
18 717
18 740
18 232
18 596
18 285
18 157
18 252
18 255
18 326
18 12
18 90
18 337
19 441
19 271
19 309
19 929
19 84
19 1
19 898
19 682
19 991
19 120
19 229
19 773
19 433
19 435
19 848
19 823
19 734
19 393
19 730
19 158
20 70
20 889
20 272
20 709
20 478
20 580
20 855
20 678
20 645
20 513
20 88
20 103
20 662
20 807
20 790
20 236
20 674
20 866
20 600
20 613
21 128
21 314
21 74
21 224
21 427
21 447
21 336
21 521
21 140
21 844
21 706
21 546
21 722
21 72
21 750
21 443
21 84
21 847
21 95
21 462
22 610
22 198
22 741
22 927
22 986
22 460
22 939
22 669
22 832
22 787
22 929
22 371
22 773
22 753
22 696
22 582
22 210
22 69
22 182
22 41
23 810
23 243
23 49
23 698
23 843
23 126
23 374
23 368
23 480
23 358
23 556
23 338
23 828
23 469
23 327
23 660
23 186
23 273
23 77
23 867
24 767
24 199
24 249
24 690
24 926
24 308
24 487
24 769
24 58
24 601
24 469
24 589
24 98
24 539
24 374
24 407
24 248
24 77
24 867
24 545
25 962
25 312
25 261
25 254
25 734
25 658
25 142
25 283
25 276
25 686
25 198
25 779
25 108
25 84
25 22
25 447
25 682
25 822
25 474
25 242
26 205
26 15
26 937
26 201
26 952
26 165
26 671
26 852
26 501
26 395
26 655
26 357
26 924
26 211
26 770
26 281
26 237
26 133
26 783
26 620
27 960
27 795
27 445
27 539
27 273
27 361
27 368
27 243
27 417
27 505
27 900
27 574
27 101
27 926
27 338
27 233
27 769
27 723
27 356
27 58
28 672
28 0
28 731
28 861
28 401
28 971
28 959
28 954
28 468
28 127
28 46
28 71
28 305
28 348
28 593
28 821
28 209
28 829
28 904
28 830
29 250
29 488
29 137
29 34
29 772
29 597
29 476
29 562
29 302
29 766
29 437
29 499
29 659
29 637
29 286
29 627
29 525
29 52
29 884
29 833
30 213
30 47
30 973
30 671
30 752
30 573
30 694
30 85
30 798
30 366
30 655
30 530
30 144
30 139
30 707
30 594
30 976
30 551
30 194
30 64
31 980
31 41
31 755
31 958
31 134
31 756
31 859
31 394
31 29
31 542
31 994
31 984
31 797
31 804
31 409
31 391
31 442
31 230
31 94
31 695
32 467
32 431
32 671
32 348
32 655
32 257
32 110
32 714
32 213
32 413
32 564
32 812
32 920
32 402
32 240
32 788
32 813
32 904
32 498
32 744
33 890
33 72
33 603
33 751
33 178
33 658
33 251
33 732
33 474
33 447
33 53
33 336
33 846
33 546
33 632
33 730
33 19
33 191
33 276
33 408
34 39
34 821
34 896
34 351
34 745
34 38
34 0
34 639
34 608
34 214
34 829
34 344
34 959
34 305
34 861
34 587
34 743
34 683
34 873
34 550
35 146
35 601
35 13
35 775
35 912
35 170
35 180
35 49
35 556
35 839
35 764
35 486
35 483
35 277
35 311
35 233
35 445
35 922
35 412
35 23
36 414
36 421
36 989
36 398
36 884
36 772
36 121
36 29
36 111
36 716
36 629
36 258
36 485
36 859
36 451
36 695
36 137
36 913
36 173
36 584
37 377
37 911
37 499
37 173
37 549
37 471
37 739
37 897
37 218
37 826
37 414
37 262
37 884
37 504
37 597
37 689
37 878
37 111
37 659
37 370
38 346
38 653
38 268
38 402
38 729
38 61
38 431
38 238
38 498
38 990
38 39
38 593
38 856
38 416
38 253
38 778
38 656
38 566
38 824
38 517
39 4
39 551
39 547
39 492
39 908
39 687
39 60
39 260
39 852
39 63
39 379
39 910
39 871
39 813
39 130
39 188
39 213
39 648
39 729
39 572
40 919
40 191
40 142
40 312
40 279
40 145
40 784
40 336
40 53
40 890
40 325
40 474
40 276
40 283
40 234
40 254
40 750
40 837
40 227
40 178
41 373
41 396
41 636
41 629
41 637
41 176
41 650
41 980
41 623
41 457
41 615
41 870
41 485
41 256
41 928
41 872
41 542
41 29
41 185
41 669
42 950
42 69
42 787
42 929
42 938
42 271
42 179
42 229
42 756
42 668
42 456
42 203
42 210
42 147
42 309
42 630
42 923
42 198
42 817
42 552
43 354
43 781
43 613
43 652
43 481
43 611
43 507
43 640
43 709
43 967
43 459
43 866
43 2
43 838
43 116
43 440
43 520
43 987
43 78
43 493
44 643
44 149
44 489
44 776
44 19
44 864
44 224
44 644
44 991
44 95
44 757
44 847
44 408
44 128
44 750
44 799
44 862
44 178
44 390
44 283
45 143
45 266
45 801
45 490
45 993
45 376
45 818
45 694
45 306
45 332
45 365
45 292
45 337
45 194
45 252
45 634
45 285
45 450
45 284
45 761
46 419
46 639
46 789
46 244
46 214
46 802
46 861
46 345
46 468
46 672
46 599
46 39
46 653
46 829
46 378
46 894
46 431
46 882
46 743
46 564
47 571
47 337
47 933
47 667
47 740
47 252
47 880
47 266
47 157
47 12
47 733
47 343
47 96
47 490
47 728
47 530
47 825
47 544
47 676
47 680
48 428
48 565
48 590
48 640
48 500
48 885
48 466
48 124
48 662
48 175
48 425
48 988
48 148
48 645
48 580
48 814
48 228
48 88
48 807
48 216
49 58
49 574
49 960
49 16
49 951
49 885
49 295
49 417
49 723
49 765
49 168
49 843
49 679
49 358
49 248
49 175
49 313
49 660
49 243
49 66
50 93
50 275
50 227
50 836
50 711
50 80
50 521
50 330
50 75
50 21
50 316
50 33
50 145
50 274
50 116
50 805
50 560
50 876
50 100
50 307
51 324
51 174
51 338
51 505
51 124
51 20
51 168
51 698
51 955
51 851
51 960
51 3
51 187
51 362
51 115
51 491
51 16
51 835
51 866
51 965
52 894
52 793
52 916
52 824
52 419
52 464
52 672
52 497
52 239
52 959
52 132
52 609
52 934
52 504
52 302
52 82
52 661
52 882
52 320
52 819
53 930
53 668
53 817
53 686
53 848
53 602
53 254
53 104
53 941
53 986
53 393
53 727
53 906
53 42
53 474
53 992
53 120
53 336
53 569
53 458
54 236
54 70
54 645
54 202
54 966
54 43
54 749
54 83
54 7
54 595
54 300
54 988
54 855
54 851
54 625
54 565
54 698
54 187
54 892
54 101
55 332
55 571
55 770
55 995
55 194
55 426
55 160
55 583
55 825
55 97
55 675
55 96
55 418
55 693
55 318
55 747
55 733
55 315
55 395
55 114
56 171
56 507
56 354
56 781
56 881
56 969
56 330
56 352
56 674
56 116
56 805
56 375
56 91
56 649
56 50
56 80
56 329
56 567
56 588
56 275
57 252
57 586
57 735
57 292
57 747
57 993
57 664
57 68
57 439
57 138
57 792
57 796
57 47
57 85
57 583
57 694
57 291
57 964
57 96
57 418
58 475
58 228
58 965
58 589
58 48
58 115
58 295
58 54
58 206
58 749
58 124
58 155
58 845
58 273
58 577
58 382
58 17
58 243
58 70
58 405
59 139
59 509
59 204
59 614
59 122
59 318
59 167
59 707
59 207
59 621
59 133
59 694
59 55
59 144
59 952
59 68
59 684
59 583
59 130
59 341
60 114
60 561
60 935
60 379
60 937
60 64
60 614
60 395
60 194
60 156
60 193
60 557
60 144
60 434
60 184
60 97
60 133
60 726
60 621
60 752
61 15
61 566
61 467
61 811
61 812
61 599
61 112
61 564
61 731
61 904
61 492
61 672
61 253
61 401
61 920
61 60
61 894
61 576
61 431
61 936
62 125
62 52
62 214
62 618
62 344
62 132
62 127
62 971
62 502
62 430
62 628
62 0
62 699
62 46
62 916
62 61
62 419
62 689
62 305
62 349
63 783
63 57
63 735
63 607
63 648
63 614
63 160
63 172
63 910
63 194
63 752
63 418
63 592
63 792
63 976
63 68
63 583
63 470
63 852
63 193
64 143
64 792
64 976
64 735
64 895
64 439
64 197
64 138
64 675
64 232
64 664
64 952
64 964
64 18
64 573
64 733
64 68
64 332
64 933
64 747
65 235
65 84
65 844
65 837
65 227
65 276
65 359
65 427
65 141
65 169
65 474
65 734
65 105
65 779
65 890
65 251
65 644
65 847
65 462
65 447
66 855
66 670
66 617
66 51
66 58
66 295
66 885
66 921
66 175
66 327
66 475
66 469
66 338
66 383
66 875
66 424
66 505
66 361
66 293
66 99
67 708
67 478
67 807
67 611
67 781
67 236
67 981
67 625
67 982
67 600
67 428
67 317
67 881
67 790
67 754
67 174
67 966
67 481
67 883
67 124
68 818
68 376
68 571
68 619
68 528
68 544
68 973
68 586
68 157
68 581
68 634
68 252
68 728
68 285
68 841
68 752
68 801
68 366
68 332
68 540
69 759
69 210
69 753
69 6
69 696
69 950
69 463
69 724
69 762
69 323
69 907
69 636
69 152
69 282
69 219
69 863
69 756
69 432
69 182
69 870
70 216
70 246
70 541
70 838
70 7
70 164
70 2
70 99
70 580
70 527
70 324
70 590
70 181
70 221
70 513
70 352
70 866
70 663
70 883
70 790
71 882
71 990
71 351
71 238
71 570
71 672
71 535
71 402
71 830
71 609
71 824
71 638
71 908
71 514
71 127
71 268
71 829
71 564
71 112
71 502
72 673
72 22
72 658
72 632
72 918
72 42
72 210
72 433
72 860
72 779
72 178
72 823
72 104
72 191
72 109
72 724
72 992
72 635
72 848
72 751
73 950
73 380
73 36
73 106
73 626
73 939
73 282
73 985
73 669
73 791
73 81
73 624
73 485
73 870
73 503
73 183
73 759
73 719
73 189
73 899
74 531
74 696
74 930
74 848
74 404
74 929
74 938
74 309
74 433
74 371
74 534
74 479
74 610
74 941
74 403
74 422
74 742
74 906
74 179
74 569
75 135
75 702
75 108
75 706
75 732
75 105
75 19
75 141
75 844
75 860
75 84
75 330
75 847
75 945
75 224
75 969
75 784
75 857
75 10
75 558
76 280
76 357
76 156
76 547
76 4
76 648
76 852
76 395
76 763
76 467
76 811
76 240
76 119
76 726
76 778
76 165
76 30
76 188
76 924
76 416
77 382
77 417
77 155
77 843
77 565
77 236
77 505
77 99
77 466
77 43
77 175
77 89
77 243
77 749
77 688
77 723
77 16
77 383
77 174
77 838
78 600
78 974
78 987
78 567
78 892
78 979
78 381
78 558
78 515
78 709
78 771
78 963
78 536
78 274
78 588
78 780
78 275
78 246
78 93
78 901
79 508
79 355
79 739
79 549
79 289
79 934
79 504
79 516
79 163
79 214
79 970
79 878
79 760
79 683
79 772
79 28
79 372
79 302
79 766
79 464
80 711
80 686
80 822
80 283
80 19
80 930
80 178
80 474
80 732
80 224
80 242
80 33
80 919
80 74
80 847
80 462
80 104
80 227
80 84
80 234
81 899
81 989
81 766
81 629
81 637
81 370
81 173
81 826
81 342
81 985
81 485
81 5
81 472
81 943
81 511
81 768
81 121
81 736
81 970
81 719
82 222
82 550
82 576
82 413
82 177
82 351
82 119
82 209
82 156
82 348
82 131
82 378
82 498
82 639
82 347
82 778
82 512
82 26
82 917
82 871
83 889
83 710
83 866
83 967
83 541
83 70
83 2
83 513
83 647
83 536
83 164
83 491
83 883
83 737
83 987
83 645
83 428
83 595
83 303
83 881
84 158
84 779
84 363
84 992
84 831
84 929
84 312
84 254
84 219
84 336
84 325
84 359
84 696
84 495
84 962
84 668
84 423
84 229
84 632
84 991
85 540
85 680
85 123
85 717
85 14
85 18
85 818
85 197
85 895
85 335
85 448
85 619
85 232
85 284
85 761
85 452
85 315
85 157
85 446
85 667
86 798
86 735
86 675
86 194
86 948
86 193
86 509
86 825
86 533
86 796
86 664
86 204
86 777
86 388
86 752
86 707
86 583
86 64
86 439
86 366
87 911
87 411
87 499
87 457
87 464
87 598
87 970
87 239
87 384
87 989
87 497
87 884
87 372
87 563
87 220
87 451
87 302
87 878
87 137
87 946
88 969
88 527
88 700
88 301
88 91
88 317
88 738
88 966
88 643
88 307
88 613
88 100
88 440
88 721
88 869
88 606
88 164
88 56
88 515
88 987
89 577
89 855
89 331
89 124
89 845
89 972
89 835
89 981
89 565
89 20
89 645
89 900
89 505
89 475
89 327
89 885
89 915
89 362
89 874
89 988
90 113
90 270
90 634
90 334
90 269
90 123
90 190
90 867
90 24
90 487
90 146
90 199
90 537
90 922
90 767
90 667
90 879
90 445
90 601
90 616
91 40
91 44
91 836
91 931
91 274
91 963
91 606
91 558
91 805
91 427
91 100
91 415
91 969
91 224
91 914
91 208
91 526
91 799
91 649
91 982
92 333
92 112
92 564
92 492
92 177
92 127
92 535
92 4
92 653
92 82
92 593
92 110
92 223
92 672
92 699
92 222
92 871
92 639
92 344
92 840
93 314
93 21
93 95
93 734
93 427
93 141
93 876
93 316
93 822
93 53
93 447
93 72
93 105
93 945
93 521
93 19
93 25
93 304
93 750
93 526
94 715
94 853
94 9
94 615
94 457
94 511
94 579
94 636
94 736
94 968
94 282
94 902
94 398
94 81
94 6
94 943
94 484
94 397
94 542
94 978
95 458
95 456
95 986
95 241
95 42
95 404
95 682
95 919
95 673
95 668
95 254
95 219
95 135
95 941
95 702
95 779
95 178
95 776
95 441
95 727
96 777
96 801
96 543
96 292
96 326
96 912
96 720
96 578
96 728
96 197
96 385
96 448
96 153
96 544
96 553
96 255
96 925
96 977
96 199
96 933
97 735
97 528
97 252
97 707
97 450
97 395
97 366
97 418
97 96
97 446
97 47
97 952
97 496
97 573
97 841
97 184
97 694
97 571
97 664
97 364
98 903
98 688
98 13
98 407
98 206
98 868
98 338
98 589
98 769
98 23
98 294
98 893
98 951
98 410
98 249
98 356
98 368
98 186
98 190
98 327
99 611
99 645
99 892
99 466
99 678
99 794
99 613
99 440
99 513
99 221
99 662
99 246
99 663
99 527
99 148
99 541
99 88
99 300
99 478
99 881
100 390
100 145
100 455
100 864
100 546
100 890
100 95
100 837
100 558
100 644
100 235
100 862
100 919
100 746
100 515
100 72
100 844
100 151
100 19
100 805
101 482
101 662
101 983
101 885
101 790
101 613
101 78
101 236
101 202
101 70
101 541
101 997
101 874
101 595
101 886
101 590
101 915
101 678
101 855
101 565
102 294
102 233
102 843
102 77
102 358
102 374
102 308
102 23
102 839
102 940
102 631
102 407
102 925
102 972
102 89
102 704
102 758
102 410
102 545
102 554
103 652
103 790
103 983
103 527
103 982
103 221
103 56
103 440
103 324
103 459
103 148
103 50
103 663
103 236
103 710
103 869
103 881
103 2
103 640
103 892
104 668
104 495
104 31
104 986
104 929
104 762
104 534
104 632
104 510
104 696
104 888
104 923
104 261
104 456
104 147
104 552
104 582
104 603
104 682
104 569
105 860
105 890
105 235
105 438
105 711
105 435
105 53
105 734
105 462
105 242
105 779
105 359
105 145
105 732
105 254
105 234
105 930
105 443
105 632
105 702
106 970
106 691
106 9
106 826
106 384
106 173
106 355
106 62
106 627
106 739
106 913
106 946
106 472
106 163
106 853
106 220
106 451
106 715
106 107
106 185
107 92
107 587
107 508
107 28
107 989
107 258
107 471
107 262
107 642
107 718
107 766
107 661
107 453
107 897
107 468
107 370
107 659
107 760
107 367
107 861
108 848
108 860
108 991
108 178
108 773
108 283
108 312
108 962
108 271
108 727
108 898
108 1
108 234
108 603
108 84
108 712
108 422
108 734
108 69
108 522
109 31
109 69
109 309
109 380
109 992
109 705
109 928
109 823
109 569
109 632
109 923
109 958
109 393
109 436
109 941
109 832
109 510
109 458
109 906
109 673
110 60
110 621
110 920
110 551
110 852
110 122
110 566
110 156
110 850
110 240
110 188
110 685
110 467
110 501
110 395
110 763
110 333
110 812
110 620
110 211
111 760
111 971
111 355
111 608
111 499
111 163
111 934
111 504
111 605
111 62
111 661
111 970
111 897
111 549
111 372
111 562
111 340
111 468
111 659
111 414
112 39
112 538
112 713
112 281
112 492
112 744
112 119
112 280
112 501
112 161
112 260
112 655
112 692
112 76
112 566
112 8
112 11
112 449
112 144
112 564
113 102
113 601
113 77
113 385
113 190
113 150
113 578
113 186
113 554
113 903
113 767
113 195
113 868
113 126
113 98
113 589
113 295
113 445
113 925
113 13
114 14
114 350
114 197
114 68
114 694
114 143
114 728
114 392
114 12
114 747
114 439
114 47
114 446
114 720
114 376
114 207
114 138
114 490
114 752
114 733
115 16
115 633
115 181
115 765
115 883
115 362
115 410
115 466
115 997
115 324
115 737
115 187
115 960
115 174
115 652
115 103
115 20
115 155
115 417
115 221
116 815
116 251
116 799
116 706
116 443
116 526
116 750
116 515
116 560
116 10
116 21
116 847
116 914
116 521
116 44
116 227
116 142
116 329
116 862
116 969
117 441
117 724
117 169
117 489
117 668
117 283
117 495
117 147
117 817
117 930
117 603
117 658
117 404
117 992
117 635
117 762
117 393
117 84
117 712
117 773
118 923
118 820
118 759
118 865
118 978
118 457
118 932
118 753
118 928
118 87
118 373
118 323
118 654
118 863
118 485
118 81
118 394
118 460
118 695
118 905
119 341
119 416
119 86
119 167
119 561
119 139
119 122
119 655
119 97
119 15
119 144
119 211
119 788
119 566
119 557
119 648
119 133
119 201
119 811
119 467
120 436
120 182
120 992
120 848
120 559
120 928
120 219
120 905
120 602
120 210
120 630
120 69
120 534
120 724
120 229
120 742
120 986
120 41
120 668
120 791
121 739
121 370
121 28
121 286
121 372
121 772
121 971
121 902
121 9
121 476
121 258
121 562
121 262
121 137
121 819
121 400
121 608
121 34
121 691
121 173
122 490
122 948
122 735
122 172
122 825
122 446
122 675
122 496
122 646
122 439
122 585
122 204
122 450
122 321
122 454
122 530
122 350
122 364
122 285
122 792
123 23
123 483
123 854
123 199
123 487
123 957
123 49
123 150
123 233
123 195
123 506
123 294
123 326
123 445
123 867
123 518
123 77
123 98
123 278
123 494
124 181
124 625
124 955
124 678
124 590
124 324
124 297
124 961
124 780
124 352
124 790
124 645
124 901
124 982
124 754
124 246
124 236
124 164
124 491
124 966
125 813
125 840
125 76
125 789
125 351
125 119
125 591
125 502
125 222
125 628
125 112
125 731
125 821
125 298
125 672
125 333
125 802
125 71
125 378
125 260
126 885
126 972
126 577
126 338
126 965
126 480
126 181
126 981
126 838
126 942
126 124
126 310
126 708
126 723
126 362
126 48
126 915
126 389
126 174
126 961
127 538
127 498
127 60
127 188
127 813
127 547
127 599
127 431
127 628
127 620
127 566
127 217
127 763
127 223
127 444
127 298
127 467
127 916
127 954
127 871
128 309
128 602
128 776
128 603
128 254
128 510
128 271
128 429
128 848
128 668
128 325
128 283
128 198
128 120
128 479
128 712
128 69
128 408
128 919
128 673
129 136
129 224
129 700
129 438
129 746
129 251
129 208
129 750
129 847
129 805
129 644
129 507
129 390
129 864
129 21
129 909
129 231
129 567
129 145
129 521
130 114
130 973
130 332
130 586
130 193
130 530
130 944
130 64
130 284
130 752
130 97
130 285
130 496
130 937
130 770
130 592
130 365
130 664
130 528
130 585
131 792
131 594
131 97
131 45
131 557
131 55
131 388
131 418
131 341
131 684
131 811
131 122
131 785
131 850
131 184
131 434
131 788
131 59
131 369
131 707
132 576
132 908
132 125
132 38
132 61
132 431
132 782
132 612
132 840
132 46
132 609
132 904
132 161
132 320
132 401
132 225
132 990
132 653
132 599
132 39
133 439
133 818
133 752
133 172
133 728
133 747
133 676
133 450
133 68
133 153
133 509
133 825
133 544
133 993
133 573
133 948
133 528
133 47
133 583
133 292
134 437
134 978
134 604
134 950
134 442
134 872
134 397
134 457
134 715
134 473
134 622
134 695
134 905
134 985
134 176
134 152
134 106
134 37
134 669
134 725
135 458
135 930
135 69
135 393
135 363
135 462
135 219
135 734
135 456
135 673
135 147
135 42
135 632
135 182
135 860
135 742
135 72
135 510
135 22
135 429
136 304
136 822
136 834
136 423
136 458
136 962
136 697
136 686
136 552
136 991
136 95
136 22
136 229
136 128
136 773
136 510
136 929
136 104
136 178
136 390
137 471
137 549
137 618
137 627
137 258
137 476
137 289
137 497
137 107
137 996
137 384
137 79
137 173
137 970
137 468
137 826
137 642
137 163
137 62
137 355
138 733
138 96
138 581
138 157
138 426
138 540
138 728
138 446
138 166
138 14
138 470
138 717
138 735
138 777
138 761
138 555
138 337
138 693
138 162
138 740
139 332
139 573
139 607
139 935
139 193
139 315
139 586
139 184
139 680
139 85
139 86
139 852
139 470
139 64
139 365
139 47
139 291
139 973
139 952
139 130
140 748
140 158
140 741
140 918
140 832
140 22
140 479
140 495
140 271
140 242
140 848
140 724
140 433
140 203
140 635
140 510
140 817
140 953
140 930
140 552
141 848
141 104
141 603
141 727
141 390
141 462
141 145
141 860
141 686
141 702
141 169
141 632
141 140
141 276
141 271
141 312
141 135
141 742
141 72
141 732
142 682
142 69
142 191
142 751
142 304
142 776
142 309
142 219
142 603
142 991
142 279
142 74
142 702
142 510
142 117
142 834
142 860
142 686
142 831
142 919
143 717
143 816
143 334
143 665
143 264
143 537
143 554
143 581
143 977
143 539
143 420
143 701
143 529
143 616
143 13
143 880
143 801
143 667
143 23
143 775
144 614
144 607
144 47
144 68
144 798
144 783
144 770
144 530
144 55
144 800
144 509
144 364
144 583
144 315
144 501
144 434
144 454
144 675
144 973
144 952
145 462
145 962
145 53
145 673
145 919
145 241
145 104
145 929
145 254
145 560
145 72
145 74
145 304
145 751
145 276
145 283
145 864
145 363
145 734
145 435
146 278
146 186
146 486
146 249
146 368
146 708
146 617
146 101
146 505
146 633
146 48
146 115
146 206
146 58
146 383
146 353
146 338
146 248
146 795
146 723
147 610
147 696
147 773
147 73
147 888
147 461
147 182
147 624
147 791
147 134
147 823
147 703
147 938
147 409
147 219
147 724
147 669
147 984
147 615
147 762
148 914
148 10
148 527
148 227
148 548
148 862
148 129
148 876
148 100
148 700
148 979
148 909
148 836
148 33
148 427
148 805
148 963
148 657
148 746
148 164
149 108
149 847
149 846
149 224
149 316
149 227
149 489
149 991
149 72
149 438
149 447
149 919
149 831
149 722
149 312
149 117
149 732
149 140
149 962
149 314
150 633
150 417
150 851
150 428
150 988
150 960
150 313
150 382
150 54
150 89
150 565
150 981
150 206
150 58
150 168
150 885
150 466
150 17
150 617
150 951
151 857
151 447
151 697
151 876
151 363
151 227
151 408
151 145
151 10
151 149
151 135
151 757
151 95
151 390
151 730
151 316
151 822
151 455
151 254
151 234
152 911
152 411
152 907
152 5
152 106
152 37
152 451
152 472
152 396
152 978
152 629
152 695
152 189
152 703
152 394
152 323
152 715
152 406
152 373
152 902
153 666
153 326
153 376
153 529
153 616
153 665
153 801
153 255
153 774
153 143
153 197
153 540
153 113
153 266
153 157
153 494
153 728
153 102
153 717
153 339
154 437
154 975
154 766
154 62
154 457
154 853
154 650
154 464
154 695
154 137
154 946
154 476
154 289
154 659
154 87
154 884
154 833
154 430
154 932
154 497
155 3
155 663
155 324
155 245
155 565
155 883
155 353
155 428
155 886
155 202
155 54
155 974
155 617
155 915
155 491
155 698
155 513
155 749
155 466
155 885
156 213
156 63
156 439
156 395
156 694
156 64
156 322
156 910
156 747
156 55
156 800
156 237
156 57
156 646
156 614
156 160
156 167
156 796
156 30
156 952
157 553
157 113
157 880
157 922
157 197
157 452
157 999
157 270
157 195
157 764
157 667
157 801
157 740
157 265
157 266
157 98
157 263
157 14
157 690
157 465
158 118
158 531
158 762
158 923
158 519
158 610
158 939
158 41
158 524
158 404
158 906
158 753
158 6
158 328
158 432
158 403
158 615
158 654
158 938
158 741
159 813
159 782
159 39
159 871
159 517
159 949
159 298
159 821
159 656
159 587
159 161
159 112
159 628
159 743
159 238
159 344
159 861
159 82
159 653
159 349
160 540
160 376
160 777
160 339
160 774
160 420
160 717
160 470
160 315
160 343
160 157
160 392
160 825
160 153
160 735
160 571
160 232
160 922
160 197
160 528
161 298
161 76
161 566
161 449
161 119
161 399
161 852
161 858
161 379
161 850
161 551
161 357
161 413
161 501
161 763
161 564
161 188
161 621
161 257
161 744
162 666
162 386
162 540
162 554
162 376
162 494
162 266
162 24
162 940
162 420
162 774
162 407
162 196
162 292
162 761
162 448
162 764
162 199
162 13
162 452
163 996
163 782
163 989
163 877
163 34
163 289
163 802
163 377
163 62
163 299
163 46
163 127
163 340
163 349
163 71
163 384
163 946
163 699
163 824
163 52
164 307
164 862
164 275
164 864
164 644
164 738
164 438
164 493
164 677
164 141
164 799
164 649
164 19
164 251
164 757
164 914
164 354
164 711
164 208
164 515
165 366
165 571
165 291
165 533
165 454
165 172
165 450
165 395
165 153
165 350
165 530
165 365
165 184
165 964
165 792
165 825
165 157
165 680
165 470
165 64
166 270
166 35
166 539
166 893
166 98
166 879
166 926
166 290
166 113
166 767
166 545
166 196
166 265
166 412
166 326
166 337
166 170
166 146
166 386
166 553
167 583
167 332
167 439
167 770
167 586
167 585
167 752
167 284
167 693
167 350
167 976
167 395
167 944
167 948
167 122
167 680
167 557
167 935
167 321
167 509
168 103
168 662
168 310
168 663
168 845
168 983
168 3
168 440
168 565
168 202
168 478
168 708
168 647
168 998
168 886
168 855
168 541
168 674
168 835
168 794
169 712
169 582
169 658
169 773
169 456
169 429
169 242
169 705
169 930
169 328
169 918
169 929
169 696
169 140
169 817
169 198
169 686
169 182
169 463
169 724
170 977
170 556
170 554
170 469
170 24
170 486
170 150
170 660
170 589
170 66
170 506
170 269
170 767
170 77
170 893
170 839
170 248
170 407
170 278
170 287
171 40
171 857
171 606
171 780
171 100
171 969
171 711
171 771
171 251
171 75
171 235
171 523
171 105
171 65
171 330
171 657
171 914
171 847
171 443
171 375
172 292
172 232
172 143
172 263
172 14
172 720
172 446
172 540
172 113
172 483
172 255
172 420
172 24
172 452
172 733
172 948
172 596
172 360
172 964
172 933
173 340
173 833
173 344
173 819
173 289
173 934
173 970
173 824
173 562
173 225
173 218
173 302
173 0
173 46
173 52
173 125
173 244
173 159
173 400
173 296
174 181
174 7
174 216
174 124
174 838
174 613
174 148
174 2
174 300
174 979
174 678
174 56
174 981
174 352
174 212
174 536
174 43
174 647
174 500
174 236
175 807
175 737
175 440
175 83
175 883
175 982
175 663
175 640
175 103
175 886
175 988
175 425
175 383
175 124
175 236
175 881
175 78
175 478
175 855
175 678
176 107
176 975
176 719
176 411
176 980
176 414
176 367
176 485
176 256
176 913
176 985
176 691
176 736
176 355
176 437
176 37
176 932
176 9
176 804
176 902
177 887
177 55
177 257
177 561
177 131
177 30
177 788
177 369
177 467
177 57
177 388
177 648
177 364
177 11
177 937
177 538
177 188
177 685
177 59
177 551
178 962
178 73
178 941
178 423
178 603
178 776
178 408
178 724
178 359
178 147
178 404
178 602
178 569
178 371
178 658
178 140
178 762
178 393
178 751
178 462
179 31
179 484
179 267
179 134
179 542
179 803
179 623
179 421
179 629
179 958
179 943
179 953
179 41
179 865
179 432
179 473
179 626
179 511
179 624
179 394
180 601
180 249
180 545
180 126
180 23
180 660
180 278
180 24
180 867
180 957
180 926
180 875
180 374
180 893
180 368
180 412
180 480
180 574
180 487
180 758
181 866
181 998
181 527
181 595
181 459
181 947
181 513
181 354
181 478
181 974
181 91
181 790
181 507
181 710
181 881
181 983
181 520
181 611
181 794
181 481
182 559
182 409
182 984
182 328
182 371
182 460
182 534
182 622
182 705
182 741
182 905
182 569
182 179
182 907
182 73
182 610
182 219
182 477
182 183
182 927
183 888
183 477
183 604
183 568
183 984
183 695
183 189
183 503
183 484
183 179
183 756
183 950
183 927
183 409
183 748
183 791
183 154
183 463
183 755
183 939
184 392
184 96
184 944
184 197
184 321
184 509
184 592
184 952
184 747
184 680
184 207
184 735
184 292
184 490
184 366
184 792
184 976
184 157
184 693
184 530
185 28
185 299
185 464
185 218
185 384
185 430
185 121
185 370
185 637
185 286
185 411
185 681
185 488
185 137
185 262
185 877
185 437
185 989
185 342
185 5
186 828
186 972
186 903
186 389
186 273
186 965
186 66
186 3
186 723
186 362
186 574
186 951
186 960
186 150
186 310
186 17
186 942
186 48
186 875
186 921
187 652
187 981
187 625
187 883
187 988
187 78
187 383
187 983
187 67
187 662
187 20
187 99
187 319
187 88
187 475
187 181
187 56
187 478
187 617
187 647
188 648
188 572
188 496
188 211
188 713
188 944
188 792
188 369
188 139
188 607
188 379
188 924
188 213
188 752
188 281
188 592
188 850
188 561
188 207
188 122
189 185
189 398
189 258
189 865
189 485
189 768
189 5
189 985
189 989
189 604
189 806
189 650
189 81
189 472
189 367
189 508
189 627
189 340
189 396
189 355
190 383
190 843
190 903
190 293
190 851
190 921
190 670
190 273
190 362
190 900
190 617
190 358
190 310
190 808
190 155
190 17
190 942
190 389
190 245
190 486
191 309
191 603
191 898
191 169
191 229
191 495
191 962
191 479
191 462
191 140
191 534
191 404
191 635
191 489
191 109
191 823
191 751
191 762
191 359
191 42
192 601
192 972
192 810
192 839
192 51
192 294
192 382
192 407
192 58
192 49
192 417
192 940
192 89
192 424
192 410
192 867
192 77
192 679
192 688
192 469
193 335
193 143
193 586
193 392
193 439
193 14
193 64
193 204
193 450
193 114
193 292
193 57
193 676
193 680
193 138
193 964
193 944
193 252
193 418
193 96
194 315
194 976
194 993
194 717
194 571
194 162
194 740
194 266
194 973
194 796
194 365
194 284
194 619
194 35
194 995
194 47
194 446
194 553
194 263
194 85
195 506
195 248
195 243
195 828
195 77
195 273
195 486
195 51
195 893
195 293
195 233
195 278
195 146
195 769
195 545
195 554
195 331
195 16
195 313
195 589
196 199
196 24
196 940
196 810
196 445
196 589
196 360
196 688
196 537
196 113
196 361
196 287
196 102
196 150
196 839
196 180
196 326
196 386
196 385
196 77
197 264
197 265
197 690
197 102
197 199
197 578
197 728
197 360
197 758
197 420
197 977
197 49
197 23
197 343
197 529
197 701
197 24
197 940
197 839
197 448
198 94
198 636
198 134
198 773
198 6
198 373
198 748
198 182
198 479
198 152
198 436
198 994
198 461
198 495
198 696
198 705
198 703
198 179
198 724
198 568
199 412
199 574
199 828
199 150
199 49
199 186
199 13
199 295
199 616
199 77
199 385
199 23
199 940
199 270
199 486
199 842
199 839
199 405
199 505
199 269
200 62
200 627
200 5
200 472
200 476
200 511
200 525
200 989
200 111
200 681
200 970
200 367
200 689
200 87
200 154
200 659
200 107
200 996
200 398
200 833
201 621
201 213
201 800
201 144
201 8
201 281
201 240
201 655
201 64
201 887
201 572
201 86
201 357
201 713
201 395
201 165
201 952
201 139
201 434
201 341
202 181
202 794
202 674
202 915
202 886
202 536
202 590
202 987
202 983
202 838
202 781
202 892
202 807
202 103
202 955
202 288
202 541
202 500
202 78
202 881
203 394
203 176
203 863
203 94
203 804
203 994
203 118
203 604
203 958
203 189
203 226
203 755
203 200
203 872
203 756
203 134
203 477
203 485
203 870
203 6
204 533
204 133
204 585
204 800
204 285
204 315
204 530
204 252
204 895
204 573
204 446
204 747
204 583
204 64
204 172
204 540
204 607
204 707
204 194
204 153
205 614
205 85
205 184
205 68
205 449
205 193
205 194
205 55
205 800
205 770
205 350
205 530
205 237
205 97
205 910
205 798
205 561
205 655
205 796
205 133
206 883
206 272
206 221
206 838
206 967
206 520
206 43
206 679
206 577
206 353
206 48
206 972
206 866
206 965
206 103
206 961
206 3
206 988
206 425
206 960
207 376
207 392
207 701
207 816
207 964
207 796
207 798
207 540
207 172
207 14
207 470
207 138
207 366
207 774
207 157
207 800
207 339
207 162
207 895
207 933
208 836
208 862
208 314
208 857
208 546
208 227
208 837
208 276
208 522
208 375
208 757
208 95
208 558
208 10
208 151
208 427
208 390
208 963
208 135
208 40
209 621
209 778
209 213
209 177
209 110
209 205
209 812
209 858
209 467
209 498
209 904
209 416
209 656
209 532
209 570
209 156
209 692
209 217
209 449
209 257
210 94
210 380
210 479
210 984
210 542
210 803
210 323
210 753
210 436
210 906
210 870
210 748
210 477
210 888
210 630
210 724
210 939
210 519
210 203
210 741
211 364
211 648
211 530
211 64
211 395
211 924
211 130
211 594
211 976
211 783
211 533
211 122
211 786
211 454
211 735
211 770
211 586
211 321
211 167
211 450
212 889
212 50
212 164
212 799
212 649
212 440
212 316
212 329
212 330
212 523
212 754
212 836
212 611
212 757
212 998
212 44
212 700
212 317
212 33
212 381
213 752
213 284
213 747
213 551
213 684
213 434
213 792
213 594
213 530
213 800
213 614
213 395
213 315
213 664
213 47
213 114
213 786
213 585
213 454
213 726
214 298
214 856
214 609
214 76
214 599
214 550
214 782
214 348
214 110
214 61
214 908
214 656
214 502
214 492
214 829
214 344
214 729
214 320
214 517
214 38
215 811
215 240
215 119
215 205
215 318
215 692
215 788
215 260
215 193
215 26
215 165
215 778
215 97
215 620
215 887
215 347
215 621
215 59
215 156
215 11
216 600
216 862
216 415
216 275
216 836
216 151
216 781
216 780
216 640
216 892
216 815
216 982
216 93
216 805
216 116
216 771
216 149
216 657
216 455
216 799
217 144
217 395
217 86
217 566
217 594
217 685
217 924
217 434
217 449
217 416
217 63
217 341
217 858
217 713
217 744
217 167
217 467
217 551
217 920
217 572
218 873
218 714
218 877
218 82
218 46
218 127
218 599
218 562
218 821
218 608
218 639
218 782
218 971
218 514
218 159
218 453
218 793
218 549
218 502
218 431
219 404
219 73
219 477
219 669
219 152
219 118
219 461
219 820
219 958
219 803
219 928
219 203
219 210
219 939
219 756
219 984
219 31
219 636
219 748
219 189
220 464
220 661
220 743
220 299
220 772
220 34
220 504
220 549
220 92
220 239
220 384
220 476
220 125
220 989
220 214
220 488
220 681
220 419
220 468
220 340
221 548
221 814
221 75
221 300
221 611
221 657
221 520
221 998
221 246
221 809
221 974
221 931
221 613
221 914
221 754
221 493
221 56
221 709
221 415
221 440
222 26
222 351
222 656
222 812
222 550
222 570
222 538
222 399
222 871
222 498
222 347
222 887
222 346
222 467
222 217
222 357
222 444
222 917
222 280
222 257
223 402
223 201
223 954
223 550
223 729
223 378
223 467
223 916
223 268
223 576
223 620
223 281
223 858
223 177
223 778
223 512
223 257
223 599
223 39
223 4
224 712
224 390
224 25
224 784
224 254
224 890
224 109
224 822
224 447
224 834
224 711
224 145
224 831
224 74
224 108
224 142
224 658
224 242
224 489
224 847
225 896
225 215
225 612
225 840
225 802
225 729
225 949
225 402
225 61
225 110
225 917
225 253
225 821
225 954
225 894
225 71
225 82
225 112
225 564
225 570
226 296
226 121
226 398
226 736
226 437
226 87
226 457
226 239
226 605
226 826
226 691
226 623
226 5
226 137
226 946
226 508
226 286
226 911
226 884
226 340
227 304
227 145
227 390
227 104
227 169
227 141
227 363
227 727
227 991
227 831
227 109
227 19
227 408
227 441
227 711
227 261
227 435
227 522
227 730
227 422
228 979
228 663
228 966
228 272
228 794
228 737
228 216
228 886
228 595
228 678
228 645
228 221
228 513
228 83
228 78
228 708
228 662
228 710
228 600
228 520
229 832
229 41
229 928
229 73
229 559
229 630
229 938
229 404
229 436
229 458
229 759
229 328
229 179
229 906
229 756
229 182
229 495
229 742
229 429
229 31
230 772
230 451
230 477
230 258
230 980
230 797
230 200
230 355
230 508
230 226
230 406
230 849
230 629
230 597
230 485
230 932
230 391
230 137
230 484
230 826
231 408
231 746
231 191
231 750
231 526
231 847
231 95
231 314
231 643
231 241
231 312
231 722
231 447
231 363
231 235
231 836
231 799
231 455
231 330
231 489
232 506
232 553
232 717
232 690
232 801
232 581
232 596
232 465
232 933
232 704
232 448
232 839
232 880
232 555
232 337
232 180
232 922
232 197
232 13
232 452
233 845
233 765
233 942
233 574
233 698
233 374
233 749
233 115
233 54
233 228
233 358
233 835
233 670
233 810
233 475
233 293
233 245
233 313
233 589
233 486
234 408
234 722
234 918
234 712
234 831
234 673
234 991
234 359
234 727
234 147
234 74
234 603
234 178
234 734
234 1
234 135
234 732
234 474
234 992
234 210
235 42
235 1
235 682
235 234
235 474
235 109
235 846
235 363
235 393
235 489
235 276
235 632
235 602
235 443
235 712
235 776
235 359
235 510
235 784
235 108
236 466
236 288
236 303
236 274
236 901
236 300
236 246
236 881
236 43
236 814
236 425
236 491
236 116
236 216
236 611
236 966
236 513
236 600
236 595
236 590
237 165
237 45
237 64
237 995
237 207
237 259
237 895
237 439
237 85
237 707
237 798
237 910
237 937
237 114
237 976
237 592
237 685
237 204
237 680
237 561
238 177
238 628
238 812
238 223
238 351
238 127
238 959
238 672
238 538
238 858
238 76
238 920
238 532
238 782
238 566
238 612
238 348
238 593
238 11
238 347
239 896
239 873
239 760
239 214
239 639
239 349
239 861
239 502
239 61
239 419
239 642
239 346
239 516
239 209
239 298
239 821
239 587
239 378
239 638
239 413
240 788
240 752
240 449
240 592
240 583
240 68
240 646
240 551
240 30
240 165
240 614
240 687
240 454
240 86
240 655
240 713
240 211
240 937
240 193
240 501
241 120
241 787
241 104
241 929
241 495
241 325
241 328
241 751
241 817
241 198
241 423
241 569
241 479
241 433
241 776
241 312
241 668
241 834
241 436
241 930
242 436
242 696
242 626
242 724
242 94
242 371
242 630
242 759
242 183
242 456
242 134
242 635
242 992
242 404
242 602
242 118
242 741
242 271
242 603
242 928
243 313
243 202
243 124
243 417
243 168
243 466
243 410
243 988
243 997
243 500
243 633
243 577
243 181
243 475
243 708
243 790
243 737
243 961
243 115
243 491
244 840
244 628
244 936
244 990
244 731
244 215
244 401
244 778
244 512
244 253
244 954
244 82
244 347
244 653
244 281
244 201
244 829
244 209
244 39
244 908
245 181
245 814
245 303
245 513
245 324
245 310
245 662
245 236
245 70
245 600
245 202
245 67
245 625
245 565
245 901
245 7
245 974
245 838
245 466
245 272
246 415
246 780
246 909
246 307
246 224
246 375
246 33
246 558
246 455
246 136
246 438
246 847
246 447
246 275
246 276
246 746
246 515
246 548
246 208
246 750
247 515
247 781
247 231
247 721
247 330
247 738
247 319
247 606
247 998
247 40
247 527
247 710
247 246
247 674
247 862
247 649
247 799
247 100
247 640
247 208
248 988
248 475
248 505
248 698
248 835
248 997
248 795
248 67
248 965
248 362
248 808
248 405
248 368
248 48
248 187
248 361
248 150
248 310
248 875
248 679
249 835
249 589
249 845
249 900
249 842
249 368
249 295
249 206
249 749
249 374
249 310
249 382
249 855
249 469
249 723
249 769
249 361
249 353
249 428
249 20
250 608
250 824
250 488
250 971
250 782
250 125
250 499
250 419
250 549
250 689
250 320
250 28
250 38
250 345
250 387
250 453
250 244
250 989
250 661
250 946
251 108
251 837
251 441
251 848
251 25
251 462
251 682
251 697
251 271
251 109
251 390
251 779
251 229
251 128
251 435
251 722
251 312
251 42
251 992
251 135
252 925
252 143
252 619
252 487
252 407
252 180
252 14
252 717
252 311
252 701
252 616
252 343
252 818
252 420
252 545
252 665
252 676
252 922
252 940
252 740
253 498
253 936
253 858
253 260
253 139
253 76
253 281
253 388
253 492
253 201
253 566
253 156
253 144
253 63
253 713
253 684
253 811
253 785
253 501
253 614
254 705
254 380
254 458
254 552
254 436
254 359
254 832
254 791
254 773
254 22
254 559
254 1
254 203
254 325
254 602
254 906
254 751
254 429
254 261
254 787
255 389
255 98
255 199
255 126
255 66
255 554
255 868
255 115
255 758
255 412
255 875
255 13
255 926
255 146
255 670
255 505
255 269
255 358
255 356
255 374
256 62
256 689
256 878
256 691
256 159
256 562
256 258
256 0
256 472
256 414
256 497
256 9
256 387
256 525
256 739
256 584
256 745
256 975
256 642
256 508
257 165
257 57
257 369
257 350
257 785
257 114
257 211
257 713
257 55
257 592
257 551
257 646
257 26
257 130
257 501
257 547
257 318
257 924
257 63
257 204
258 355
258 384
258 563
258 618
258 414
258 349
258 296
258 471
258 302
258 766
258 62
258 699
258 549
258 225
258 514
258 159
258 605
258 681
258 387
258 642
259 895
259 450
259 446
259 232
259 264
259 315
259 733
259 596
259 285
259 735
259 470
259 948
259 999
259 518
259 964
259 448
259 533
259 306
259 553
259 825
260 133
260 910
260 240
260 770
260 131
260 786
260 572
260 156
260 467
260 341
260 501
260 395
260 785
260 646
260 557
260 8
260 122
260 935
260 213
260 744
261 756
261 773
261 939
261 94
261 328
261 429
261 559
261 888
261 183
261 759
261 928
261 503
261 458
261 673
261 907
261 404
261 654
261 147
261 569
261 210
262 400
262 419
262 989
262 289
262 34
262 661
262 92
262 827
262 934
262 959
262 471
262 535
262 971
262 878
262 549
262 605
262 514
262 476
262 745
262 38
263 494
263 596
263 420
263 255
263 717
263 123
263 581
263 306
263 529
263 666
263 767
263 356
263 264
263 385
263 162
263 98
263 764
263 180
263 634
263 13
264 24
264 879
264 999
264 529
264 616
264 483
264 233
264 839
264 368
264 758
264 828
264 506
264 255
264 539
264 420
264 277
264 113
264 596
264 554
264 196
265 529
265 360
265 660
265 554
265 545
265 555
265 912
265 506
265 494
265 828
265 483
265 486
265 270
265 539
265 420
265 957
265 334
265 374
265 385
265 518
266 358
266 98
266 926
266 196
266 556
266 113
266 893
266 265
266 195
266 233
266 199
266 764
266 999
266 287
266 925
266 977
266 596
266 956
266 385
266 420
267 9
267 391
267 342
267 457
267 865
267 695
267 5
267 994
267 282
267 985
267 406
267 826
267 484
267 256
267 870
267 703
267 226
267 461
267 766
267 629
268 726
268 281
268 444
268 744
268 908
268 547
268 39
268 416
268 532
268 177
268 498
268 205
268 26
268 341
268 620
268 811
268 550
268 347
268 492
268 188
269 249
269 942
269 854
269 382
269 287
269 48
269 951
269 960
269 77
269 101
269 358
269 16
269 660
269 313
269 965
269 243
269 245
269 828
269 808
269 723
270 574
270 723
270 294
270 206
270 412
270 965
270 273
270 17
270 417
270 49
270 356
270 960
270 313
270 926
270 16
270 539
270 293
270 410
270 556
270 269
271 134
271 753
271 832
271 568
271 31
271 429
271 741
271 22
271 817
271 183
271 534
271 458
271 309
271 748
271 409
271 950
271 404
271 624
271 473
271 696
272 481
272 771
272 600
272 901
272 317
272 611
272 914
272 247
272 815
272 212
272 513
272 567
272 7
272 889
272 710
272 909
272 56
272 869
272 799
272 493
273 883
273 967
273 808
273 313
273 794
273 327
273 181
273 221
273 99
273 855
273 723
273 310
273 245
273 466
273 790
273 383
273 168
273 541
273 645
273 807
274 224
274 25
274 33
274 805
274 108
274 149
274 558
274 105
274 864
274 231
274 234
274 65
274 809
274 19
274 145
274 862
274 330
274 711
274 307
274 697
275 857
275 135
275 438
275 276
275 522
275 53
275 33
275 136
275 606
275 836
275 128
275 706
275 732
275 909
275 19
275 151
275 805
275 142
275 227
275 44
276 846
276 992
276 697
276 831
276 919
276 898
276 682
276 198
276 423
276 742
276 393
276 279
276 489
276 510
276 751
276 522
276 991
276 241
276 142
276 191
277 867
277 270
277 13
277 269
277 326
277 24
277 146
277 704
277 554
277 893
277 842
277 912
277 190
277 469
277 616
277 248
277 556
277 199
277 688
277 192
278 951
278 3
278 565
278 16
278 101
278 310
278 150
278 67
278 273
278 835
278 353
278 228
278 679
278 126
278 187
278 54
278 900
278 698
278 389
278 115
279 74
279 241
279 53
279 682
279 890
279 325
279 734
279 422
279 784
279 837
279 304
279 84
279 229
279 779
279 242
279 210
279 822
279 423
279 72
279 602
280 785
280 752
280 59
280 583
280 935
280 607
280 139
280 770
280 976
280 646
280 194
280 321
280 167
280 664
280 350
280 205
280 937
280 122
280 160
280 585
281 561
281 45
281 139
281 770
281 763
281 783
281 551
281 646
281 388
281 57
281 122
281 655
281 379
281 937
281 369
281 707
281 418
281 130
281 449
281 607
282 36
282 584
282 342
282 81
282 884
282 943
282 695
282 79
282 911
282 437
282 691
282 804
282 853
282 797
282 472
282 37
282 985
282 485
282 451
282 980
283 325
283 429
283 727
283 898
283 941
283 408
283 69
283 229
283 140
283 658
283 834
283 552
283 191
283 73
283 734
283 242
283 120
283 312
283 210
283 906
284 153
284 801
284 12
284 263
284 180
284 818
284 999
284 544
284 701
284 816
284 162
284 891
284 540
284 265
284 292
284 196
284 581
284 123
284 465
284 717
285 596
285 326
285 96
285 543
285 740
285 841
285 777
285 717
285 264
285 90
285 263
285 540
285 993
285 537
285 448
285 544
285 452
285 343
285 376
285 420
286 608
286 830
286 512
286 32
286 587
286 591
286 127
286 222
286 793
286 638
286 372
286 959
286 132
286 743
286 628
286 112
286 28
286 802
286 239
286 453
287 331
287 698
287 633
287 58
287 310
287 293
287 361
287 843
287 445
287 670
287 77
287 389
287 126
287 921
287 405
287 368
287 951
287 353
287 338
287 828
288 493
288 21
288 105
288 443
288 316
288 588
288 567
288 847
288 116
288 314
288 799
288 65
288 10
288 711
288 700
288 149
288 129
288 297
288 40
288 548
289 464
289 302
289 897
289 499
289 642
289 949
289 299
289 349
289 218
289 286
289 793
289 244
289 214
289 934
289 400
289 599
289 488
289 223
289 34
289 514
290 311
290 940
290 795
290 810
290 556
290 77
290 23
290 839
290 972
290 445
290 146
290 769
290 126
290 331
290 957
290 49
290 382
290 98
290 89
290 249
291 490
291 172
291 701
291 585
291 680
291 322
291 543
291 895
291 439
291 259
291 792
291 976
291 285
291 796
291 675
291 800
291 818
291 544
291 114
291 470
292 277
292 761
292 487
292 553
292 197
292 922
292 14
292 893
292 334
292 957
292 912
292 634
292 12
292 539
292 818
292 290
292 581
292 767
292 758
292 465
293 965
293 70
293 983
293 874
293 500
293 174
293 737
293 353
293 428
293 221
293 749
293 327
293 459
293 362
293 478
293 43
293 482
293 101
293 915
293 324
294 942
294 308
294 965
294 273
294 186
294 174
294 424
294 631
294 851
294 383
294 16
294 278
294 187
294 103
294 405
294 101
294 482
294 765
294 382
294 960
295 236
295 126
295 428
295 845
295 631
295 3
295 480
295 202
295 769
295 16
295 997
295 921
295 469
295 124
295 417
295 103
295 900
295 679
295 174
295 389
296 897
296 743
296 387
296 856
296 959
296 471
296 127
296 638
296 782
296 286
296 689
296 618
296 793
296 996
296 214
296 52
296 125
296 731
296 802
296 349
297 969
297 507
297 93
297 657
297 329
297 567
297 771
297 711
297 40
297 279
297 677
297 443
297 307
297 21
297 275
297 129
297 19
297 231
297 427
297 116
298 348
298 641
298 726
298 538
298 188
298 744
298 920
298 517
298 257
298 280
298 253
298 4
298 656
298 237
298 811
298 205
298 729
298 812
298 498
298 119
299 305
299 125
299 431
299 38
299 608
299 46
299 628
299 112
299 894
299 917
299 789
299 209
299 829
299 468
299 127
299 856
299 873
299 824
299 661
299 861
300 640
300 536
300 901
300 93
300 979
300 700
300 558
300 892
300 567
300 247
300 75
300 780
300 481
300 212
300 493
300 969
300 613
300 710
300 909
300 246
301 780
301 251
301 381
301 100
301 329
301 208
301 750
301 657
301 963
301 523
301 105
301 116
301 142
301 515
301 945
301 606
301 784
301 969
301 330
301 10
302 453
302 502
302 743
302 959
302 512
302 516
302 587
302 351
302 222
302 402
302 714
302 92
302 346
302 471
302 468
302 591
302 699
302 0
302 159
302 840
303 809
303 527
303 987
303 455
303 21
303 611
303 674
303 415
303 151
303 738
303 100
303 876
303 301
303 275
303 208
303 91
303 909
303 982
303 567
303 288
304 109
304 1
304 779
304 776
304 210
304 848
304 673
304 603
304 182
304 120
304 668
304 495
304 552
304 229
304 140
304 534
304 422
304 325
304 762
304 727
305 535
305 599
305 896
305 346
305 959
305 954
305 253
305 908
305 244
305 119
305 222
305 638
305 840
305 344
305 268
305 824
305 492
305 830
305 498
305 904
306 537
306 764
306 839
306 407
306 556
306 487
306 265
306 854
306 192
306 717
306 123
306 290
306 518
306 940
306 775
306 199
306 334
306 264
306 494
306 266
307 381
307 455
307 738
307 515
307 890
307 546
307 700
307 677
307 427
307 235
307 862
307 136
307 606
307 771
307 314
307 447
307 275
307 44
307 864
307 21
308 417
308 577
308 997
308 327
308 410
308 885
308 749
308 981
308 70
308 16
308 808
308 58
308 679
308 688
308 243
308 972
308 835
308 293
308 155
308 313
309 210
309 371
309 6
309 654
309 832
309 41
309 994
309 323
309 927
309 626
309 872
309 759
309 569
309 724
309 373
309 534
309 756
309 403
309 817
309 984
310 590
310 814
310 565
310 3
310 955
310 866
310 883
310 647
310 83
310 513
310 807
310 216
310 600
310 383
310 272
310 187
310 99
310 794
310 835
310 974
311 389
311 294
311 956
311 554
311 842
311 269
311 273
311 972
311 445
311 190
311 679
311 27
311 412
311 374
311 51
311 843
311 338
311 150
311 58
311 854
312 158
312 918
312 635
312 140
312 336
312 109
312 73
312 832
312 686
312 823
312 422
312 938
312 104
312 309
312 433
312 182
312 403
312 552
312 169
312 229
313 500
313 577
313 708
313 652
313 17
313 885
313 425
313 478
313 168
313 70
313 324
313 845
313 310
313 565
313 67
313 155
313 83
313 428
313 181
313 88
314 837
314 408
314 363
314 359
314 860
314 279
314 141
314 169
314 722
314 822
314 898
314 560
314 603
314 120
314 25
314 447
314 712
314 673
314 919
314 632
315 35
315 157
315 197
315 720
315 334
315 292
315 735
315 543
315 162
315 170
315 12
315 993
315 774
315 733
315 452
315 448
315 143
315 825
315 470
315 818
316 992
316 142
316 241
316 25
316 435
316 930
316 140
316 750
316 104
316 145
316 697
316 314
316 423
316 443
316 712
316 84
316 336
316 53
316 522
316 632
317 780
317 75
317 738
317 354
317 235
317 515
317 381
317 815
317 706
317 316
317 771
317 914
317 427
317 443
317 25
317 329
317 314
317 857
317 93
317 546
318 496
318 204
318 138
318 675
318 707
318 64
318 14
318 792
318 285
318 841
318 392
318 18
318 366
318 68
318 720
318 573
318 292
318 365
318 752
318 777
319 105
319 317
319 844
319 149
319 171
319 21
319 738
319 352
319 297
319 116
319 427
319 711
319 521
319 151
319 876
319 100
319 754
319 93
319 546
319 415
320 348
320 714
320 177
320 209
320 253
320 638
320 894
320 566
320 789
320 215
320 346
320 954
320 222
320 517
320 223
320 344
320 612
320 431
320 882
320 908
321 777
321 581
321 123
321 993
321 153
321 166
321 735
321 895
321 85
321 172
321 891
321 448
321 634
321 337
321 392
321 973
321 450
321 315
321 376
321 334
322 895
322 420
322 880
322 735
322 922
322 540
322 596
322 285
322 634
322 332
322 266
322 334
322 553
322 143
322 701
322 948
322 490
322 392
322 841
322 518
323 932
323 189
323 37
323 943
323 185
323 719
323 163
323 421
323 597
323 755
323 627
323 725
323 432
323 81
323 975
323 804
323 978
323 256
323 485
323 511
324 678
324 710
324 721
324 652
324 794
324 663
324 754
324 966
324 611
324 216
324 459
324 709
324 527
324 881
324 982
324 979
324 961
324 212
324 737
324 886
325 632
325 762
325 898
325 696
325 380
325 962
325 741
325 328
325 832
325 74
325 429
325 773
325 930
325 927
325 179
325 787
325 823
325 742
325 229
325 22
326 688
326 537
326 331
326 795
326 631
326 89
326 270
326 13
326 926
326 875
326 506
326 150
326 539
326 868
326 58
326 956
326 199
326 828
326 758
326 190
327 245
327 520
327 155
327 103
327 955
327 855
327 886
327 428
327 300
327 613
327 988
327 459
327 43
327 78
327 577
327 99
327 974
327 981
327 997
327 874
328 31
328 748
328 519
328 624
328 755
328 463
328 978
328 863
328 36
328 477
328 759
328 651
328 460
328 797
328 380
328 932
328 134
328 579
328 953
328 994
329 10
329 560
329 890
329 750
329 526
329 141
329 822
329 241
329 435
329 40
329 251
329 283
329 697
329 447
329 336
329 730
329 21
329 732
329 734
329 443
330 140
330 860
330 727
330 462
330 546
330 890
330 241
330 521
330 359
330 104
330 254
330 234
330 447
330 336
330 65
330 822
330 438
330 697
330 962
330 711
331 790
331 835
331 482
331 221
331 500
331 838
331 617
331 155
331 645
331 983
331 807
331 900
331 698
331 17
331 997
331 273
331 324
331 3
331 652
331 174
332 733
332 490
332 933
332 426
332 596
332 841
332 90
332 995
332 448
332 339
332 470
332 266
332 252
332 720
332 166
332 676
332 680
332 735
332 450
332 123
333 281
333 641
333 788
333 193
333 60
333 621
333 449
333 204
333 215
333 131
333 347
333 205
333 692
333 655
333 557
333 8
333 177
333 713
333 501
333 538
334 867
334 150
334 58
334 926
334 269
334 278
334 270
334 555
334 575
334 893
334 190
334 180
334 828
334 660
334 277
334 554
334 249
334 665
334 255
334 795
335 14
335 12
335 24
335 232
335 666
335 957
335 880
335 197
335 537
335 166
335 265
335 801
335 879
335 616
335 701
335 306
335 337
335 818
335 255
335 925
336 888
336 654
336 120
336 210
336 433
336 753
336 371
336 495
336 242
336 705
336 742
336 524
336 140
336 927
336 602
336 603
336 673
336 696
336 552
336 436
337 186
337 249
337 270
337 912
337 360
337 867
337 977
337 666
337 102
337 717
337 578
337 596
337 248
337 795
337 537
337 465
337 356
337 269
337 195
337 660
338 243
338 886
338 425
338 48
338 245
338 874
338 883
338 362
338 723
338 565
338 633
338 175
338 790
338 181
338 475
338 236
338 54
338 70
338 168
338 541
339 334
339 452
339 196
339 767
339 540
339 166
339 162
339 728
339 197
339 543
339 774
339 553
339 255
339 277
339 306
339 170
339 199
339 933
339 690
339 912
340 299
340 793
340 689
340 345
340 344
340 372
340 683
340 996
340 239
340 488
340 296
340 516
340 400
340 38
340 52
340 464
340 782
340 28
340 743
340 970
341 259
341 55
341 752
341 594
341 449
341 434
341 30
341 952
341 365
341 592
341 160
341 501
341 646
341 798
341 937
341 366
341 490
341 530
341 68
341 924
342 499
342 214
342 28
342 563
342 414
342 218
342 289
342 873
342 760
342 471
342 163
342 897
342 618
342 661
342 107
342 996
342 806
342 299
342 173
342 71
343 554
343 537
343 196
343 717
343 360
343 486
343 195
343 868
343 775
343 926
343 879
343 23
343 854
343 767
343 386
343 487
343 277
343 956
343 940
343 795
344 564
344 599
344 638
344 692
344 954
344 731
344 593
344 936
344 351
344 656
344 917
344 908
344 127
344 15
344 538
344 570
344 492
344 82
344 347
344 990
345 401
345 896
345 564
345 934
345 125
345 346
345 127
345 298
345 514
345 532
345 348
345 656
345 32
345 492
345 861
345 576
345 82
345 661
345 830
345 954
346 139
346 60
346 177
346 910
346 379
346 351
346 561
346 655
346 76
346 566
346 8
346 237
346 538
346 570
346 621
346 201
346 551
346 444
346 30
346 684
347 551
347 122
347 144
347 561
347 379
347 388
347 130
347 811
347 707
347 557
347 211
347 449
347 4
347 792
347 257
347 86
347 131
347 364
347 498
347 687
348 379
348 76
348 59
348 434
348 517
348 671
348 139
348 260
348 572
348 213
348 188
348 501
348 763
348 467
348 281
348 726
348 131
348 341
348 130
348 566
349 253
349 917
349 959
349 861
349 305
349 348
349 593
349 38
349 896
349 802
349 599
349 61
349 402
349 125
349 638
349 653
349 82
349 209
349 320
349 949
350 153
350 47
350 701
350 675
350 841
350 964
350 952
350 581
350 207
350 880
350 995
350 664
350 571
350 619
350 194
350 777
350 796
350 143
350 18
350 818
351 612
351 369
351 655
351 76
351 144
351 564
351 561
351 813
351 357
351 501
351 763
351 532
351 641
351 110
351 811
351 298
351 492
351 656
351 416
351 871
352 25
352 945
352 314
352 523
352 288
352 275
352 869
352 738
352 909
352 455
352 316
352 276
352 129
352 700
352 799
352 649
352 507
352 815
352 33
352 836
353 981
353 428
353 974
353 478
353 7
353 652
353 383
353 851
353 20
353 221
353 83
353 324
353 168
353 577
353 310
353 710
353 662
353 99
353 78
353 835
354 890
354 375
354 567
354 100
354 108
354 822
354 234
354 231
354 275
354 251
354 149
354 515
354 560
354 644
354 33
354 643
354 307
354 697
354 235
354 862
355 689
355 296
355 62
355 430
355 587
355 535
355 782
355 414
355 970
355 514
355 605
355 508
355 345
355 659
355 989
355 499
355 618
355 683
355 71
355 833
356 469
356 405
356 331
356 49
356 660
356 574
356 77
356 670
356 295
356 556
356 155
356 248
356 243
356 480
356 269
356 505
356 633
356 89
356 854
356 308
357 193
357 418
357 671
357 621
357 752
357 114
357 850
357 786
357 572
357 364
357 204
357 585
357 439
357 648
357 350
357 205
357 646
357 910
357 122
357 366
358 278
358 374
358 410
358 206
358 58
358 310
358 942
358 845
358 843
358 670
358 175
358 362
358 688
358 875
358 294
358 382
358 331
358 155
358 248
358 631
359 626
359 898
359 456
359 422
359 727
359 109
359 436
359 603
359 158
359 242
359 610
359 779
359 328
359 787
359 984
359 503
359 458
359 120
359 741
359 832
360 769
360 255
360 539
360 879
360 77
360 270
360 601
360 469
360 940
360 290
360 361
360 842
360 480
360 925
360 199
360 828
360 690
360 382
360 893
360 89
361 723
361 855
361 835
361 698
361 631
361 67
361 961
361 168
361 77
361 51
361 83
361 951
361 565
361 175
361 708
361 405
361 808
361 245
361 353
361 338
362 974
362 737
362 43
362 674
362 966
362 319
362 88
362 7
362 148
362 491
362 915
362 324
362 645
362 982
362 124
362 662
362 640
362 979
362 807
362 216
363 630
363 456
363 682
363 219
363 423
363 658
363 158
363 918
363 120
363 741
363 832
363 668
363 359
363 632
363 848
363 429
363 312
363 602
363 393
363 271
364 747
364 114
364 735
364 544
364 720
364 796
364 777
364 339
364 321
364 573
364 933
364 291
364 194
364 263
364 664
364 96
364 418
364 68
364 153
364 583
365 634
365 922
365 796
365 259
365 774
365 583
365 343
365 315
365 995
365 895
365 619
365 263
365 138
365 322
365 420
365 292
365 573
365 160
365 825
365 664
366 365
366 964
366 321
366 197
366 160
366 14
366 976
366 694
366 18
366 571
366 252
366 339
366 553
366 693
366 530
366 162
366 841
366 392
366 284
366 800
367 218
367 349
367 793
367 525
367 163
367 782
367 400
367 743
367 861
367 305
367 453
367 340
367 514
367 372
367 683
367 387
367 878
367 681
367 125
367 659
368 228
368 845
368 168
368 3
368 577
368 175
368 308
368 574
368 103
368 295
368 374
368 708
368 186
368 174
368 997
368 942
368 482
368 101
368 633
368 565
369 572
369 684
369 496
369 130
369 418
369 291
369 388
369 68
369 800
369 655
369 850
369 47
369 786
369 530
369 205
369 501
369 585
369 509
369 139
369 193
370 163
370 802
370 971
370 46
370 608
370 934
370 302
370 62
370 244
370 214
370 497
370 340
370 514
370 897
370 286
370 508
370 453
370 535
370 821
370 699
371 978
371 953
371 41
371 703
371 943
371 654
371 154
371 328
371 984
371 615
371 950
371 409
371 380
371 870
371 604
371 134
371 406
371 905
371 928
371 200
372 894
372 840
372 222
372 223
372 349
372 882
372 599
372 419
372 609
372 512
372 92
372 829
372 672
372 699
372 971
372 642
372 514
372 760
372 954
372 28
373 29
373 258
373 282
373 637
373 669
373 79
373 406
373 797
373 484
373 397
373 826
373 870
373 189
373 865
373 220
373 859
373 9
373 477
373 980
373 766
374 293
374 723
374 688
374 382
374 310
374 101
374 331
374 389
374 54
374 749
374 589
374 469
374 808
374 405
374 3
374 875
374 915
374 410
374 505
374 633
375 135
375 251
375 140
375 423
375 438
375 72
375 686
375 136
375 142
375 241
375 837
375 846
375 526
375 711
375 702
375 80
375 33
375 462
375 336
375 65
376 596
376 616
376 601
376 265
376 957
376 356
376 180
376 487
376 255
376 287
376 23
376 667
376 775
376 170
376 868
376 192
376 360
376 452
376 555
376 660
377 563
377 384
377 970
377 897
377 628
377 92
377 681
377 61
377 499
377 132
377 718
377 516
377 609
377 46
377 34
377 289
377 873
377 225
377 372
377 471
378 333
378 281
378 620
378 908
378 744
378 4
378 852
378 641
378 550
378 240
378 119
378 850
378 687
378 280
378 517
378 257
378 570
378 783
378 467
378 684
379 204
379 910
379 501
379 788
379 694
379 68
379 935
379 418
379 130
379 211
379 785
379 193
379 952
379 648
379 365
379 122
379 366
379 156
379 664
379 583
380 118
380 932
380 703
380 615
380 477
380 755
380 994
380 849
380 473
380 980
380 950
380 804
380 323
380 442
380 923
380 36
380 928
380 624
380 394
380 461
381 746
381 145
381 857
381 93
381 40
381 730
381 588
381 108
381 945
381 234
381 700
381 316
381 732
381 33
381 844
381 191
381 969
381 697
381 643
381 427
382 101
382 338
382 617
382 645
382 20
382 885
382 997
382 17
382 843
382 48
382 389
382 972
382 124
382 206
382 478
382 807
382 577
382 698
382 965
382 67
383 674
383 466
383 580
383 611
383 491
383 866
383 43
383 881
383 886
383 174
383 652
383 987
383 838
383 362
383 979
383 319
383 181
383 982
383 20
383 103
384 549
384 802
384 819
384 372
384 659
384 959
384 525
384 82
384 302
384 62
384 0
384 609
384 305
384 916
384 514
384 605
384 218
384 387
384 223
384 608
385 412
385 186
385 389
385 900
385 358
385 867
385 273
385 893
385 115
385 903
385 338
385 810
385 51
385 150
385 327
385 249
385 704
385 89
385 631
385 405
386 13
386 578
386 670
386 278
386 868
386 545
386 23
386 356
386 631
386 616
386 554
386 839
386 828
386 249
386 769
386 146
386 506
386 842
386 942
386 660
387 593
387 400
387 525
387 127
387 223
387 299
387 125
387 587
387 92
387 0
387 549
387 238
387 476
387 916
387 159
387 244
387 214
387 497
387 453
387 82
388 796
388 952
388 585
388 64
388 426
388 646
388 194
388 747
388 318
388 680
388 490
388 45
388 47
388 321
388 418
388 285
388 607
388 841
388 392
388 664
389 124
389 417
389 245
389 221
389 478
389 961
389 866
389 181
389 243
389 466
389 885
389 236
389 482
389 70
389 790
389 459
389 353
389 874
389 997
389 293
390 668
390 848
390 408
390 198
390 423
390 712
390 776
390 433
390 522
390 603
390 147
390 962
390 169
390 229
390 359
390 722
390 312
390 929
390 19
390 773
391 877
391 562
391 525
391 220
391 497
391 34
391 173
391 107
391 996
391 597
391 387
391 239
391 342
391 681
391 370
391 637
391 414
391 806
391 302
391 62
392 14
392 264
392 252
392 733
392 948
392 529
392 285
392 740
392 162
392 138
392 426
392 761
392 277
392 376
392 999
392 676
392 666
392 170
392 153
392 544
393 503
393 373
393 267
393 741
393 928
393 610
393 918
393 950
393 927
393 888
393 635
393 152
393 380
393 473
393 787
393 615
393 817
393 953
393 552
393 73
394 597
394 911
394 107
394 913
394 849
394 414
394 826
394 340
394 396
394 511
394 384
394 806
394 451
394 342
394 87
394 9
394 430
394 367
394 725
394 772
395 450
395 18
395 530
395 204
395 973
395 571
395 646
395 263
395 733
395 747
395 318
395 365
395 735
395 446
395 332
395 800
395 792
395 285
395 720
395 392
396 384
396 398
396 5
396 342
396 826
396 218
396 878
396 681
396 476
396 488
396 472
396 163
396 220
396 511
396 296
396 806
396 902
396 62
396 391
396 289
397 563
397 508
397 286
397 52
397 163
397 689
397 355
397 377
397 372
397 173
397 598
397 296
397 430
397 87
397 826
397 258
397 476
397 605
397 772
397 239
398 384
398 340
398 833
398 996
398 5
398 508
398 618
398 637
398 437
398 488
398 902
398 34
398 28
398 220
398 497
398 9
398 476
398 37
398 525
398 739
399 280
399 122
399 55
399 800
399 937
399 573
399 194
399 388
399 924
399 583
399 341
399 167
399 439
399 57
399 365
399 454
399 207
399 557
399 572
399 796
400 159
400 587
400 782
400 877
400 593
400 419
400 714
400 562
400 672
400 954
400 378
400 71
400 346
400 125
400 642
400 92
400 949
400 873
400 402
400 760
401 813
401 850
401 811
401 161
401 209
401 346
401 347
401 60
401 213
401 188
401 778
401 788
401 280
401 257
401 714
401 281
401 538
401 908
401 620
401 550
402 620
402 561
402 492
402 908
402 260
402 576
402 281
402 532
402 119
402 217
402 341
402 813
402 570
402 788
402 298
402 811
402 684
402 572
402 566
402 211
403 853
403 654
403 473
403 820
403 152
403 748
403 31
403 179
403 703
403 406
403 579
403 978
403 994
403 865
403 905
403 6
403 939
403 323
403 872
403 582
404 820
404 176
404 582
404 950
404 534
404 636
404 409
404 461
404 524
404 651
404 703
404 134
404 323
404 791
404 81
404 759
404 183
404 626
404 994
404 436
405 835
405 482
405 101
405 425
405 243
405 851
405 679
405 168
405 3
405 459
405 155
405 410
405 749
405 997
405 808
405 16
405 577
405 807
405 765
405 187
406 716
406 946
406 367
406 472
406 598
406 718
406 111
406 650
406 457
406 200
406 584
406 859
406 563
406 739
406 137
406 414
406 681
406 411
406 943
406 107
407 308
407 679
407 358
407 749
407 126
407 469
407 190
407 206
407 828
407 294
407 278
407 921
407 410
407 295
407 17
407 795
407 942
407 660
407 589
407 574
408 336
408 169
408 724
408 817
408 22
408 479
408 1
408 403
408 474
408 158
408 359
408 458
408 834
408 848
408 393
408 531
408 831
408 309
408 779
408 312
409 579
409 932
409 627
409 826
409 200
409 615
409 391
409 820
409 473
409 637
409 230
409 106
409 406
409 884
409 472
409 87
409 267
409 342
409 695
409 189
410 362
410 459
410 577
410 310
410 625
410 749
410 708
410 808
410 88
410 500
410 633
410 425
410 960
410 520
410 383
410 886
410 466
410 617
410 883
410 43
411 878
411 499
411 52
411 745
411 163
411 464
411 971
411 372
411 508
411 608
411 289
411 793
411 996
411 107
411 597
411 934
411 214
411 605
411 218
411 296
412 679
412 505
412 293
412 243
412 765
412 294
412 708
412 951
412 749
412 942
412 295
412 885
412 482
412 921
412 168
412 186
412 631
412 20
412 89
412 769
413 687
413 871
413 850
413 30
413 213
413 188
413 726
413 110
413 783
413 852
413 156
413 357
413 341
413 298
413 467
413 547
413 561
413 211
413 729
413 205
414 344
414 302
414 609
414 238
414 608
414 218
414 760
414 468
414 340
414 127
414 970
414 504
414 934
414 525
414 372
414 971
414 453
414 642
414 689
414 305
415 304
415 606
415 799
415 969
415 706
415 117
415 128
415 700
415 435
415 84
415 443
415 862
415 21
415 837
415 33
415 757
415 521
415 72
415 546
415 722
416 318
416 97
416 139
416 86
416 131
416 122
416 130
416 240
416 684
416 811
416 858
416 15
416 64
416 792
416 280
416 205
416 350
416 291
416 188
416 213
417 17
417 272
417 202
417 206
417 961
417 886
417 652
417 790
417 965
417 698
417 580
417 475
417 362
417 43
417 313
417 855
417 83
417 765
417 577
417 915
418 197
418 895
418 720
418 376
418 680
418 96
418 322
418 583
418 470
418 14
418 816
418 964
418 619
418 528
418 664
418 944
418 315
418 607
418 392
418 366
419 672
419 591
419 38
419 550
419 904
419 840
419 871
419 431
419 936
419 829
419 512
419 125
419 215
419 298
419 782
419 789
419 514
419 351
419 934
419 593
420 27
420 326
420 925
420 248
420 555
420 810
420 912
420 957
420 374
420 356
420 616
420 66
420 556
420 386
420 146
420 483
420 666
420 767
420 828
420 775
421 387
421 899
421 121
421 878
421 768
421 718
421 106
421 340
421 884
421 250
421 849
421 185
421 736
421 579
421 772
421 725
421 226
421 563
421 691
421 968
422 404
422 210
422 603
422 724
422 559
422 823
422 817
422 986
422 183
422 630
422 888
422 503
422 984
422 635
422 380
422 791
422 569
422 118
422 953
422 42
423 673
423 552
423 371
423 210
423 120
423 183
423 503
423 898
423 73
423 984
423 787
423 779
423 927
423 602
423 463
423 712
423 479
423 242
423 632
423 582
424 875
424 631
424 168
424 921
424 126
424 988
424 310
424 150
424 769
424 175
424 313
424 410
424 295
424 885
424 633
424 708
424 3
424 58
424 842
424 353
425 674
425 886
425 78
425 590
425 297
425 91
425 874
425 889
425 974
425 807
425 164
425 982
425 645
425 507
425 866
425 663
425 221
425 352
425 440
425 625
426 879
426 816
426 841
426 891
426 113
426 701
426 774
426 740
426 14
426 717
426 157
426 912
426 123
426 326
426 199
426 465
426 376
426 720
426 306
426 818
427 142
427 438
427 242
427 33
427 128
427 408
427 104
427 109
427 95
427 734
427 730
427 644
427 522
427 834
427 145
427 890
427 234
427 254
427 546
427 363
428 520
428 754
428 663
428 869
428 652
428 892
428 124
428 246
428 814
428 317
428 466
428 674
428 613
428 781
428 982
428 901
428 216
428 527
428 56
428 164
429 373
429 755
429 950
429 624
429 615
429 870
429 473
429 542
429 328
429 820
429 669
429 36
429 176
429 6
429 134
429 651
429 460
429 484
429 179
429 756
430 605
430 82
430 239
430 349
430 535
430 46
430 829
430 683
430 949
430 344
430 971
430 639
430 238
430 608
430 897
430 916
430 497
430 861
430 793
430 894
431 576
431 144
431 11
431 188
431 726
431 936
431 570
431 538
431 778
431 257
431 517
431 402
431 161
431 501
431 655
431 692
431 4
431 60
431 260
431 908
432 163
432 176
432 397
432 484
432 87
432 865
432 911
432 226
432 637
432 451
432 106
432 185
432 623
432 804
432 111
432 173
432 81
432 511
432 772
432 411
433 271
433 503
433 939
433 134
433 918
433 742
433 941
433 905
433 519
433 626
433 635
433 654
433 531
433 41
433 668
433 929
433 923
433 630
433 436
433 552
434 165
434 454
434 592
434 735
434 57
434 528
434 160
434 496
434 646
434 594
434 792
434 318
434 680
434 97
434 45
434 322
434 130
434 96
434 924
434 68
435 441
435 198
435 309
435 732
435 104
435 169
435 456
435 404
435 489
435 702
435 120
435 741
435 95
435 271
435 72
435 325
435 42
435 673
435 751
435 823
436 582
436 73
436 859
436 179
436 953
436 461
436 630
436 703
436 804
436 759
436 94
436 950
436 524
436 460
436 485
436 531
436 604
436 503
436 610
436 432
437 627
437 971
437 173
437 793
437 766
437 819
437 913
437 471
437 384
437 111
437 472
437 996
437 970
437 642
437 377
437 725
437 745
437 52
437 132
437 659
438 992
438 261
438 242
438 108
438 408
438 447
438 325
438 742
438 750
438 929
438 686
438 136
438 919
438 178
438 140
438 1
438 135
438 602
438 722
438 560
439 933
439 292
439 157
439 553
439 761
439 85
439 263
439 138
439 335
439 18
439 420
439 976
439 446
439 583
439 14
439 676
439 162
439 993
439 490
439 232
440 75
440 105
440 307
440 50
440 288
440 330
440 746
440 987
440 781
440 611
440 354
440 721
440 521
440 151
440 129
440 754
440 649
440 799
440 33
440 381
441 271
441 134
441 905
441 433
441 918
441 94
441 404
441 756
441 817
441 73
441 773
441 753
441 118
441 569
441 380
441 992
441 31
441 429
441 986
441 524
442 370
442 865
442 250
442 220
442 485
442 397
442 826
442 384
442 681
442 849
442 62
442 716
442 766
442 355
442 623
442 715
442 87
442 718
442 853
442 806
443 312
443 837
443 169
443 104
443 750
443 962
443 822
443 776
443 658
443 276
443 42
443 919
443 254
443 234
443 603
443 712
443 393
443 779
443 390
443 135
444 671
444 399
444 357
444 395
444 364
444 55
444 557
444 281
444 97
444 655
444 280
444 167
444 369
444 621
444 60
444 204
444 63
444 240
444 924
444 213
445 828
445 843
445 175
445 469
445 885
445 769
445 155
445 382
445 960
445 126
445 77
445 505
445 361
445 412
445 795
445 186
445 749
445 51
445 358
445 679
446 616
446 993
446 801
446 912
446 553
446 14
446 740
446 197
446 537
446 334
446 483
446 199
446 933
446 999
446 764
446 143
446 90
446 326
446 666
446 767
447 241
447 1
447 632
447 784
447 822
447 773
447 74
447 363
447 890
447 72
447 929
447 84
447 603
447 254
447 120
447 462
447 441
447 279
447 242
447 271
448 308
448 199
448 704
448 956
448 445
448 764
448 146
448 487
448 287
448 616
448 486
448 123
448 49
448 196
448 420
448 539
448 186
448 537
448 922
448 494
449 392
449 684
449 800
449 291
449 350
449 318
449 165
449 783
449 418
449 366
449 63
449 585
449 434
449 184
449 786
449 551
449 501
449 594
449 792
449 509
450 740
450 102
450 14
450 537
450 993
450 948
450 891
450 337
450 285
450 252
450 264
450 619
450 35
450 841
450 518
450 12
450 266
450 157
450 196
450 420
451 250
451 499
451 793
451 739
451 691
451 584
451 163
451 367
451 605
451 9
451 414
451 218
451 897
451 946
451 0
451 902
451 996
451 28
451 877
451 437
452 940
452 795
452 374
452 424
452 270
452 126
452 486
452 704
452 249
452 180
452 867
452 487
452 589
452 854
452 13
452 875
452 233
452 150
452 49
452 23
453 82
453 268
453 638
453 576
453 346
453 856
453 320
453 431
453 550
453 908
453 917
453 628
453 672
453 873
453 402
453 535
453 260
453 378
453 71
453 954
454 90
454 285
454 284
454 752
454 571
454 664
454 366
454 490
454 993
454 166
454 18
454 138
454 701
454 798
454 252
454 675
454 634
454 733
454 321
454 450
455 84
455 732
455 730
455 363
455 21
455 53
455 40
455 33
455 314
455 141
455 254
455 847
455 427
455 241
455 142
455 862
455 776
455 325
455 857
455 560
456 519
456 323
456 189
456 461
456 696
456 906
456 927
456 404
456 403
456 756
456 610
456 817
456 994
456 953
456 870
456 568
456 176
456 152
456 463
456 939
457 476
457 62
457 806
457 642
457 772
457 877
457 681
457 739
457 121
457 367
457 262
457 299
457 173
457 384
457 239
457 497
457 691
457 377
457 5
457 637
458 118
458 41
458 610
458 654
458 950
458 696
458 762
458 803
458 152
458 531
458 820
458 282
458 158
458 210
458 409
458 748
458 986
458 183
458 984
458 624
459 815
459 352
459 966
459 301
459 2
459 886
459 548
459 967
459 78
459 652
459 523
459 914
459 246
459 640
459 663
459 754
459 955
459 247
459 354
459 979
460 804
460 994
460 36
460 725
460 189
460 980
460 716
460 461
460 899
460 859
460 442
460 472
460 853
460 719
460 411
460 176
460 932
460 911
460 87
460 342
461 865
461 913
461 398
461 629
461 396
461 106
461 975
461 442
461 902
461 185
461 107
461 943
461 367
461 715
461 421
461 899
461 870
461 739
461 397
461 484
462 474
462 832
462 742
462 779
462 630
462 696
462 198
462 479
462 787
462 261
462 456
462 603
462 109
462 73
462 727
462 762
462 569
462 682
462 673
462 404
463 636
463 849
463 899
463 703
463 654
463 797
463 865
463 519
463 6
463 753
463 907
463 81
463 94
463 604
463 200
463 978
463 189
463 396
463 610
463 863
464 760
464 468
464 92
464 239
464 599
464 471
464 499
464 299
464 46
464 609
464 549
464 502
464 349
464 222
464 959
464 638
464 372
464 286
464 28
464 802
465 146
465 537
465 486
465 27
465 839
465 764
465 445
465 180
465 23
465 795
465 956
465 578
465 775
465 828
465 758
465 123
465 424
465 290
465 601
465 529
466 317
466 590
466 171
466 297
466 274
466 815
466 674
466 580
466 272
466 998
466 212
466 657
466 983
466 7
466 600
466 459
466 869
466 914
466 613
466 881
467 551
467 887
467 347
467 15
467 201
467 379
467 594
467 811
467 59
467 55
467 501
467 167
467 744
467 30
467 687
467 786
467 26
467 812
467 547
467 561
468 346
468 431
468 333
468 161
468 661
468 830
468 39
468 550
468 38
468 402
468 873
468 92
468 127
468 348
468 305
468 570
468 512
468 916
468 821
468 840
469 310
469 338
469 900
469 383
469 983
469 631
469 20
469 324
469 845
469 389
469 960
469 972
469 835
469 236
469 168
469 228
469 790
469 679
469 942
469 17
470 90
470 774
470 816
470 964
470 912
470 277
470 544
470 841
470 172
470 292
470 596
470 690
470 717
470 14
470 263
470 264
470 255
470 96
470 446
470 801
471 419
471 639
471 39
471 223
471 591
471 38
471 871
471 378
471 894
471 514
471 532
471 92
471 829
471 209
471 82
471 824
471 46
471 512
471 609
471 570
472 683
472 258
472 218
472 504
472 497
472 9
472 173
472 46
472 132
472 159
472 400
472 833
472 355
472 340
472 827
472 52
472 262
472 691
472 411
472 897
473 872
473 978
473 598
473 442
473 755
473 985
473 870
473 256
473 932
473 715
473 106
473 406
473 437
473 899
473 797
473 804
473 622
473 865
473 637
473 636
474 210
474 229
474 712
474 73
474 831
474 906
474 456
474 668
474 779
474 992
474 635
474 380
474 742
474 524
474 751
474 198
474 534
474 140
474 458
474 359
475 590
475 967
475 983
475 987
475 997
475 874
475 807
475 577
475 600
475 491
475 478
475 67
475 998
475 513
475 124
475 974
475 43
475 247
475 103
475 99
476 959
476 916
476 642
476 934
476 971
476 789
476 514
476 286
476 320
476 819
476 628
476 897
476 949
476 28
476 802
476 699
476 829
476 793
476 46
476 299
477 715
477 9
477 719
477 262
477 691
477 355
477 943
477 107
477 772
477 579
477 725
477 629
477 716
477 978
477 806
477 637
477 457
477 768
477 968
477 985
478 869
478 657
478 595
478 886
478 652
478 288
478 640
478 297
478 883
478 781
478 164
478 116
478 319
478 979
478 301
478 814
478 815
478 780
478 662
478 663
479 183
479 978
479 803
479 568
479 531
479 604
479 923
479 984
479 421
479 6
479 81
479 791
479 943
479 756
479 622
479 748
479 409
479 461
479 953
479 436
480 70
480 338
480 617
480 54
480 99
480 124
480 310
480 51
480 577
480 765
480 174
480 466
480 885
480 633
480 843
480 723
480 273
480 20
480 115
480 48
481 721
481 947
481 862
481 301
481 455
481 657
481 297
481 330
481 288
481 644
481 606
481 909
481 246
481 40
481 381
481 754
481 649
481 427
481 805
481 116
482 737
482 300
482 838
482 855
482 881
482 78
482 317
482 324
482 56
482 491
482 674
482 88
482 652
482 246
482 2
482 148
482 50
482 807
482 216
482 613
483 66
483 445
483 146
483 255
483 942
483 537
483 903
483 233
483 506
483 486
483 126
483 660
483 893
483 382
483 368
483 269
483 113
483 249
483 412
483 102
484 584
484 736
484 9
484 968
484 975
484 878
484 367
484 715
484 651
484 627
484 637
484 154
484 377
484 87
484 718
484 185
484 107
484 472
484 406
484 258
485 989
485 137
485 154
485 833
485 970
485 618
485 464
485 430
485 29
485 384
485 605
485 725
485 525
485 394
485 472
485 853
485 437
485 391
485 289
485 87
486 921
486 410
486 66
486 475
486 843
486 575
486 505
486 424
486 845
486 310
486 412
486 186
486 708
486 338
486 187
486 361
486 997
486 17
486 698
486 374
487 775
487 249
487 445
487 269
487 854
487 361
487 186
487 539
487 960
487 769
487 49
487 679
487 868
487 66
487 601
487 190
487 407
487 631
487 765
487 926
488 512
488 916
488 239
488 587
488 320
488 344
488 516
488 244
488 497
488 302
488 218
488 0
488 949
488 683
488 514
488 132
488 61
488 238
488 608
488 223
489 776
489 986
489 393
489 309
489 898
489 534
489 261
489 183
489 429
489 848
489 510
489 422
489 559
489 147
489 832
489 635
489 42
489 325
489 724
489 242
490 720
490 728
490 999
490 153
490 995
490 339
490 634
490 912
490 740
490 841
490 818
490 717
490 891
490 172
490 157
490 343
490 264
490 964
490 465
490 933
491 558
491 649
491 275
491 979
491 677
491 216
491 274
491 88
491 319
491 963
491 536
491 640
491 709
491 352
491 493
491 541
491 148
491 998
491 164
491 515
492 257
492 726
492 139
492 655
492 778
492 614
492 144
492 786
492 416
492 119
492 341
492 130
492 201
492 177
492 785
492 449
492 15
492 547
492 215
492 561
493 80
493 548
493 643
493 136
493 100
493 447
493 711
493 149
493 822
493 657
493 44
493 837
493 33
493 836
493 75
493 145
493 329
493 231
493 234
493 931
494 27
494 839
494 311
494 233
494 940
494 688
494 386
494 506
494 113
494 556
494 537
494 180
494 631
494 126
494 270
494 483
494 77
494 385
494 23
494 308
495 569
495 152
495 524
495 636
495 787
495 463
495 568
495 328
495 94
495 484
495 907
495 503
495 403
495 817
495 610
495 479
495 436
495 753
495 905
495 938
496 90
496 818
496 96
496 664
496 263
496 752
496 157
496 143
496 509
496 774
496 339
496 880
496 944
496 470
496 728
496 285
496 321
496 197
496 450
496 841
497 112
497 125
497 591
497 218
497 349
497 305
497 514
497 840
497 345
497 683
497 549
497 502
497 638
497 34
497 209
497 609
497 512
497 46
497 71
497 793
498 167
498 201
498 770
498 646
498 97
498 86
498 379
498 910
498 30
498 165
498 213
498 783
498 395
498 449
498 887
498 64
498 620
498 935
498 671
498 114
499 468
499 38
499 516
499 225
499 638
499 917
499 305
499 413
499 873
499 223
499 896
499 959
499 954
499 714
499 419
499 125
499 346
499 514
499 856
499 793
500 2
500 794
500 288
500 721
500 354
500 982
500 805
500 754
500 613
500 781
500 914
500 595
500 415
500 947
500 974
500 889
500 541
500 208
500 297
500 527
501 47
501 952
501 439
501 350
501 57
501 783
501 557
501 193
501 509
501 85
501 184
501 586
501 592
501 944
501 707
501 167
501 321
501 935
501 366
501 68
502 763
502 512
502 401
502 714
502 840
502 298
502 492
502 788
502 346
502 222
502 904
502 399
502 416
502 813
502 887
502 917
502 858
502 908
502 8
502 177
503 200
503 888
503 615
503 853
503 759
503 849
503 636
503 923
503 519
503 29
503 542
503 152
503 36
503 804
503 715
503 134
503 859
503 451
503 373
503 398
504 161
504 628
504 431
504 894
504 419
504 214
504 344
504 789
504 824
504 549
504 82
504 653
504 782
504 699
504 38
504 745
504 132
504 959
504 127
504 683
505 577
505 981
505 228
505 645
505 874
505 997
505 168
505 482
505 723
505 48
505 983
505 417
505 3
505 794
505 808
505 174
505 885
505 293
505 175
505 617
506 839
506 58
506 775
506 269
506 126
506 487
506 150
506 589
506 810
506 77
506 27
506 704
506 89
506 554
506 331
506 243
506 66
506 679
506 670
506 445
507 93
507 307
507 567
507 711
507 784
507 224
507 80
507 558
507 738
507 330
507 822
507 142
507 390
507 21
507 746
507 876
507 251
507 521
507 375
507 809
508 159
508 745
508 127
508 384
508 896
508 320
508 562
508 638
508 661
508 62
508 829
508 296
508 516
508 214
508 244
508 286
508 345
508 504
508 628
508 464
509 335
509 993
509 166
509 197
509 337
509 376
509 735
509 292
509 448
509 796
509 232
509 96
509 740
509 162
509 160
509 933
509 446
509 306
509 528
509 798
510 984
510 568
510 134
510 630
510 41
510 73
510 371
510 22
510 820
510 542
510 762
510 907
510 906
510 636
510 848
510 147
510 759
510 456
510 182
510 756
511 691
511 79
511 736
511 878
511 457
511 618
511 739
511 411
511 772
511 605
511 768
511 400
511 262
511 584
511 430
511 497
511 5
511 62
511 370
511 258
512 402
512 850
512 161
512 467
512 653
512 687
512 917
512 729
512 26
512 112
512 620
512 4
512 131
512 936
512 213
512 188
512 119
512 240
512 904
512 656
513 979
513 754
513 415
513 40
513 317
513 969
513 515
513 56
513 982
513 330
513 523
513 50
513 301
513 275
513 869
513 809
513 757
513 588
513 44
513 440
514 744
514 209
514 444
514 916
514 431
514 936
514 612
514 61
514 591
514 672
514 789
514 38
514 222
514 593
514 904
514 550
514 351
514 119
514 729
514 4
515 706
515 10
515 381
515 227
515 909
515 844
515 606
515 963
515 390
515 711
515 588
515 546
515 191
515 151
515 750
515 757
515 447
515 84
515 455
515 135
516 802
516 949
516 71
516 639
516 238
516 743
516 564
516 789
516 532
516 840
516 82
516 653
516 348
516 936
516 161
516 672
516 346
516 39
516 599
516 244
517 119
517 908
517 217
517 726
517 713
517 813
517 130
517 778
517 281
517 59
517 561
517 564
517 614
517 333
517 501
517 612
517 641
517 910
517 280
517 594
518 601
518 764
518 360
518 537
518 249
518 575
518 150
518 77
518 385
518 407
518 180
518 810
518 277
518 486
518 361
518 767
518 670
518 925
518 13
518 893
519 899
519 604
519 804
519 911
519 820
519 624
519 615
519 985
519 968
519 256
519 637
519 226
519 755
519 669
519 37
519 477
519 797
519 905
519 695
519 152
520 415
520 2
520 889
520 710
520 455
520 809
520 606
520 100
520 640
520 869
520 513
520 216
520 901
520 700
520 354
520 56
520 815
520 799
520 814
520 771
521 546
521 283
521 712
521 438
521 72
521 136
521 776
521 847
521 462
521 751
521 408
521 441
521 447
521 336
521 142
521 427
521 919
521 702
521 74
521 191
522 140
522 732
522 632
522 182
522 898
522 831
522 489
522 510
522 860
522 929
522 779
522 991
522 241
522 312
522 602
522 404
522 423
522 72
522 823
522 734
523 700
523 522
523 279
523 33
523 567
523 560
523 780
523 945
523 231
523 757
523 151
523 149
523 649
523 390
523 546
523 93
523 208
523 141
523 677
523 275
524 939
524 373
524 703
524 928
524 622
524 473
524 81
524 994
524 87
524 870
524 485
524 152
524 176
524 888
524 820
524 484
524 943
524 654
524 282
524 804
525 218
525 861
525 419
525 305
525 302
525 789
525 605
525 990
525 28
525 638
525 214
525 745
525 344
525 897
525 743
525 453
525 954
525 959
525 299
525 587
526 117
526 727
526 847
526 72
526 435
526 779
526 316
526 522
526 25
526 251
526 283
526 844
526 857
526 991
526 560
526 784
526 53
526 447
526 141
526 489
527 809
527 224
527 546
527 145
527 276
527 588
527 274
527 700
527 711
527 354
527 649
527 526
527 208
527 847
527 44
527 227
527 606
527 876
527 251
527 317
528 518
528 880
528 232
528 337
528 596
528 326
528 113
528 172
528 676
528 266
528 543
528 452
528 740
528 895
528 162
528 197
528 553
528 774
528 96
528 701
529 186
529 374
529 601
529 278
529 190
529 334
529 956
529 574
529 27
529 518
529 385
529 98
529 912
529 311
529 555
529 23
529 486
529 483
529 270
529 828
530 816
530 964
530 446
530 448
530 153
530 680
530 693
530 96
530 540
530 465
530 933
530 35
530 518
530 392
530 841
530 553
530 555
530 735
530 701
530 529
531 899
531 797
531 791
531 579
531 994
531 755
531 154
531 203
531 928
531 152
531 6
531 905
531 651
531 484
531 907
531 503
531 373
531 888
531 282
531 985
532 130
532 60
532 257
532 119
532 281
532 564
532 684
532 850
532 201
532 744
532 369
532 357
532 858
532 566
532 8
532 783
532 887
532 11
532 778
532 655
533 162
533 24
533 265
533 339
533 143
533 494
533 596
533 18
533 774
533 977
533 90
533 196
533 197
533 537
533 337
533 180
533 761
533 446
533 667
533 801
534 705
534 938
534 463
534 6
534 817
534 820
534 928
534 582
534 542
534 870
534 403
534 477
534 183
534 863
534 118
534 267
534 748
534 804
534 230
534 203
535 492
535 916
535 347
535 260
535 38
535 861
535 502
535 26
535 782
535 628
535 672
535 161
535 320
535 714
535 882
535 936
535 76
535 638
535 871
535 656
536 771
536 116
536 352
536 862
536 969
536 611
536 455
536 815
536 674
536 75
536 521
536 212
536 507
536 288
536 780
536 754
536 231
536 931
536 91
536 65
537 828
537 868
537 405
537 278
537 150
537 631
537 758
537 487
537 126
537 311
537 575
537 13
537 940
537 942
537 89
537 879
537 556
537 412
537 27
537 382
538 763
538 566
538 561
538 770
538 240
538 850
538 59
538 55
538 744
538 449
538 621
538 60
538 156
538 364
538 30
538 614
538 920
538 858
538 671
538 910
539 633
539 554
539 206
539 574
539 190
539 327
539 150
539 51
539 660
539 589
539 942
539 795
539 17
539 412
539 965
539 353
539 361
539 168
539 287
539 278
540 666
540 143
540 704
540 452
540 166
540 601
540 880
540 554
540 197
540 306
540 196
540 290
540 27
540 337
540 385
540 801
540 690
540 999
540 761
540 277
541 440
541 50
541 2
541 909
541 663
541 794
541 75
541 171
541 317
541 288
541 216
541 963
541 640
541 771
541 649
541 91
541 738
541 272
541 44
541 780
542 604
542 584
542 651
542 442
542 715
542 406
542 373
542 79
542 719
542 994
542 725
542 432
542 437
542 457
542 615
542 623
542 629
542 6
542 736
542 176
543 90
543 270
543 867
543 518
543 506
543 767
543 999
543 255
543 758
543 311
543 555
543 774
543 879
543 13
543 452
543 554
543 690
543 337
543 180
543 123
544 263
544 24
544 740
544 616
544 27
544 326
544 102
544 518
544 266
544 290
544 123
544 880
544 170
544 270
544 816
544 925
544 774
544 553
544 465
544 667
545 942
545 49
545 368
545 575
545 843
545 810
545 688
545 190
545 410
545 407
545 98
545 660
545 273
545 854
545 293
545 66
545 270
545 960
545 769
545 146
546 72
546 438
546 235
546 128
546 120
546 390
546 560
546 837
546 408
546 314
546 962
546 108
546 702
546 241
546 191
546 19
546 860
546 686
546 359
546 602
547 561
547 687
547 924
547 86
547 585
547 205
547 350
547 785
547 607
547 184
547 788
547 130
547 30
547 952
547 439
547 557
547 59
547 572
547 783
547 684
548 991
548 890
548 588
548 844
548 279
548 84
548 40
548 390
548 235
548 283
548 706
548 231
548 95
548 847
548 427
548 135
548 149
548 72
548 836
548 837
549 609
549 934
549 608
549 896
549 298
549 593
549 305
549 714
549 959
549 954
549 535
549 349
549 431
549 840
549 159
549 127
549 468
549 223
549 672
549 699
550 614
550 858
550 467
550 561
550 538
550 131
550 253
550 729
550 76
550 692
550 656
550 280
550 156
550 444
550 612
550 177
550 63
550 119
550 4
550 39
551 193
551 995
551 388
551 614
551 685
551 184
551 418
551 935
551 259
551 470
551 583
551 364
551 571
551 735
551 684
551 57
551 172
551 395
551 315
551 944
552 923
552 519
552 906
552 463
552 568
552 479
552 994
552 436
552 753
552 409
552 404
552 524
552 41
552 703
552 636
552 654
552 918
552 958
552 759
552 456
553 199
553 556
553 666
553 386
553 190
553 555
553 740
553 35
553 13
553 192
553 448
553 891
553 407
553 912
553 506
553 596
553 287
553 102
553 867
553 290
554 295
554 287
554 313
554 633
554 405
554 808
554 670
554 480
554 206
554 54
554 698
554 956
554 294
554 688
554 960
554 361
554 101
554 245
554 795
554 631
555 269
555 578
555 810
555 545
555 360
555 13
555 670
555 977
555 308
555 660
555 957
555 49
555 150
555 386
555 487
555 368
555 893
555 412
555 867
555 385
556 795
556 327
556 960
556 660
556 101
556 66
556 679
556 843
556 382
556 765
556 51
556 374
556 921
556 168
556 875
556 810
556 951
556 146
556 972
556 310
557 571
557 607
557 680
557 735
557 439
557 770
557 496
557 64
557 47
557 586
557 153
557 694
557 97
557 45
557 993
557 777
557 207
557 160
557 937
557 530
558 546
558 224
558 734
558 757
558 283
558 588
558 805
558 314
558 697
558 178
558 963
558 135
558 84
558 876
558 19
558 447
558 329
558 526
558 363
558 822
559 853
559 582
559 943
559 654
559 6
559 432
559 579
559 820
559 134
559 154
559 230
559 203
559 179
559 939
559 463
559 624
559 791
559 473
559 41
559 899
560 860
560 241
560 773
560 325
560 84
560 304
560 95
560 254
560 552
560 784
560 823
560 822
560 1
560 489
560 668
560 846
560 104
560 992
560 408
560 69
561 783
561 551
561 585
561 259
561 586
561 976
561 792
561 937
561 680
561 392
561 592
561 785
561 995
561 160
561 114
561 47
561 439
561 895
561 664
561 572
562 949
562 378
562 223
562 789
562 896
562 401
562 731
562 348
562 599
562 39
562 32
562 587
562 954
562 760
562 320
562 549
562 351
562 782
562 28
562 570
563 239
563 305
563 525
563 471
563 468
563 638
563 683
563 549
563 959
563 299
563 464
563 52
563 222
563 916
563 400
563 514
563 789
563 605
563 419
563 824
564 858
564 614
564 778
564 770
564 211
564 713
564 110
564 416
564 786
564 59
564 498
564 449
564 167
564 561
564 347
564 620
564 4
564 566
564 63
564 119
565 324
565 915
565 967
565 202
565 838
565 889
565 961
565 212
565 300
565 674
565 216
565 175
565 997
565 874
565 482
565 466
565 428
565 886
565 988
565 425
566 281
566 237
566 207
566 910
566 399
566 318
566 291
566 64
566 449
566 496
566 364
566 369
566 778
566 692
566 434
566 280
566 59
566 726
566 131
566 57
567 80
567 438
567 381
567 128
567 314
567 75
567 455
567 876
567 809
567 837
567 208
567 19
567 746
567 145
567 95
567 435
567 390
567 644
567 522
567 588
568 899
568 715
568 323
568 451
568 939
568 473
568 604
568 154
568 629
568 461
568 736
568 152
568 932
568 37
568 106
568 759
568 477
568 865
568 396
568 636
569 703
569 923
569 669
569 859
569 624
569 179
569 406
569 797
569 938
569 134
569 323
569 36
569 610
569 460
569 524
569 152
569 380
569 980
569 630
569 461
570 467
570 399
570 566
570 561
570 449
570 237
570 936
570 713
570 30
570 887
570 348
570 572
570 156
570 59
570 167
570 729
570 620
570 788
570 920
570 257
571 540
571 157
571 494
571 764
571 448
571 35
571 290
571 153
571 578
571 326
571 292
571 465
571 818
571 18
571 529
571 993
571 977
571 801
571 879
571 450
572 694
572 418
572 55
572 426
572 350
572 607
572 392
572 45
572 114
572 573
572 557
572 207
572 895
572 439
572 450
572 194
572 752
572 571
572 664
572 735
573 35
573 465
573 322
573 96
573 667
573 801
573 172
573 540
573 733
573 634
573 717
573 518
573 85
573 420
573 818
573 448
573 143
573 197
573 138
573 337
574 331
574 245
574 310
574 338
574 99
574 3
574 77
574 83
574 480
574 17
574 900
574 126
574 960
574 575
574 565
574 723
574 155
574 168
574 688
574 808
575 981
575 617
575 475
575 70
575 698
575 228
575 679
575 54
575 647
575 633
575 3
575 67
575 875
575 851
575 988
575 417
575 124
575 972
575 835
575 723
576 788
576 8
576 130
576 217
576 449
576 908
576 205
576 687
576 215
576 692
576 655
576 641
576 280
576 621
576 201
576 685
576 564
576 144
576 551
576 444
577 481
577 272
577 202
577 600
577 216
577 662
577 625
577 2
577 721
577 647
577 520
577 983
577 987
577 83
577 212
577 645
577 955
577 247
577 78
577 43
578 295
578 704
578 89
578 389
578 186
578 248
578 269
578 290
578 243
578 287
578 903
578 554
578 273
578 575
578 192
578 942
578 126
578 270
578 293
578 854
579 865
579 819
579 200
579 29
579 299
579 154
579 637
579 296
579 398
579 725
579 736
579 598
579 970
579 451
579 597
579 163
579 853
579 87
579 913
579 946
580 116
580 507
580 300
580 892
580 536
580 780
580 998
580 677
580 909
580 78
580 493
580 274
580 737
580 75
580 288
580 7
580 481
580 50
580 100
580 754
581 487
581 269
581 543
581 35
581 893
581 774
581 940
581 506
581 494
581 758
581 376
581 601
581 529
581 195
581 196
581 265
581 255
581 420
581 166
581 880
582 980
582 953
582 863
582 460
582 958
582 200
582 230
582 899
582 703
582 905
582 715
582 853
582 176
582 755
582 803
582 636
582 804
582 748
582 409
582 484
583 596
583 717
583 85
583 543
583 12
583 392
583 841
583 252
583 160
583 450
583 528
583 619
583 162
583 796
583 533
583 720
583 259
583 818
583 18
583 964
584 0
584 793
584 878
584 819
584 137
584 46
584 387
584 504
584 827
584 239
584 111
584 367
584 430
584 464
584 681
584 562
584 258
584 476
584 718
584 488
585 143
585 376
585 18
585 818
585 664
585 306
585 332
585 450
585 321
585 619
585 172
585 816
585 166
585 728
585 634
585 252
585 343
585 553
585 162
585 761
586 14
586 450
586 343
586 277
586 170
586 306
586 252
586 24
586 895
586 676
586 720
586 376
586 339
586 774
586 571
586 540
586 465
586 801
586 667
586 999
587 238
587 492
587 32
587 535
587 593
587 514
587 92
587 743
587 731
587 729
587 830
587 782
587 46
587 661
587 298
587 821
587 223
587 345
587 127
587 468
588 227
588 72
588 241
588 390
588 857
588 919
588 962
588 757
588 521
588 784
588 375
588 145
588 329
588 836
588 128
588 776
588 447
588 53
588 136
588 149
589 187
589 723
589 708
589 808
589 851
589 645
589 103
589 236
589 921
589 961
589 89
589 688
589 228
589 951
589 617
589 126
589 101
589 482
589 997
589 382
590 969
590 881
590 297
590 606
590 272
590 171
590 754
590 663
590 164
590 781
590 914
590 274
590 709
590 307
590 481
590 805
590 794
590 381
590 520
590 354
591 156
591 201
591 641
591 550
591 858
591 237
591 687
591 620
591 76
591 369
591 399
591 15
591 131
591 936
591 413
591 713
591 177
591 347
591 188
591 416
592 509
592 895
592 540
592 321
592 571
592 252
592 573
592 801
592 114
592 816
592 619
592 585
592 528
592 157
592 292
592 365
592 841
592 96
592 306
592 332
593 512
593 566
593 538
593 653
593 347
593 904
593 498
593 908
593 763
593 416
593 954
593 401
593 131
593 209
593 346
593 240
593 789
593 920
593 281
593 110
594 490
594 937
594 85
594 895
594 770
594 585
594 184
594 694
594 365
594 315
594 685
594 573
594 285
594 114
594 446
594 318
594 747
594 693
594 973
594 165
595 354
595 963
595 982
595 44
595 567
595 164
595 515
595 208
595 640
595 481
595 969
595 50
595 876
595 100
595 80
595 889
595 558
595 301
595 548
595 771
596 385
596 170
596 795
596 294
596 13
596 248
596 545
596 360
596 424
596 925
596 660
596 98
596 277
596 483
596 186
596 66
596 903
596 554
596 356
596 704
597 299
597 681
597 367
597 806
597 258
597 608
597 250
597 683
597 996
597 468
597 970
597 897
597 163
597 286
597 345
597 125
597 659
597 28
597 563
597 802
598 46
598 504
598 258
598 827
598 877
598 833
598 367
598 0
598 296
598 400
598 159
598 819
598 92
598 107
598 691
598 587
598 225
598 659
598 971
598 806
599 76
599 346
599 298
599 467
599 217
599 498
599 639
599 904
599 369
599 532
599 789
599 11
599 830
599 653
599 257
599 840
599 936
599 177
599 201
599 492
600 674
600 440
600 7
600 297
600 709
600 129
600 914
600 969
600 274
600 588
600 809
600 982
600 799
600 780
600 998
600 100
600 148
600 50
600 515
600 275
601 412
601 631
601 146
601 273
601 278
601 921
601 168
601 688
601 358
601 698
601 900
601 389
601 101
601 382
601 48
601 810
601 66
601 868
601 505
601 633
602 582
602 271
602 183
602 210
602 682
602 986
602 460
602 463
602 787
602 94
602 832
602 147
602 848
602 429
602 458
602 534
602 803
602 552
602 953
602 696
603 602
603 552
603 832
603 905
603 271
603 495
603 203
603 510
603 759
603 559
603 823
603 503
603 630
603 569
603 984
603 94
603 328
603 668
603 41
603 393
604 163
604 627
604 397
604 826
604 111
604 37
604 342
604 985
604 970
604 975
604 902
604 355
604 137
604 121
604 725
604 579
604 9
604 989
604 250
604 865
605 916
605 877
605 305
605 802
605 743
605 468
605 882
605 638
605 345
605 639
605 400
605 954
605 959
605 789
605 760
605 244
605 214
605 125
605 731
605 71
606 72
606 283
606 304
606 117
606 375
606 84
606 522
606 822
606 700
606 235
606 191
606 876
606 732
606 991
606 10
606 234
606 224
606 251
606 108
606 909
607 365
607 332
607 446
607 752
607 266
607 392
607 540
607 816
607 728
607 14
607 376
607 680
607 675
607 880
607 454
607 530
607 933
607 544
607 818
607 366
608 873
608 223
608 502
608 214
608 61
608 132
608 959
608 92
608 517
608 882
608 431
608 298
608 821
608 971
608 813
608 209
608 591
608 46
608 512
608 348
609 566
609 119
609 532
609 729
609 949
609 268
609 570
609 550
609 641
609 217
609 692
609 223
609 260
609 576
609 744
609 502
609 188
609 344
609 209
609 492
610 154
610 421
610 31
610 863
610 980
610 503
610 409
610 804
610 943
610 6
610 134
610 907
610 397
610 200
610 87
610 460
610 651
610 461
610 888
610 391
611 493
611 657
611 129
611 644
611 149
611 251
611 809
611 721
611 643
611 275
611 862
611 649
611 914
611 757
611 815
611 805
611 909
611 246
611 746
611 738
612 572
612 920
612 498
612 713
612 561
612 783
612 130
612 858
612 935
612 852
612 131
612 86
612 557
612 395
612 260
612 167
612 369
612 744
612 564
612 144
613 780
613 869
613 288
613 600
613 455
613 523
613 979
613 354
613 129
613 611
613 836
613 757
613 781
613 171
613 710
613 319
613 274
613 738
613 649
613 317
614 952
614 165
614 935
614 321
614 96
614 571
614 664
614 585
614 995
614 800
614 318
614 792
614 284
614 133
614 47
614 446
614 86
614 592
614 573
614 122
615 985
615 484
615 715
615 768
615 865
615 911
615 258
615 176
615 477
615 137
615 719
615 394
615 81
615 975
615 579
615 451
615 29
615 111
615 978
615 820
616 233
616 102
616 903
616 186
616 417
616 23
616 631
616 505
616 775
616 828
616 146
616 769
616 382
616 795
616 195
616 405
616 839
616 368
616 601
616 27
617 99
617 482
617 236
617 647
617 500
617 103
617 478
617 520
617 202
617 466
617 915
617 67
617 663
617 814
617 982
617 901
617 78
617 652
617 319
617 874
618 593
618 639
618 916
618 299
618 28
618 743
618 514
618 159
618 699
618 82
618 132
618 244
618 38
618 745
618 34
618 882
618 92
618 71
618 320
618 819
619 162
619 12
619 879
619 483
619 195
619 277
619 143
619 197
619 922
619 420
619 290
619 581
619 494
619 758
619 957
619 545
619 634
619 912
619 263
619 166
620 114
620 763
620 434
620 752
620 594
620 240
620 369
620 207
620 418
620 952
620 366
620 64
620 684
620 547
620 747
620 68
620 213
620 924
620 60
620 139
621 785
621 944
621 315
621 392
621 572
621 418
621 557
621 573
621 937
621 792
621 770
621 648
621 530
621 139
621 924
621 680
621 684
621 952
621 194
621 551
622 485
622 899
622 258
622 36
622 597
622 911
622 637
622 154
622 370
622 442
622 604
622 508
622 755
622 397
622 623
622 804
622 472
622 978
622 584
622 107
623 367
623 411
623 218
623 370
623 739
623 391
623 451
623 163
623 996
623 725
623 511
623 87
623 508
623 766
623 833
623 878
623 137
623 239
623 584
623 52
624 152
624 485
624 137
624 615
624 87
624 853
624 797
624 902
624 736
624 461
624 716
624 584
624 473
624 884
624 669
624 37
624 397
624 907
624 985
624 409
625 208
625 300
625 148
625 606
625 50
625 317
625 595
625 515
625 246
625 710
625 2
625 129
625 151
625 88
625 657
625 520
625 523
625 611
625 677
625 216
626 984
626 282
626 719
626 905
626 461
626 650
626 460
626 396
626 797
626 87
626 604
626 519
626 484
626 907
626 41
626 442
626 29
626 978
626 803
626 804
627 342
627 345
627 214
627 806
627 464
627 258
627 372
627 225
627 62
627 302
627 173
627 884
627 340
627 262
627 549
627 289
627 598
627 516
627 400
627 819
628 222
628 904
628 467
628 564
628 620
628 260
628 894
628 378
628 763
628 161
628 492
628 444
628 357
628 714
628 566
628 570
628 547
628 731
628 908
628 840
629 5
629 597
629 62
629 650
629 899
629 598
629 736
629 739
629 256
629 989
629 878
629 137
629 695
629 508
629 859
629 451
629 853
629 476
629 258
629 985
630 477
630 980
630 179
630 703
630 461
630 755
630 748
630 804
630 753
630 73
630 542
630 978
630 615
630 432
630 403
630 756
630 371
630 460
630 524
630 994
631 851
631 243
631 645
631 480
631 843
631 466
631 228
631 942
631 83
631 221
631 313
631 175
631 900
631 845
631 951
631 70
631 168
631 808
631 245
631 425
632 817
632 905
632 602
632 724
632 748
632 823
632 582
632 219
632 928
632 705
632 668
632 610
632 918
632 182
632 984
632 791
632 495
632 271
632 183
632 429
633 577
633 590
633 710
633 99
633 148
633 886
633 478
633 708
633 613
633 475
633 247
633 466
633 885
633 974
633 874
633 303
633 175
633 78
633 500
633 491
634 287
634 190
634 264
634 506
634 704
634 113
634 358
634 360
634 940
634 269
634 199
634 326
634 27
634 956
634 337
634 23
634 868
634 270
634 483
634 537
635 371
635 534
635 432
635 559
635 928
635 152
635 6
635 73
635 950
635 980
635 696
635 473
635 984
635 615
635 953
635 41
635 463
635 724
635 569
635 328
636 36
636 411
636 911
636 256
636 342
636 669
636 107
636 820
636 484
636 826
636 398
636 902
636 9
636 615
636 121
636 715
636 716
636 975
636 394
636 189
637 214
637 683
637 107
637 387
637 819
637 878
637 608
637 340
637 884
637 28
637 689
637 163
637 913
637 627
637 286
637 508
637 691
637 430
637 549
637 377
638 920
638 532
638 416
638 612
638 444
638 209
638 829
638 492
638 201
638 4
638 60
638 936
638 431
638 131
638 333
638 566
638 653
638 76
638 15
638 217
639 620
639 763
639 444
639 4
639 39
639 566
639 687
639 714
639 281
639 15
639 591
639 830
639 351
639 401
639 76
639 188
639 213
639 11
639 936
639 653
640 231
640 947
640 754
640 100
640 129
640 805
640 982
640 507
640 275
640 780
640 567
640 657
640 987
640 677
640 836
640 354
640 721
640 375
640 274
640 330
641 364
641 156
641 924
641 318
641 726
641 131
641 786
641 205
641 648
641 59
641 30
641 167
641 369
641 770
641 713
641 211
641 887
641 341
641 60
641 15
642 431
642 453
642 896
642 351
642 92
642 949
642 861
642 587
642 591
642 468
642 223
642 244
642 471
642 793
642 672
642 512
642 789
642 159
642 745
642 840
643 919
643 722
643 423
643 72
643 330
643 128
643 136
643 860
643 474
643 750
643 846
643 834
643 489
643 945
643 746
643 276
643 251
643 135
643 447
643 95
644 546
644 117
644 108
644 822
644 191
644 658
644 142
644 251
644 363
644 336
644 734
644 919
644 831
644 991
644 178
644 632
644 860
644 271
644 314
644 697
645 794
645 649
645 91
645 966
645 611
645 807
645 116
645 212
645 781
645 288
645 7
645 652
645 527
645 771
645 500
645 640
645 297
645 780
645 2
645 301
646 973
646 291
646 470
646 583
646 259
646 133
646 800
646 172
646 138
646 364
646 995
646 496
646 68
646 332
646 96
646 948
646 619
646 528
646 284
646 777
647 625
647 981
647 2
647 301
647 459
647 947
647 600
647 815
647 982
647 754
647 425
647 481
647 523
647 590
647 221
647 974
647 129
647 148
647 43
647 881
648 924
648 193
648 335
648 55
648 586
648 194
648 944
648 86
648 339
648 973
648 585
648 528
648 172
648 937
648 388
648 321
648 450
648 57
648 747
648 680
649 44
649 909
649 546
649 93
649 316
649 822
649 10
649 142
649 805
649 732
649 307
649 697
649 136
649 738
649 235
649 151
649 375
649 836
649 149
649 771
650 394
650 62
650 718
650 623
650 372
650 367
650 584
650 258
650 772
650 970
650 884
650 849
650 9
650 220
650 563
650 597
650 488
650 163
650 226
650 111
651 597
651 5
651 485
651 826
651 397
651 980
651 258
651 579
651 878
651 137
651 154
651 975
651 629
651 865
651 398
651 437
651 968
651 691
651 943
651 185
652 7
652 440
652 814
652 982
652 901
652 491
652 513
652 914
652 274
652 662
652 208
652 883
652 809
652 721
652 892
652 148
652 50
652 590
652 272
652 886
653 240
653 444
653 920
653 501
653 26
653 778
653 871
653 215
653 547
653 76
653 538
653 399
653 936
653 369
653 281
653 144
653 4
653 348
653 572
653 59
654 230
654 888
654 715
654 755
654 932
654 950
654 623
654 899
654 396
654 460
654 636
654 978
654 519
654 865
654 6
654 615
654 457
654 421
654 604
654 994
655 910
655 86
655 785
655 144
655 796
655 114
655 976
655 366
655 490
655 770
655 685
655 204
655 585
655 944
655 418
655 852
655 583
655 952
655 392
655 45
656 399
656 561
656 812
656 811
656 467
656 501
656 744
656 167
656 76
656 237
656 131
656 379
656 910
656 4
656 434
656 253
656 165
656 572
656 11
656 416
657 757
657 21
657 722
657 507
657 738
657 784
657 969
657 235
657 643
657 307
657 711
657 435
657 10
657 521
657 19
657 890
657 746
657 25
657 706
657 732
658 182
658 463
658 261
658 888
658 393
658 458
658 198
658 832
658 552
658 568
658 531
658 519
658 203
658 705
658 941
658 748
658 928
658 271
658 429
658 992
659 894
659 793
659 61
659 873
659 488
659 877
659 916
659 549
659 497
659 214
659 782
659 225
659 286
659 0
659 882
659 609
659 46
659 299
659 802
659 239
660 960
660 631
660 480
660 589
660 175
660 885
660 951
660 243
660 362
660 723
660 77
660 293
660 338
660 327
660 190
660 3
660 206
660 405
660 765
660 17
661 954
661 656
661 222
661 127
661 532
661 467
661 917
661 856
661 253
661 4
661 612
661 344
661 840
661 949
661 861
661 502
661 593
661 639
661 714
661 444
662 216
662 963
662 606
662 2
662 558
662 815
662 381
662 674
662 814
662 274
662 780
662 272
662 640
662 297
662 56
662 288
662 567
662 548
662 595
662 481
663 611
663 815
663 50
663 91
663 969
663 151
663 440
663 116
663 909
663 246
663 513
663 931
663 781
663 75
663 507
663 515
663 640
663 208
663 567
663 303
664 680
664 259
664 465
664 426
664 264
664 573
664 976
664 922
664 448
664 667
664 446
664 470
664 172
664 891
664 841
664 252
664 895
664 153
664 553
664 544
665 704
665 601
665 574
665 407
665 670
665 190
665 775
665 199
665 879
665 940
665 867
665 385
665 480
665 854
665 506
665 368
665 405
665 839
665 539
665 233
666 690
666 360
666 49
666 150
666 487
666 556
666 554
666 601
666 255
666 879
666 574
666 368
666 58
666 868
666 269
666 311
666 940
666 270
666 486
666 469
667 23
667 839
667 356
667 150
667 957
667 287
667 102
667 249
667 940
667 190
667 666
667 487
667 956
667 925
667 775
667 66
667 195
667 486
667 186
667 539
668 928
668 610
668 759
668 568
668 626
668 986
668 817
668 953
668 994
668 436
668 409
668 907
668 624
668 495
668 429
668 210
668 630
668 787
668 230
668 559
669 394
669 185
669 442
669 739
669 804
669 457
669 154
669 872
669 755
669 865
669 766
669 579
669 736
669 189
669 6
669 282
669 968
669 884
669 87
669 994
670 988
670 845
670 273
670 174
670 353
670 851
670 327
670 181
670 236
670 206
670 3
670 749
670 51
670 679
670 155
670 20
670 631
670 310
670 769
670 965
671 594
671 167
671 621
671 85
671 573
671 770
671 63
671 798
671 937
671 47
671 786
671 449
671 193
671 509
671 45
671 97
671 237
671 557
671 684
671 133
672 161
672 593
672 399
672 378
672 60
672 260
672 908
672 547
672 692
672 59
672 379
672 281
672 714
672 576
672 713
672 413
672 789
672 920
672 778
672 240
673 748
673 503
673 510
673 371
673 724
673 939
673 429
673 460
673 832
673 682
673 803
673 762
673 456
673 495
673 787
673 984
673 927
673 179
673 582
673 668
674 10
674 588
674 527
674 643
674 33
674 780
674 227
674 998
674 781
674 809
674 738
674 799
674 526
674 947
674 700
674 979
674 65
674 275
674 171
674 50
675 774
675 277
675 544
675 263
675 571
675 948
675 196
675 153
675 533
675 581
675 666
675 426
675 891
675 24
675 895
675 285
675 801
675 326
675 922
675 197
676 666
676 537
676 483
676 619
676 758
676 98
676 465
676 578
676 487
676 386
676 518
676 385
676 879
676 24
676 143
676 717
676 90
676 13
676 343
676 999
677 135
677 329
677 643
677 95
677 80
677 522
677 231
677 857
677 890
677 844
677 375
677 151
677 10
677 558
677 330
677 72
677 722
677 805
677 33
677 227
678 354
678 116
678 974
678 771
678 164
678 491
678 415
678 523
678 2
678 558
678 548
678 737
678 91
678 649
678 481
678 613
678 914
678 677
678 611
678 288
679 647
679 851
679 491
679 961
679 43
679 78
679 300
679 155
679 613
679 617
679 168
679 541
679 590
679 983
679 520
679 88
679 187
679 99
679 580
679 708
680 196
680 922
680 571
680 339
680 555
680 533
680 666
680 420
680 12
680 96
680 24
680 162
680 113
680 735
680 343
680 543
680 483
680 528
680 619
680 801
681 345
681 61
681 971
681 516
681 609
681 689
681 877
681 562
681 699
681 0
681 218
681 92
681 244
681 225
681 28
681 453
681 71
681 793
681 861
681 549
682 31
682 373
682 198
682 820
682 610
682 863
682 404
682 950
682 6
682 309
682 461
682 748
682 134
682 460
682 986
682 791
682 696
682 906
682 756
682 182
683 402
683 549
683 32
683 305
683 401
683 344
683 0
683 346
683 28
683 127
683 591
683 661
683 453
683 599
683 535
683 298
683 916
683 268
683 894
683 378
684 322
684 944
684 680
684 995
684 114
684 976
684 64
684 800
684 450
684 454
684 85
684 528
684 585
684 284
684 648
684 973
684 165
684 332
684 184
684 193
685 948
685 976
685 439
685 259
685 952
685 973
685 97
685 45
685 204
685 85
685 86
685 193
685 350
685 693
685 924
685 64
685 747
685 160
685 291
685 664
686 992
686 773
686 41
686 242
686 559
686 673
686 524
686 42
686 918
686 371
686 463
686 458
686 953
686 791
686 696
686 510
686 929
686 762
686 630
686 848
687 259
687 184
687 800
687 55
687 796
687 561
687 130
687 213
687 211
687 439
687 573
687 64
687 165
687 30
687 952
687 205
687 204
687 585
687 935
687 45
688 124
688 324
688 51
688 89
688 459
688 807
688 103
688 115
688 425
688 168
688 327
688 475
688 942
688 874
688 67
688 843
688 466
688 885
688 236
688 482
689 268
689 225
689 372
689 502
689 299
689 46
689 320
689 535
689 934
689 244
689 214
689 488
689 829
689 916
689 827
689 896
689 223
689 514
689 731
689 238
690 146
690 660
690 58
690 574
690 900
690 854
690 925
690 556
690 545
690 102
690 469
690 150
690 311
690 893
690 839
690 764
690 903
690 601
690 616
690 867
691 743
691 806
691 659
691 239
691 384
691 996
691 419
691 46
691 299
691 508
691 877
691 52
691 745
691 488
691 587
691 430
691 793
691 0
691 525
691 471
692 561
692 788
692 592
692 59
692 205
692 211
692 770
692 752
692 551
692 86
692 291
692 800
692 144
692 783
692 952
692 887
692 64
692 240
692 207
692 8
693 255
693 290
693 166
693 761
693 777
693 102
693 999
693 764
693 143
693 335
693 816
693 925
693 343
693 483
693 170
693 740
693 162
693 24
693 113
693 891
694 85
694 264
694 528
694 801
694 18
694 490
694 332
694 138
694 964
694 735
694 529
694 533
694 680
694 197
694 12
694 530
694 543
694 693
694 90
694 995
695 355
695 681
695 968
695 806
695 87
695 725
695 605
695 739
695 256
695 396
695 370
695 218
695 497
695 220
695 451
695 623
695 372
695 476
695 185
695 226
696 928
696 978
696 542
696 503
696 36
696 380
696 203
696 569
696 787
696 626
696 473
696 134
696 559
696 759
696 477
696 436
696 568
696 870
696 938
696 189
697 658
697 219
697 69
697 668
697 72
697 848
697 422
697 128
697 182
697 336
697 682
697 495
697 271
697 325
697 393
697 696
697 510
697 312
697 22
697 479
698 678
698 645
698 88
698 70
698 247
698 221
698 482
698 600
698 202
698 708
698 187
698 2
698 580
698 78
698 997
698 966
698 56
698 595
698 428
698 236
699 628
699 112
699 576
699 550
699 656
699 535
699 871
699 672
699 936
699 532
699 949
699 346
699 653
699 347
699 305
699 119
699 351
699 320
699 729
699 714
700 408
700 837
700 462
700 784
700 844
700 276
700 730
700 522
700 169
700 697
700 945
700 325
700 857
700 105
700 363
700 864
700 279
700 33
700 521
700 191
701 123
701 407
701 764
701 170
701 537
701 554
701 977
701 925
701 376
701 360
701 767
701 880
701 545
701 667
701 704
701 356
701 385
701 27
701 690
701 893
702 941
702 787
702 229
702 724
702 242
702 635
702 42
702 210
702 751
702 817
702 762
702 69
702 359
702 158
702 371
702 823
702 559
702 906
702 673
702 22
703 437
703 185
703 411
703 421
703 597
703 739
703 932
703 121
703 768
703 394
703 106
703 804
703 623
703 398
703 406
703 902
703 189
703 604
703 797
703 968
704 155
704 374
704 150
704 77
704 486
704 126
704 16
704 278
704 249
704 186
704 405
704 589
704 313
704 679
704 358
704 769
704 206
704 58
704 327
704 190
705 615
705 907
705 759
705 183
705 230
705 568
705 524
705 994
705 928
705 582
705 200
705 432
705 503
705 176
705 152
705 927
705 409
705 748
705 461
705 203
706 930
706 864
706 422
706 142
706 658
706 962
706 441
706 276
706 359
706 117
706 510
706 279
706 438
706 742
706 846
706 992
706 136
706 120
706 712
706 22
707 172
707 194
707 232
707 800
707 586
707 796
707 533
707 676
707 680
707 365
707 162
707 68
707 418
707 581
707 339
707 85
707 291
707 933
707 841
707 392
708 481
708 319
708 303
708 478
708 979
708 324
708 536
708 590
708 967
708 709
708 216
708 625
708 710
708 164
708 428
708 317
708 595
708 881
708 652
708 513
709 513
709 381
709 595
709 523
709 536
709 754
709 876
709 208
709 588
709 515
709 164
709 301
709 771
709 677
709 982
709 247
709 21
709 881
709 969
709 892
710 558
710 754
710 649
710 381
710 246
710 889
710 493
710 987
710 297
710 746
710 317
710 771
710 536
710 914
710 93
710 329
710 288
710 330
710 307
710 440
711 702
711 145
711 336
711 441
711 837
711 730
711 314
711 658
711 860
711 136
711 279
711 254
711 603
711 722
711 104
711 109
711 191
711 438
711 423
711 992
712 182
712 773
712 109
712 927
712 630
712 992
712 380
712 610
712 22
712 848
712 104
712 42
712 762
712 906
712 179
712 923
712 198
712 118
712 569
712 531
713 86
713 811
713 97
713 122
713 646
713 671
713 449
713 341
713 291
713 557
713 207
713 64
713 364
713 752
713 388
713 63
713 204
713 952
713 165
713 193
714 908
714 4
714 547
714 561
714 215
714 564
714 620
714 26
714 811
714 298
714 253
714 351
714 612
714 260
714 139
714 156
714 871
714 416
714 205
714 281
715 618
715 451
715 173
715 29
715 163
715 289
715 772
715 121
715 367
715 768
715 584
715 52
715 681
715 256
715 739
715 650
715 464
715 902
715 716
715 226
716 877
716 0
716 370
716 549
716 296
716 996
716 902
716 302
716 819
716 826
716 218
716 488
716 508
716 627
716 525
716 256
716 739
716 9
716 497
716 52
717 758
717 113
717 186
717 940
717 795
717 233
717 518
717 195
717 556
717 893
717 665
717 506
717 448
717 368
717 574
717 999
717 445
717 767
717 483
717 487
718 659
718 638
718 419
718 827
718 731
718 535
718 289
718 244
718 305
718 856
718 882
718 829
718 430
718 824
718 238
718 618
718 159
718 514
718 605
718 239
719 718
719 220
719 250
719 256
719 739
719 173
719 975
719 226
719 970
719 623
719 716
719 766
719 695
719 411
719 681
719 391
719 691
719 899
719 387
719 932
720 957
720 801
720 339
720 157
720 277
720 616
720 891
720 540
720 452
720 343
720 252
720 912
720 925
720 993
720 386
720 544
720 518
720 337
720 255
720 420
721 354
721 297
721 108
721 246
721 963
721 381
721 316
721 657
721 447
721 548
721 844
721 415
721 780
721 567
721 330
721 438
721 738
721 515
721 644
721 251
722 120
722 84
722 363
722 724
722 229
722 169
722 109
722 986
722 734
722 779
722 254
722 198
722 962
722 697
722 140
722 304
722 182
722 730
722 242
722 489
723 175
723 500
723 662
723 580
723 181
723 960
723 20
723 324
723 482
723 981
723 709
723 228
723 790
723 202
723 459
723 965
723 216
723 955
723 698
723 103
724 820
724 432
724 282
724 705
724 984
724 906
724 626
724 950
724 797
724 986
724 373
724 503
724 636
724 429
724 31
724 669
724 152
724 323
724 479
724 189
725 286
725 902
725 608
725 718
725 637
725 262
725 52
725 476
725 504
725 827
725 340
725 400
725 299
725 46
725 239
725 218
725 689
725 563
725 220
725 62
726 684
726 800
726 211
726 792
726 910
726 747
726 944
726 332
726 291
726 592
726 193
726 139
726 694
726 557
726 130
726 418
726 97
726 675
726 490
726 366
727 610
727 817
727 210
727 69
727 654
727 803
727 104
727 524
727 741
727 120
727 938
727 569
727 791
727 503
727 458
727 823
727 848
727 380
727 635
727 182
728 360
728 717
728 893
728 764
728 265
728 98
728 195
728 386
728 385
728 287
728 199
728 854
728 666
728 816
728 880
728 801
728 667
728 581
728 616
728 634
729 131
729 620
729 850
729 467
729 501
729 763
729 156
729 213
729 612
729 924
729 399
729 788
729 434
729 449
729 167
729 257
729 357
729 547
729 215
729 852
730 582
730 832
730 986
730 727
730 182
730 927
730 120
730 309
730 635
730 429
730 751
730 325
730 510
730 686
730 69
730 441
730 831
730 158
730 668
730 479
731 444
731 813
731 260
731 348
731 11
731 713
731 920
731 789
731 467
731 612
731 692
731 215
731 639
731 729
731 641
731 550
731 620
731 564
731 591
731 15
732 779
732 242
732 74
732 229
732 169
732 135
732 941
732 117
732 359
732 408
732 158
732 433
732 210
732 198
732 742
732 834
732 261
732 458
732 363
732 919
733 616
733 553
733 12
733 192
733 448
733 196
733 537
733 634
733 891
733 24
733 123
733 581
733 264
733 767
733 619
733 35
733 311
733 880
733 717
733 893
734 817
734 359
734 762
734 104
734 898
734 773
734 203
734 140
734 848
734 962
734 495
734 552
734 632
734 938
734 603
734 74
734 479
734 183
734 906
734 668
735 450
735 277
735 448
735 544
735 292
735 157
735 634
735 166
735 360
735 733
735 426
735 196
735 540
735 180
735 24
735 999
735 12
735 728
735 529
735 948
736 37
736 878
736 627
736 766
736 739
736 563
736 220
736 121
736 946
736 52
736 826
736 5
736 173
736 289
736 605
736 342
736 107
736 689
736 355
736 884
737 297
737 440
737 909
737 606
737 914
737 780
737 44
737 288
737 567
737 527
737 536
737 319
737 212
737 415
737 548
737 974
737 931
737 301
737 75
737 982
738 136
738 809
738 375
738 862
738 231
738 234
738 567
738 330
738 390
738 149
738 757
738 558
738 560
738 25
738 316
738 711
738 746
738 65
738 836
738 427
739 772
739 535
739 92
739 370
739 296
739 488
739 897
739 28
739 125
739 718
739 173
739 225
739 377
739 476
739 305
739 946
739 430
739 549
739 782
739 971
740 483
740 940
740 98
740 195
740 977
740 360
740 704
740 554
740 922
740 867
740 326
740 264
740 374
740 386
740 23
740 957
740 465
740 839
740 666
740 294
741 404
741 31
741 906
741 696
741 941
741 748
741 635
741 559
741 203
741 569
741 669
741 820
741 923
741 872
741 703
741 651
741 524
741 183
741 477
741 432
742 791
742 404
742 179
742 94
742 182
742 458
742 938
742 941
742 748
742 848
742 219
742 773
742 610
742 682
742 460
742 986
742 309
742 630
742 654
742 456
743 871
743 38
743 882
743 661
743 917
743 333
743 570
743 894
743 298
743 92
743 413
743 177
743 856
743 351
743 628
743 813
743 599
743 39
743 656
743 32
744 648
744 63
744 369
744 167
744 671
744 935
744 786
744 416
744 165
744 30
744 561
744 547
744 498
744 783
744 399
744 207
744 920
744 291
744 130
744 193
745 672
745 112
745 949
745 608
745 638
745 760
745 789
745 532
745 782
745 298
745 351
745 125
745 209
745 344
745 345
745 223
745 873
745 535
745 599
745 714
746 283
746 279
746 105
746 462
746 304
746 822
746 864
746 145
746 919
746 831
746 136
746 860
746 435
746 711
746 80
746 734
746 423
746 962
746 522
746 730
747 259
747 446
747 343
747 365
747 197
747 995
747 470
747 948
747 664
747 306
747 153
747 266
747 586
747 825
747 774
747 993
747 166
747 676
747 285
747 976
748 106
748 432
748 756
748 888
748 715
748 542
748 803
748 282
748 820
748 604
748 753
748 928
748 623
748 41
748 907
748 94
748 154
748 226
748 939
748 980
749 678
749 362
749 988
749 202
749 272
749 466
749 814
749 866
749 67
749 577
749 886
749 966
749 633
749 892
749 56
749 915
749 124
749 43
749 175
749 78
750 117
750 668
750 734
750 834
750 435
750 22
750 325
750 632
750 312
750 776
750 822
750 120
750 462
750 95
750 234
750 732
750 109
750 108
750 304
750 552
751 242
751 271
751 179
751 727
751 380
751 109
751 602
751 328
751 120
751 938
751 69
751 534
751 832
751 147
751 229
751 748
751 941
751 118
751 433
751 210
752 18
752 85
752 880
752 540
752 446
752 586
752 157
752 252
752 728
752 976
752 285
752 796
752 533
752 841
752 676
752 680
752 153
752 332
752 735
752 426
753 485
753 398
753 978
753 899
753 451
753 985
753 461
753 939
753 911
753 943
753 134
753 94
753 651
753 460
753 804
753 872
753 725
753 756
753 759
753 636
754 231
754 65
754 649
754 354
754 100
754 307
754 738
754 780
754 44
754 129
754 21
754 171
754 567
754 329
754 116
754 105
754 523
754 546
754 93
754 507
755 739
755 772
755 391
755 968
755 989
755 508
755 627
755 414
755 484
755 163
755 637
755 154
755 29
755 978
755 5
755 623
755 806
755 902
755 396
755 340
756 29
756 421
756 442
756 968
756 985
756 928
756 394
756 406
756 398
756 36
756 863
756 94
756 189
756 853
756 477
756 473
756 267
756 396
756 409
756 804
757 330
757 135
757 234
757 945
757 734
757 304
757 235
757 227
757 95
757 462
757 169
757 836
757 864
757 241
757 316
757 822
757 846
757 53
757 312
757 834
758 926
758 601
758 66
758 374
758 940
758 294
758 480
758 206
758 828
758 287
758 921
758 389
758 186
758 233
758 575
758 631
758 410
758 313
758 293
758 854
759 932
759 373
759 703
759 905
759 189
759 421
759 226
759 950
759 511
759 121
759 863
759 36
759 81
759 6
759 451
759 978
759 994
759 106
759 716
759 629
760 729
760 345
760 268
760 92
760 346
760 223
760 82
760 39
760 871
760 593
760 882
760 936
760 821
760 512
760 76
760 161
760 908
760 699
760 743
760 112
761 35
761 192
761 556
761 999
761 506
761 810
761 518
761 839
761 266
761 879
761 717
761 690
761 420
761 255
761 868
761 452
761 487
761 356
761 265
761 326
762 559
762 953
762 863
762 267
762 705
762 81
762 820
762 797
762 94
762 832
762 534
762 406
762 524
762 189
762 938
762 626
762 568
762 461
762 176
762 872
763 130
763 792
763 8
763 496
763 45
763 685
763 648
763 395
763 139
763 318
763 561
763 671
763 621
763 63
763 204
763 937
763 379
763 454
763 86
763 68
764 942
764 810
764 486
764 389
764 424
764 290
764 13
764 115
764 688
764 192
764 903
764 338
764 248
764 631
764 249
764 89
764 670
764 361
764 854
764 767
765 482
765 425
765 221
765 70
765 228
765 814
765 886
765 3
765 88
765 633
765 216
765 866
765 698
765 310
765 565
765 625
765 324
765 174
765 245
765 652
766 220
766 499
766 377
766 913
766 476
766 345
766 132
766 827
766 453
766 62
766 414
766 497
766 163
766 38
766 262
766 878
766 819
766 689
766 305
766 355
767 186
767 192
767 293
767 356
767 66
767 382
767 893
767 385
767 23
767 900
767 574
767 842
767 506
767 926
767 589
767 313
767 278
767 338
767 775
767 828
768 28
768 132
768 71
768 34
768 411
768 739
768 877
768 689
768 258
768 476
768 827
768 349
768 218
768 345
768 286
768 718
768 516
768 387
768 488
768 111
769 475
769 331
769 983
769 708
769 155
769 960
769 478
769 338
769 951
769 54
769 273
769 324
769 480
769 965
769 124
769 942
769 874
769 790
769 843
769 855
770 454
770 944
770 952
770 964
770 332
770 64
770 583
770 160
770 47
770 392
770 335
770 322
770 533
770 143
770 530
770 747
770 540
770 18
770 818
770 694
771 329
771 235
771 40
771 738
771 836
771 945
771 435
771 757
771 381
771 546
771 390
771 363
771 864
771 251
771 560
771 208
771 526
771 876
771 706
771 275
772 806
772 464
772 718
772 608
772 430
772 745
772 504
772 384
772 414
772 497
772 214
772 793
772 488
772 471
772 508
772 897
772 62
772 959
772 946
772 0
773 630
773 939
773 636
773 31
773 622
773 519
773 787
773 705
773 495
773 669
773 542
773 456
773 282
773 958
773 158
773 134
773 559
773 182
773 432
773 267
774 386
774 665
774 102
774 358
774 360
774 199
774 27
774 483
774 270
774 233
774 311
774 452
774 810
774 634
774 337
774 180
774 518
774 554
774 922
774 666
775 293
775 150
775 965
775 445
775 810
775 951
775 243
775 66
775 308
775 115
775 868
775 633
775 295
775 688
775 358
775 698
775 769
775 808
775 368
775 405
776 632
776 147
776 817
776 210
776 673
776 929
776 559
776 534
776 458
776 140
776 779
776 848
776 328
776 918
776 120
776 359
776 992
776 552
776 724
776 229
777 891
777 334
777 98
777 360
777 529
777 196
777 553
777 448
777 758
777 170
777 452
777 733
777 180
777 337
777 596
777 290
777 483
777 35
777 767
777 14
778 607
778 952
778 547
778 139
778 63
778 240
778 594
778 64
778 133
778 144
778 15
778 211
778 86
778 726
778 205
778 655
778 692
778 379
778 937
778 59
779 524
779 219
779 569
779 495
779 791
779 918
779 147
779 632
779 403
779 724
779 696
779 673
779 953
779 436
779 22
779 610
779 602
779 422
779 823
779 134
780 276
780 44
780 100
780 799
780 857
780 784
780 224
780 435
780 711
780 145
780 548
780 25
780 21
780 864
780 279
780 914
780 251
780 526
780 275
780 105
781 931
781 438
781 507
781 844
781 523
781 275
781 558
781 141
781 129
781 100
781 876
781 515
781 164
781 208
781 526
781 297
781 235
781 644
781 227
781 780
782 177
782 401
782 76
782 11
782 498
782 904
782 829
782 257
782 32
782 566
782 896
782 119
782 351
782 612
782 894
782 416
782 871
782 954
782 628
782 564
783 47
783 322
783 747
783 184
783 434
783 193
783 572
783 924
783 395
783 284
783 607
783 490
783 64
783 792
783 976
783 439
783 895
783 952
783 45
783 675
784 730
784 242
784 435
784 552
784 848
784 712
784 198
784 441
784 702
784 147
784 741
784 458
784 241
784 158
784 727
784 734
784 823
784 776
784 822
784 433
785 47
785 707
785 646
785 490
785 366
785 184
785 607
785 952
785 207
785 583
785 157
785 800
785 586
785 825
785 544
785 528
785 585
785 365
785 798
785 937
786 944
786 533
786 364
786 450
786 45
786 97
786 792
786 207
786 592
786 583
786 937
786 530
786 735
786 509
786 194
786 496
786 924
786 332
786 204
786 585
787 817
787 604
787 624
787 81
787 176
787 756
787 230
787 905
787 859
787 753
787 73
787 371
787 282
787 669
787 872
787 610
787 863
787 615
787 503
787 406
788 130
788 204
788 8
788 449
788 671
788 366
788 365
788 57
788 59
788 573
788 952
788 509
788 205
788 852
788 572
788 664
788 45
788 55
788 144
788 561
789 813
789 811
789 547
789 209
789 612
789 713
789 538
789 570
789 222
789 639
789 858
789 778
789 512
789 763
789 692
789 378
789 260
789 936
789 431
789 11
790 886
790 881
790 580
790 171
790 247
790 536
790 129
790 440
790 116
790 754
790 100
790 148
790 677
790 297
790 640
790 527
790 967
790 710
790 662
790 889
791 31
791 524
791 323
791 610
791 923
791 200
791 152
791 226
791 755
791 650
791 669
791 978
791 984
791 579
791 604
791 179
791 484
791 980
791 511
791 626
792 571
792 675
792 573
792 948
792 366
792 586
792 800
792 143
792 796
792 619
792 528
792 583
792 680
792 818
792 96
792 418
792 322
792 263
792 450
792 197
793 840
793 268
793 971
793 877
793 824
793 32
793 504
793 934
793 28
793 802
793 550
793 990
793 346
793 861
793 502
793 916
793 298
793 402
793 378
793 894
794 947
794 815
794 987
794 151
794 481
794 710
794 247
794 914
794 613
794 301
794 50
794 515
794 297
794 640
794 982
794 901
794 317
794 805
794 440
794 116
795 243
795 617
795 631
795 405
795 565
795 843
795 960
795 988
795 417
795 723
795 58
795 3
795 828
795 51
795 688
795 875
795 383
795 89
795 202
795 54
796 922
796 964
796 252
796 675
796 619
796 232
796 332
796 530
796 533
796 446
796 47
796 420
796 596
796 728
796 96
796 90
796 335
796 717
796 774
796 172
797 250
797 397
797 719
797 715
797 262
797 989
797 932
797 342
797 81
797 37
797 968
797 755
797 627
797 220
797 598
797 736
797 442
797 457
797 370
797 5
798 995
798 392
798 964
798 162
798 948
798 322
798 680
798 138
798 735
798 675
798 252
798 172
798 35
798 85
798 339
798 446
798 586
798 470
798 533
798 143
799 234
799 72
799 283
799 890
799 831
799 919
799 862
799 836
799 141
799 375
799 730
799 142
799 722
799 93
799 53
799 65
799 329
799 145
799 178
799 105
800 816
800 774
800 392
800 701
800 332
800 895
800 761
800 777
800 533
800 796
800 693
800 540
800 232
800 263
800 337
800 583
800 14
800 675
800 252
800 321
801 867
801 407
801 880
801 170
801 24
801 420
801 49
801 264
801 616
801 192
801 360
801 483
801 270
801 925
801 774
801 767
801 23
801 506
801 912
801 581
802 351
802 856
802 177
802 517
802 305
802 444
802 223
802 61
802 641
802 76
802 564
802 639
802 209
802 829
802 672
802 699
802 4
802 535
802 215
802 729
803 432
803 950
803 118
803 943
803 185
803 654
803 669
803 29
803 985
803 994
803 409
803 804
803 923
803 442
803 650
803 629
803 622
803 755
803 939
803 870
804 849
804 598
804 975
804 718
804 766
804 899
804 154
804 511
804 833
804 398
804 911
804 250
804 826
804 414
804 878
804 137
804 943
804 185
804 377
804 5
805 722
805 427
805 857
805 40
805 844
805 145
805 991
805 44
805 231
805 864
805 522
805 438
805 330
805 750
805 700
805 279
805 732
805 178
805 447
805 643
806 514
806 159
806 897
806 745
806 52
806 173
806 46
806 28
806 244
806 549
806 296
806 289
806 873
806 833
806 793
806 760
806 320
806 877
806 163
806 934
807 164
807 216
807 520
807 307
807 481
807 171
807 613
807 352
807 738
807 590
807 536
807 523
807 625
807 500
807 967
807 709
807 580
807 459
807 947
807 600
808 580
808 645
808 851
808 303
808 807
808 794
808 236
808 500
808 383
808 245
808 838
808 617
808 48
808 67
808 353
808 362
808 709
808 3
808 482
808 101
809 40
809 145
809 702
809 846
809 21
809 363
809 836
809 141
809 234
809 862
809 10
809 142
809 822
809 711
809 700
809 435
809 746
809 876
809 546
809 644
810 808
810 327
810 475
810 589
810 146
810 997
810 679
810 295
810 417
810 278
810 187
810 842
810 574
810 66
810 960
810 486
810 749
810 575
810 67
810 480
811 114
811 449
811 687
811 8
811 694
811 30
811 924
811 796
811 646
811 910
811 648
811 45
811 792
811 887
811 583
811 585
811 63
811 770
811 388
811 193
812 786
812 156
812 572
812 379
812 620
812 399
812 213
812 211
812 280
812 792
812 341
812 130
812 671
812 614
812 15
812 205
812 350
812 648
812 318
812 547
813 713
813 211
813 416
813 260
813 139
813 347
813 924
813 213
813 612
813 434
813 744
813 379
813 641
813 561
813 726
813 449
813 11
813 692
813 201
813 63
814 643
814 212
814 799
814 116
814 987
814 303
814 56
814 164
814 352
814 216
814 354
814 415
814 527
814 771
814 288
814 100
814 876
814 558
814 780
814 998
815 526
815 643
815 931
815 25
815 100
815 141
815 822
815 93
815 771
815 515
815 44
815 862
815 329
815 145
815 606
815 142
815 493
815 390
815 963
815 809
816 334
816 90
816 326
816 27
816 704
816 660
816 893
816 690
816 13
816 123
816 665
816 264
816 266
816 880
816 977
816 192
816 740
816 667
816 553
816 922
817 81
817 719
817 927
817 559
817 176
817 610
817 899
817 907
817 484
817 888
817 461
817 980
817 432
817 756
817 872
817 654
817 669
817 994
817 106
817 436
818 360
818 407
818 545
818 420
818 506
818 616
818 123
818 269
818 543
818 27
818 334
818 957
818 940
818 24
818 740
818 891
818 277
818 666
818 816
818 767
819 934
819 549
819 71
819 971
819 512
819 499
819 802
819 32
819 683
819 599
819 661
819 959
819 132
819 954
819 743
819 830
819 320
819 214
819 917
819 239
820 457
820 604
820 637
820 477
820 5
820 826
820 703
820 394
820 865
820 36
820 598
820 736
820 137
820 627
820 985
820 629
820 943
820 669
820 258
820 37
821 699
821 112
821 609
821 512
821 320
821 82
821 492
821 829
821 714
821 61
821 110
821 348
821 593
821 11
821 576
821 904
821 639
821 268
821 351
821 856
822 433
822 42
822 635
822 495
822 219
822 69
822 834
822 1
822 135
822 898
822 363
822 241
822 158
822 658
822 741
822 673
822 831
822 929
822 458
822 283
823 534
823 791
823 542
823 756
823 559
823 787
823 615
823 984
823 371
823 626
823 203
823 863
823 610
823 635
823 928
823 654
823 832
823 907
823 820
823 918
824 789
824 416
824 260
824 894
824 564
824 714
824 538
824 656
824 936
824 344
824 492
824 209
824 653
824 351
824 333
824 253
824 778
824 692
824 638
824 348
825 14
825 494
825 285
825 676
825 740
825 162
825 376
825 818
825 922
825 693
825 335
825 452
825 571
825 448
825 143
825 138
825 180
825 555
825 761
825 528
826 132
826 262
826 471
826 430
826 497
826 214
826 414
826 691
826 946
826 453
826 163
826 159
826 766
826 225
826 5
826 971
826 806
826 250
826 296
826 516
827 349
827 127
827 916
827 683
827 453
827 346
827 642
827 514
827 745
827 378
827 599
827 959
827 225
827 638
827 112
827 873
827 400
827 209
827 344
827 305
828 482
828 206
828 575
828 988
828 942
828 670
828 245
828 749
828 361
828 99
828 187
828 66
828 175
828 313
828 769
828 155
828 469
828 353
828 338
828 577
829 566
829 593
829 333
829 789
829 532
829 538
829 813
829 714
829 612
829 217
829 731
829 378
829 894
829 954
829 351
829 39
829 620
829 628
829 564
829 209
830 517
830 858
830 205
830 812
830 887
830 653
830 32
830 110
830 936
830 209
830 39
830 4
830 416
830 920
830 76
830 401
830 641
830 379
830 591
830 15
831 724
831 328
831 140
831 456
831 727
831 74
831 271
831 371
831 848
831 930
831 552
831 696
831 742
831 632
831 403
831 941
831 938
831 336
831 210
831 22
832 953
832 604
832 409
832 872
832 899
832 715
832 463
832 859
832 373
832 950
832 797
832 888
832 654
832 669
832 189
832 985
832 282
832 81
832 791
832 863
833 793
833 299
833 824
833 400
833 372
833 990
833 782
833 305
833 877
833 349
833 618
833 959
833 471
833 535
833 683
833 61
833 244
833 743
833 897
833 562
834 741
834 848
834 658
834 371
834 724
834 992
834 632
834 552
834 441
834 42
834 104
834 779
834 312
834 927
834 210
834 203
834 682
834 569
834 817
834 791
835 175
835 883
835 640
835 600
835 981
835 855
835 998
835 228
835 866
835 67
835 580
835 513
835 961
835 974
835 889
835 595
835 874
835 383
835 475
835 88
836 521
836 40
836 784
836 862
836 712
836 117
836 962
836 526
836 857
836 227
836 363
836 727
836 283
836 746
836 105
836 53
836 447
836 108
836 80
836 546
837 898
837 474
837 312
837 53
837 929
837 120
837 229
837 458
837 919
837 779
837 22
837 823
837 930
837 991
837 658
837 210
837 918
837 890
837 191
837 632
838 171
838 886
838 966
838 889
838 998
838 590
838 883
838 91
838 790
838 652
838 440
838 507
838 982
838 781
838 425
838 164
838 674
838 274
838 319
838 663
839 926
839 126
839 921
839 412
839 769
839 368
839 868
839 54
839 243
839 101
839 48
839 23
839 688
839 810
839 867
839 574
839 900
839 556
839 410
839 338
840 110
840 714
840 655
840 217
840 209
840 201
840 59
840 570
840 341
840 112
840 576
840 60
840 547
840 205
840 653
840 11
840 348
840 641
840 379
840 30
841 170
841 540
841 555
841 180
841 102
841 728
841 143
841 385
841 518
841 334
841 326
841 977
841 162
841 666
841 619
841 264
841 232
841 665
841 166
841 197
842 855
842 310
842 961
842 101
842 617
842 475
842 428
842 353
842 324
842 631
842 54
842 942
842 425
842 16
842 228
842 965
842 885
842 51
842 915
842 769
843 324
843 101
843 723
843 749
843 577
843 633
843 790
843 228
843 155
843 835
843 428
843 886
843 997
843 17
843 410
843 272
843 708
843 187
843 698
843 988
844 423
844 19
844 117
844 427
844 142
844 363
844 727
844 847
844 283
844 276
844 711
844 227
844 560
844 857
844 697
844 74
844 80
844 474
844 722
844 136
845 983
845 709
845 70
845 838
845 466
845 998
845 807
845 428
845 663
845 625
845 181
845 590
845 228
845 892
845 883
845 652
845 7
845 174
845 710
845 124
846 906
846 479
846 408
846 104
846 178
846 309
846 436
846 169
846 489
846 242
846 198
846 456
846 147
846 534
846 140
846 325
846 42
846 696
846 254
846 603
847 864
847 242
847 784
847 104
847 359
847 251
847 283
847 271
847 697
847 25
847 84
847 822
847 779
847 178
847 390
847 254
847 732
847 120
847 673
847 919
848 741
848 559
848 630
848 203
848 503
848 495
848 923
848 552
848 696
848 152
848 762
848 393
848 636
848 31
848 654
848 669
848 531
848 404
848 958
848 756
849 989
849 739
849 525
849 508
849 598
849 878
849 504
849 476
849 79
849 29
849 299
849 975
849 499
849 411
849 766
849 716
849 342
849 34
849 289
849 391
850 63
850 454
850 418
850 583
850 332
850 205
850 572
850 944
850 551
850 144
850 55
850 786
850 8
850 685
850 133
850 796
850 783
850 607
850 561
850 747
851 892
851 124
851 67
851 866
851 663
851 513
851 83
851 955
851 236
851 520
851 383
851 966
851 678
851 855
851 3
851 886
851 595
851 536
851 78
851 175
852 707
852 68
852 184
852 530
852 130
852 204
852 490
852 57
852 496
852 607
852 291
852 284
852 388
852 572
852 664
852 800
852 259
852 937
852 798
852 47
853 968
853 226
853 220
853 772
853 299
853 975
853 598
853 878
853 256
853 370
853 884
853 833
853 107
853 296
853 597
853 584
853 262
853 716
853 111
853 29
854 574
854 54
854 115
854 338
854 353
854 146
854 310
854 480
854 16
854 168
854 248
854 688
854 851
854 361
854 3
854 868
854 190
854 313
854 660
854 589
855 645
855 181
855 737
855 466
855 790
855 814
855 613
855 481
855 674
855 236
855 947
855 324
855 889
855 983
855 915
855 491
855 955
855 663
855 754
855 2
856 11
856 131
856 936
856 253
856 714
856 281
856 904
856 379
856 82
856 32
856 566
856 656
856 76
856 333
856 161
856 532
856 920
856 402
856 444
856 840
857 702
857 254
857 314
857 435
857 462
857 140
857 53
857 325
857 109
857 191
857 474
857 732
857 359
857 117
857 846
857 991
857 443
857 84
857 433
857 776
858 496
858 395
858 707
858 205
858 687
858 850
858 671
858 811
858 57
858 887
858 60
858 193
858 213
858 188
858 68
858 341
858 592
858 952
858 434
858 646
859 833
859 79
859 397
859 605
859 226
859 508
859 185
859 913
859 173
859 394
859 355
859 37
859 598
859 430
859 367
859 650
859 220
859 370
859 584
859 262
860 229
860 462
860 359
860 309
860 182
860 817
860 702
860 682
860 918
860 930
860 436
860 534
860 603
860 906
860 673
860 312
860 474
860 433
860 495
860 271
861 416
861 517
861 431
861 39
861 829
861 894
861 333
861 223
861 672
861 348
861 813
861 566
861 639
861 904
861 127
861 217
861 564
861 612
861 110
861 714
862 359
862 312
862 169
862 784
862 304
862 644
862 846
862 945
862 254
862 84
862 95
862 847
862 462
862 423
862 336
862 135
862 149
862 1
862 21
862 279
863 9
863 6
863 432
863 975
863 669
863 615
863 650
863 79
863 226
863 755
863 29
863 396
863 719
863 899
863 715
863 629
863 716
863 968
863 637
863 230
864 84
864 779
864 140
864 930
864 560
864 697
864 359
864 117
864 336
864 603
864 433
864 727
864 730
864 522
864 128
864 422
864 831
864 673
864 919
864 147
865 902
865 79
865 111
865 355
865 437
865 689
865 819
865 623
865 525
865 472
865 185
865 397
865 87
865 718
865 913
865 968
865 637
865 154
865 9
865 932
866 536
866 567
866 303
866 901
866 781
866 738
866 710
866 721
866 987
866 677
866 216
866 807
866 317
866 979
866 78
866 881
866 272
866 50
866 794
866 674
867 17
867 556
867 313
867 293
867 243
867 233
867 186
867 273
867 48
867 835
867 972
867 670
867 58
867 206
867 808
867 368
867 405
867 617
867 248
867 150
868 851
868 89
868 126
868 368
868 77
868 412
868 310
868 327
868 410
868 383
868 795
868 942
868 115
868 48
868 101
868 903
868 445
868 835
868 575
868 688
869 455
869 100
869 847
869 606
869 136
869 677
869 116
869 33
869 224
869 567
869 19
869 857
869 799
869 548
869 164
869 438
869 644
869 588
869 10
869 307
870 137
870 968
870 911
870 622
870 220
870 739
870 768
870 980
870 604
870 826
870 9
870 176
870 396
870 884
870 943
870 477
870 637
870 355
870 437
870 472
871 924
871 547
871 850
871 620
871 887
871 852
871 177
871 648
871 812
871 86
871 811
871 813
871 130
871 110
871 139
871 217
871 15
871 655
871 763
871 357
872 604
872 623
872 189
872 437
872 200
872 975
872 394
872 421
872 766
872 511
872 865
872 911
872 230
872 256
872 739
872 484
872 579
872 772
872 367
872 398
873 344
873 840
873 570
873 538
873 444
873 38
873 593
873 731
873 346
873 514
873 861
873 813
873 244
873 917
873 821
873 916
873 347
873 320
873 32
873 656
874 657
874 998
874 781
874 317
874 595
874 319
874 171
874 50
874 814
874 625
874 246
874 567
874 7
874 974
874 678
874 979
874 807
874 737
874 491
874 56
875 20
875 99
875 965
875 428
875 243
875 175
875 647
875 17
875 835
875 236
875 679
875 577
875 843
875 51
875 70
875 921
875 101
875 202
875 324
875 48
876 711
876 330
876 53
876 560
876 169
876 919
876 427
876 359
876 325
876 526
876 846
876 746
876 962
876 314
876 546
876 722
876 312
876 21
876 730
876 776
877 570
877 591
877 549
877 904
877 348
877 609
877 532
877 917
877 628
877 971
877 161
877 871
877 82
877 653
877 745
877 38
877 821
877 916
877 638
877 401
878 239
878 384
878 802
878 46
878 34
878 661
878 488
878 587
878 683
878 996
878 414
878 218
878 132
878 861
878 718
878 535
878 699
878 946
878 372
878 377
879 480
879 186
879 469
879 556
879 868
879 942
879 150
879 957
879 13
879 926
879 192
879 358
879 368
879 23
879 115
879 338
879 828
879 385
879 575
879 243
880 407
880 922
880 601
880 868
880 518
880 23
880 717
880 553
880 839
880 578
880 49
880 977
880 704
880 123
880 269
880 555
880 233
880 311
880 343
880 452
881 275
881 319
881 721
881 171
881 75
881 329
881 857
881 352
881 231
881 548
881 979
881 781
881 757
881 527
881 149
881 963
881 836
881 876
881 100
881 909
882 856
882 268
882 954
882 871
882 257
882 112
882 413
882 949
882 656
882 32
882 15
882 908
882 858
882 4
882 639
882 348
882 502
882 110
882 76
882 401
883 886
883 754
883 987
883 889
883 580
883 809
883 794
883 272
883 493
883 590
883 901
883 527
883 352
883 354
883 319
883 678
883 303
883 869
883 208
883 500
884 289
884 877
884 739
884 342
884 299
884 683
884 996
884 608
884 0
884 946
884 453
884 111
884 414
884 659
884 132
884 79
884 499
884 367
884 387
884 497
885 662
885 103
885 595
885 967
885 625
885 640
885 466
885 175
885 78
885 997
885 678
885 652
885 7
885 202
885 577
885 2
885 319
885 181
885 475
885 674
886 354
886 889
886 869
886 771
886 50
886 674
886 246
886 809
886 721
886 892
886 2
886 580
886 536
886 513
886 640
886 500
886 75
886 955
886 272
886 998
887 55
887 800
887 86
887 664
887 364
887 291
887 496
887 583
887 211
887 365
887 237
887 395
887 501
887 796
887 399
887 655
887 366
887 557
887 205
887 379
888 978
888 477
888 905
888 994
888 106
888 615
888 421
888 230
888 176
888 152
888 623
888 409
888 226
888 134
888 323
888 121
888 484
888 820
888 6
888 461
889 914
889 493
889 227
889 288
889 546
889 815
889 799
889 91
889 116
889 644
889 588
889 231
889 738
889 455
889 316
889 987
889 307
889 643
889 963
889 523
890 229
890 635
890 441
890 84
890 734
890 918
890 140
890 632
890 182
890 730
890 109
890 191
890 776
890 423
890 552
890 658
890 241
890 727
890 393
890 510
891 879
891 795
891 839
891 574
891 334
891 487
891 666
891 854
891 294
891 326
891 123
891 506
891 925
891 704
891 616
891 545
891 556
891 465
891 775
891 494
892 781
892 969
892 493
892 381
892 44
892 149
892 771
892 889
892 799
892 982
892 947
892 523
892 319
892 297
892 56
892 515
892 100
892 677
892 611
892 275
893 469
893 51
893 361
893 843
893 248
893 765
893 206
893 115
893 89
893 698
893 875
893 49
893 417
893 146
893 101
893 839
893 808
893 126
893 951
893 810
894 379
894 416
894 538
894 570
894 811
894 188
894 840
894 936
894 917
894 858
894 112
894 778
894 512
894 402
894 378
894 714
894 887
894 11
894 348
894 222
895 446
895 544
895 386
895 483
895 619
895 263
895 540
895 90
895 818
895 18
895 452
895 666
895 720
895 676
895 740
895 24
895 162
895 277
895 777
895 761
896 830
896 467
896 348
896 612
896 110
896 763
896 656
896 566
896 936
896 26
896 813
896 222
896 253
896 871
896 920
896 564
896 4
896 599
896 39
896 990
897 959
897 587
897 419
897 593
897 896
897 672
897 0
897 302
897 731
897 917
897 628
897 127
897 591
897 562
897 821
897 861
897 549
897 502
897 351
897 856
898 741
898 436
898 94
898 929
898 984
898 958
898 832
898 219
898 582
898 495
898 791
898 803
898 210
898 510
898 626
898 986
898 460
898 927
898 610
898 309
899 485
899 932
899 289
899 768
899 718
899 996
899 902
899 226
899 878
899 968
899 598
899 597
899 62
899 716
899 437
899 849
899 220
899 563
899 394
899 173
900 723
900 967
900 708
900 124
900 955
900 807
900 428
900 590
900 324
900 228
900 960
900 313
900 175
900 678
900 961
900 3
900 617
900 883
900 482
900 565
901 677
901 513
901 247
901 275
901 148
901 523
901 212
901 876
901 754
901 862
901 600
901 757
901 914
901 297
901 640
901 246
901 909
901 455
901 987
901 588
902 159
902 608
902 913
902 897
902 971
902 476
902 258
902 367
902 289
902 345
902 302
902 62
902 689
902 299
902 989
902 9
902 239
902 384
902 471
902 996
903 48
903 835
903 480
903 997
903 175
903 855
903 851
903 688
903 679
903 574
903 900
903 103
903 647
903 482
903 565
903 843
903 58
903 206
903 769
903 951
904 887
904 76
904 449
904 621
904 501
904 257
904 729
904 812
904 671
904 253
904 4
904 11
904 572
904 156
904 237
904 110
904 557
904 656
904 614
904 920
905 859
905 872
905 884
905 899
905 121
905 715
905 755
905 176
905 623
905 968
905 994
905 106
905 397
905 669
905 622
905 579
905 477
905 650
905 902
905 636
906 803
906 152
906 626
906 624
906 832
906 870
906 559
906 787
906 183
906 888
906 230
906 179
906 636
906 719
906 267
906 203
906 622
906 820
906 986
906 371
907 978
907 154
907 87
907 411
907 461
907 579
907 457
907 994
907 484
907 137
907 820
907 669
907 598
907 6
907 859
907 81
907 176
907 9
907 398
907 323
908 726
908 572
908 281
908 910
908 357
908 566
908 557
908 684
908 201
908 215
908 655
908 920
908 614
908 713
908 257
908 594
908 55
908 786
908 416
908 26
909 283
909 860
909 732
909 231
909 145
909 969
909 235
909 711
909 443
909 330
909 438
909 991
909 447
909 522
909 588
909 316
909 149
909 135
909 304
909 25
910 365
910 646
910 796
910 45
910 388
910 747
910 318
910 315
910 167
910 114
910 530
910 259
910 165
910 973
910 792
910 976
910 439
910 426
910 122
910 490
911 111
911 877
911 9
911 367
911 173
911 913
911 691
911 878
911 819
911 884
911 163
911 5
911 372
911 79
911 793
911 499
911 286
911 107
911 683
911 414
912 879
912 424
912 764
912 13
912 480
912 77
912 688
912 358
912 589
912 150
912 578
912 769
912 487
912 506
912 893
912 483
912 445
912 670
912 374
912 665
913 38
913 689
913 125
913 92
913 827
913 299
913 739
913 372
913 225
913 132
913 659
913 878
913 760
913 605
913 806
913 464
913 971
913 62
913 453
913 563
914 521
914 80
914 567
914 799
914 526
914 945
914 75
914 227
914 65
914 548
914 10
914 969
914 643
914 93
914 746
914 276
914 606
914 822
914 455
914 330
915 955
915 663
915 124
915 947
915 116
915 838
915 88
915 595
915 886
915 352
915 221
915 874
915 961
915 881
915 43
915 982
915 523
915 536
915 590
915 883
916 110
916 156
916 576
916 498
916 119
916 672
916 399
916 908
916 813
916 532
916 217
916 512
916 253
916 812
916 830
916 401
916 564
916 112
916 39
916 4
917 39
917 570
917 348
917 713
917 655
917 850
917 205
917 812
917 119
917 576
917 346
917 215
917 620
917 564
917 260
917 920
917 621
917 550
917 379
917 402
918 81
918 703
918 463
918 755
918 797
918 622
918 635
918 179
918 907
918 905
918 870
918 863
918 626
918 696
918 888
918 524
918 460
918 636
918 134
918 371
919 359
919 84
919 422
919 773
919 569
919 104
919 135
919 898
919 552
919 930
919 962
919 325
919 462
919 474
919 309
919 779
919 178
919 229
919 408
919 69
920 204
920 139
920 167
920 783
920 937
920 594
920 561
920 811
920 57
920 281
920 97
920 592
920 812
920 418
920 341
920 26
920 114
920 850
920 935
920 184
921 20
921 362
921 228
921 981
921 647
921 960
921 988
921 70
921 678
921 885
921 997
921 883
921 101
921 845
921 54
921 708
921 967
921 808
921 313
921 67
922 180
922 269
922 13
922 249
922 487
922 529
922 616
922 360
922 170
922 98
922 767
922 666
922 574
922 867
922 311
922 199
922 775
922 24
922 795
922 690
923 650
923 406
923 176
923 200
923 755
923 980
923 29
923 604
923 87
923 943
923 859
923 863
923 994
923 484
923 397
923 457
923 615
923 870
923 568
923 189
924 193
924 664
924 952
924 770
924 439
924 322
924 496
924 995
924 321
924 450
924 122
924 993
924 45
924 97
924 204
924 583
924 470
924 680
924 592
924 573
925 126
925 66
925 233
925 875
925 405
925 660
925 942
925 407
925 77
925 539
925 417
925 424
925 269
925 723
925 146
925 295
925 556
925 190
925 810
925 951
926 965
926 48
926 146
926 58
926 126
926 875
926 842
926 389
926 331
926 843
926 54
926 273
926 851
926 278
926 900
926 327
926 469
926 294
926 382
926 765
927 503
927 928
927 230
927 94
927 610
927 650
927 629
927 870
927 604
927 118
927 985
927 394
927 932
927 939
927 669
927 409
927 748
927 953
927 579
927 626
928 137
928 519
928 899
928 398
928 637
928 615
928 579
928 759
928 409
928 804
928 152
928 943
928 185
928 451
928 323
928 853
928 460
928 542
928 584
928 629
929 748
929 950
929 938
929 787
929 636
929 928
929 41
929 906
929 635
929 994
929 436
929 696
929 863
929 820
929 923
929 759
929 762
929 803
929 531
929 568
930 371
930 242
930 602
930 404
930 261
930 762
930 210
930 992
930 380
930 42
930 531
930 773
930 753
930 756
930 403
930 182
930 724
930 696
930 741
930 569
931 677
931 560
931 381
931 771
931 314
931 844
931 142
931 857
931 644
931 822
931 316
931 455
931 847
931 757
931 44
931 227
931 275
931 65
931 711
931 435
932 87
932 476
932 37
932 716
932 597
932 689
932 355
932 377
932 623
932 5
932 826
932 9
932 819
932 806
932 902
932 637
932 772
932 598
932 472
932 430
933 192
933 306
933 537
933 483
933 465
933 311
933 690
933 761
933 49
933 666
933 816
933 102
933 704
933 891
933 728
933 912
933 494
933 758
933 529
933 665
934 112
934 550
934 223
934 538
934 731
934 215
934 378
934 894
934 821
934 413
934 61
934 729
934 82
934 238
934 639
934 609
934 344
934 612
934 908
934 917
935 720
935 533
935 172
935 114
935 707
935 68
935 193
935 57
935 365
935 96
935 607
935 160
935 693
935 770
935 366
935 993
935 973
935 138
935 995
935 785
936 119
936 217
936 449
936 188
936 692
936 671
936 778
936 621
936 388
936 211
936 713
936 177
936 399
936 257
936 887
936 910
936 920
936 687
936 744
936 369
937 944
937 490
937 332
937 933
937 798
937 586
937 285
937 792
937 207
937 841
937 607
937 321
937 796
937 619
937 694
937 952
937 995
937 292
937 339
937 454
938 865
938 907
938 923
938 703
938 863
938 610
938 503
938 200
938 791
938 154
938 230
938 568
938 715
938 756
938 282
938 985
938 461
938 604
938 650
938 542
939 715
939 968
939 36
939 485
939 994
939 5
939 6
939 651
939 719
939 849
939 411
939 472
939 797
939 768
939 398
939 9
939 421
939 457
939 615
939 111
940 723
940 795
940 190
940 539
940 574
940 278
940 589
940 269
940 294
940 965
940 951
940 358
940 243
940 295
940 89
940 249
940 704
940 374
940 749
940 51
941 624
941 820
941 6
941 888
941 479
941 986
941 622
941 203
941 759
941 669
941 939
941 978
941 582
941 797
941 927
941 31
941 636
941 615
941 380
941 176
942 838
942 915
942 652
942 855
942 383
942 124
942 900
942 425
942 313
942 273
942 293
942 647
942 236
942 967
942 51
942 749
942 965
942 67
942 17
942 997
943 107
943 968
943 391
943 342
943 485
943 367
943 387
943 220
943 398
943 163
943 472
943 296
943 970
943 584
943 62
943 340
943 772
943 902
943 826
943 476
944 321
944 292
944 583
944 680
944 747
944 35
944 528
944 194
944 18
944 446
944 777
944 12
944 490
944 774
944 285
944 976
944 816
944 964
944 973
944 306
945 435
945 191
945 241
945 276
945 443
945 857
945 890
945 864
945 632
945 53
945 447
945 706
945 860
945 837
945 314
945 697
945 316
945 822
945 234
945 254
946 628
946 46
946 244
946 959
946 954
946 896
946 562
946 821
946 34
946 223
946 873
946 819
946 127
946 372
946 225
946 525
946 599
946 471
946 344
946 0
947 10
947 738
947 415
947 515
947 588
947 141
947 224
947 447
947 815
947 909
947 546
947 75
947 521
947 757
947 316
947 455
947 526
947 297
947 548
947 25
948 483
948 540
948 143
948 761
948 667
948 180
948 166
948 306
948 290
948 581
948 690
948 264
948 232
948 12
948 385
948 740
948 733
948 102
948 774
948 157
949 351
949 281
949 532
949 692
949 161
949 399
949 402
949 156
949 222
949 639
949 209
949 369
949 416
949 990
949 564
949 26
949 813
949 82
949 32
949 215
950 650
950 624
950 939
950 768
950 853
950 154
950 870
950 442
950 282
950 968
950 437
950 651
950 396
950 884
950 406
950 432
950 736
950 804
950 5
950 409
951 428
951 155
951 737
951 78
951 43
951 181
951 807
951 988
951 101
951 662
951 835
951 187
951 580
951 541
951 845
951 590
951 466
951 679
951 48
951 915
952 973
952 818
952 583
952 162
952 68
952 728
952 976
952 292
952 586
952 426
952 933
952 530
952 446
952 496
952 284
952 761
952 322
952 581
952 733
952 85
953 185
953 568
953 394
953 121
953 323
953 928
953 200
953 267
953 226
953 176
953 950
953 409
953 6
953 980
953 511
953 759
953 719
953 863
953 542
953 457
954 11
954 209
954 538
954 399
954 744
954 177
954 413
954 840
954 591
954 260
954 512
954 253
954 76
954 298
954 620
954 532
954 904
954 517
954 671
954 240
955 974
955 677
955 297
955 415
955 663
955 164
955 300
955 116
955 520
955 247
955 75
955 590
955 246
955 909
955 662
955 507
955 892
955 809
955 869
955 275
956 601
956 269
956 331
956 126
956 273
956 867
956 338
956 589
956 187
956 89
956 469
956 58
956 972
956 670
956 765
956 631
956 556
956 295
956 808
956 769
957 27
957 270
957 767
957 660
957 233
957 843
957 13
957 195
957 243
957 601
957 192
957 839
957 405
957 146
957 487
957 269
957 505
957 942
957 940
957 150
958 968
958 615
958 189
958 41
958 579
958 870
958 651
958 391
958 853
958 950
958 36
958 94
958 637
958 230
958 622
958 865
958 121
958 134
958 451
958 859
959 82
959 444
959 344
959 119
959 858
959 61
959 260
959 253
959 512
959 609
959 576
959 949
959 413
959 320
959 672
959 298
959 916
959 641
959 26
959 161
960 174
960 633
960 988
960 974
960 428
960 663
960 814
960 580
960 383
960 300
960 845
960 54
960 678
960 915
960 737
960 101
960 901
960 310
960 885
960 955
961 883
961 967
961 678
961 303
961 652
961 288
961 645
961 297
961 866
961 966
961 481
961 493
961 246
961 148
961 425
961 781
961 931
961 974
961 947
961 317
962 930
962 992
962 380
962 140
962 986
962 727
962 927
962 22
962 429
962 510
962 696
962 603
962 705
962 456
962 183
962 182
962 831
962 169
962 309
962 630
963 706
963 805
963 836
963 455
963 784
963 722
963 390
963 40
963 837
963 408
963 526
963 750
963 857
963 890
963 108
963 447
963 864
963 21
963 643
963 19
964 197
964 199
964 24
964 764
964 891
964 292
964 701
964 758
964 553
964 386
964 544
964 483
964 912
964 264
964 667
964 879
964 376
964 880
964 311
964 337
965 20
965 737
965 7
965 647
965 482
965 966
965 874
965 491
965 983
965 216
965 835
965 353
965 851
965 70
965 541
965 613
965 324
965 590
965 124
965 600
966 352
966 455
966 836
966 677
966 674
966 7
966 288
966 869
966 246
966 909
966 754
966 663
966 50
966 148
966 931
966 307
966 643
966 481
966 600
966 947
967 998
967 754
967 794
967 674
967 709
967 771
967 319
967 600
967 548
967 590
967 536
967 164
967 567
967 7
967 652
967 611
967 500
967 814
967 91
967 678
968 218
968 627
968 897
968 725
968 464
968 597
968 299
968 975
968 256
968 471
968 488
968 878
968 289
968 793
968 827
968 340
968 497
968 989
968 384
968 400
969 435
969 304
969 784
969 330
969 438
969 860
969 890
969 706
969 732
969 117
969 145
969 489
969 231
969 822
969 80
969 702
969 241
969 427
969 105
969 283
970 92
970 587
970 861
970 877
970 476
970 525
970 28
970 464
970 782
970 934
970 829
970 400
970 873
970 344
970 286
970 299
970 661
970 62
970 833
970 894
971 840
971 550
971 225
971 934
971 351
971 609
971 214
971 917
971 599
971 699
971 789
971 661
971 82
971 453
971 861
971 38
971 298
971 112
971 936
971 223
972 590
972 874
972 737
972 202
972 915
972 835
972 981
972 168
972 70
972 662
972 951
972 617
972 103
972 698
972 983
972 723
972 362
972 814
972 228
972 886
973 335
973 880
973 676
973 332
973 977
973 264
973 999
973 619
973 12
973 448
973 143
973 265
973 675
973 252
973 544
973 138
973 337
973 157
973 816
973 717
974 275
974 979
974 931
974 799
974 50
974 710
974 247
974 208
974 507
974 881
974 520
974 657
974 288
974 567
974 677
974 780
974 757
974 721
974 643
974 129
975 563
975 220
975 739
975 499
975 618
975 819
975 377
975 225
975 464
975 766
975 302
975 597
975 549
975 345
975 79
975 989
975 683
975 996
975 340
975 52
976 544
976 891
976 993
976 322
976 818
976 680
976 676
976 933
976 450
976 735
976 265
976 717
976 733
976 157
976 586
976 252
976 143
976 12
976 841
976 543
977 77
977 875
977 290
977 601
977 616
977 957
977 545
977 102
977 775
977 98
977 277
977 270
977 795
977 839
977 358
977 688
977 308
977 769
977 487
977 146
978 173
978 457
978 650
978 865
978 79
978 485
978 256
978 355
978 996
978 943
978 377
978 5
978 681
978 411
978 859
978 451
978 37
978 370
978 226
978 627
979 526
979 149
979 649
979 869
979 316
979 757
979 781
979 914
979 224
979 909
979 862
979 33
979 738
979 963
979 105
979 844
979 50
979 354
979 700
979 548
980 715
980 859
980 340
980 853
980 289
980 442
980 226
980 627
980 932
980 384
980 154
980 695
980 258
980 681
980 579
980 772
980 398
980 406
980 79
980 975
981 236
981 869
981 613
981 967
981 754
981 164
981 43
981 478
981 300
981 148
981 88
981 319
981 246
981 737
981 2
981 931
981 974
981 892
981 998
981 171
982 611
982 227
982 307
982 246
982 738
982 50
982 869
982 65
982 415
982 21
982 649
982 857
982 33
982 805
982 375
982 329
982 288
982 10
982 251
982 149
983 301
983 520
983 663
983 866
983 982
983 507
983 303
983 947
983 600
983 493
983 677
983 216
983 88
983 274
983 892
983 523
983 979
983 652
983 221
983 790
984 604
984 715
984 106
984 442
984 870
984 485
984 200
984 29
984 421
984 484
984 636
984 719
984 968
984 753
984 451
984 859
984 755
984 394
984 81
984 623
985 62
985 411
985 605
985 457
985 387
985 718
985 87
985 430
985 563
985 826
985 154
985 996
985 107
985 37
985 377
985 5
985 200
985 598
985 911
985 250
986 183
986 756
986 928
986 189
986 938
986 787
986 81
986 624
986 705
986 436
986 958
986 323
986 559
986 460
986 651
986 179
986 907
986 473
986 980
986 622
987 164
987 876
987 141
987 567
987 700
987 969
987 644
987 588
987 805
987 116
987 171
987 649
987 606
987 44
987 757
987 781
987 40
987 317
987 546
987 507
988 247
988 892
988 640
988 300
988 83
988 754
988 838
988 590
988 99
988 2
988 580
988 600
988 915
988 790
988 961
988 983
988 7
988 174
988 662
988 124
989 877
989 419
989 159
989 609
989 464
989 468
989 824
989 793
989 345
989 62
989 92
989 946
989 699
989 414
989 959
989 132
989 638
989 225
989 642
989 125
990 714
990 713
990 538
990 399
990 112
990 840
990 591
990 599
990 39
990 656
990 32
990 60
990 351
990 492
990 209
990 593
990 156
990 692
990 76
990 811
991 696
991 408
991 495
991 178
991 42
991 734
991 210
991 433
991 776
991 686
991 705
991 429
991 848
991 140
991 436
991 104
991 906
991 673
991 371
991 241
992 309
992 905
992 950
992 907
992 463
992 724
992 682
992 635
992 479
992 22
992 531
992 69
992 705
992 41
992 753
992 403
992 495
992 748
992 409
992 210
993 376
993 465
993 232
993 619
993 483
993 263
993 891
993 540
993 728
993 290
993 252
993 634
993 420
993 818
993 545
993 192
993 266
993 518
993 774
993 529
994 461
994 111
994 442
994 736
994 772
994 797
994 367
994 323
994 865
994 396
994 355
994 437
994 137
994 282
994 985
994 258
994 902
994 457
994 256
994 870
995 735
995 880
995 339
995 12
995 667
995 818
995 143
995 912
995 948
995 470
995 761
995 266
995 157
995 335
995 343
995 315
995 452
995 720
995 528
995 483
996 659
996 516
996 476
996 743
996 345
996 344
996 305
996 793
996 782
996 971
996 464
996 82
996 699
996 946
996 934
996 453
996 239
996 861
996 214
996 244
997 794
997 527
997 709
997 577
997 541
997 998
997 966
997 319
997 174
997 288
997 652
997 814
997 613
997 781
997 536
997 662
997 352
997 303
997 478
997 901
998 857
998 862
998 288
998 75
998 523
998 889
998 227
998 319
998 274
998 809
998 375
998 455
998 657
998 129
998 521
998 805
998 611
998 781
998 757
998 93
999 334
999 775
999 195
999 407
999 192
999 27
999 926
999 424
999 506
999 445
999 368
999 554
999 537
999 287
999 555
999 486
999 518
999 385
999 487
999 386
