1000 20000
0 25
0 51
0 158
0 310
0 447
0 503
0 552
0 637
0 639
0 688
0 709
0 725
0 727
0 745
0 782
0 808
0 905
0 925
0 931
0 943
0 964
0 993
1 41
1 46
1 99
1 105
1 163
1 164
1 271
1 291
1 293
1 323
1 388
1 512
1 513
1 524
1 667
1 690
1 711
1 730
1 742
1 780
1 885
2 12
2 87
2 90
2 148
2 267
2 326
2 467
2 485
2 503
2 526
2 529
2 610
2 675
2 751
2 769
2 772
2 773
2 903
2 936
2 962
3 85
3 97
3 236
3 257
3 322
3 383
3 401
3 413
3 449
3 507
3 647
3 773
3 842
3 894
3 913
3 919
3 929
3 941
3 945
4 98
4 110
4 118
4 176
4 241
4 242
4 258
4 286
4 353
4 366
4 493
4 528
4 558
4 694
4 698
4 734
4 763
4 799
4 930
4 936
4 985
5 68
5 82
5 125
5 135
5 250
5 352
5 382
5 471
5 473
5 819
5 872
5 875
5 929
5 936
5 980
6 53
6 78
6 85
6 103
6 171
6 399
6 412
6 469
6 490
6 551
6 576
6 611
6 653
6 663
6 671
6 694
6 736
6 760
6 774
6 784
6 804
6 806
6 977
7 14
7 46
7 86
7 92
7 135
7 175
7 289
7 321
7 324
7 330
7 357
7 380
7 414
7 560
7 561
7 583
7 587
7 782
7 922
7 943
7 951
8 1
8 93
8 154
8 222
8 266
8 304
8 352
8 417
8 486
8 489
8 492
8 555
8 587
8 623
8 777
8 779
8 826
8 837
8 846
9 85
9 206
9 244
9 306
9 392
9 400
9 441
9 467
9 475
9 495
9 519
9 586
9 605
9 709
9 715
9 718
9 753
9 786
9 799
9 815
9 854
9 867
9 913
9 997
9 999
10 31
10 43
10 83
10 123
10 289
10 309
10 392
10 406
10 414
10 423
10 466
10 505
10 623
10 648
10 767
10 781
10 906
10 994
10 995
11 18
11 52
11 303
11 459
11 464
11 521
11 628
11 650
11 669
11 708
11 759
11 788
11 792
11 798
11 841
11 948
11 952
11 959
12 49
12 66
12 91
12 124
12 194
12 205
12 220
12 244
12 277
12 284
12 375
12 380
12 419
12 421
12 426
12 478
12 500
12 575
12 703
12 773
12 775
12 803
12 910
12 989
12 992
12 996
13 129
13 132
13 148
13 158
13 168
13 190
13 200
13 348
13 362
13 398
13 524
13 583
13 647
13 744
13 807
13 813
13 834
13 886
13 895
14 21
14 84
14 88
14 92
14 213
14 227
14 234
14 282
14 300
14 301
14 312
14 358
14 457
14 484
14 490
14 510
14 532
14 554
14 572
14 584
14 670
14 693
14 783
14 868
14 904
14 912
14 973
15 18
15 27
15 43
15 44
15 75
15 184
15 185
15 200
15 230
15 235
15 384
15 460
15 494
15 506
15 514
15 689
15 727
15 732
15 869
15 903
15 941
15 978
16 157
16 356
16 447
16 497
16 498
16 500
16 529
16 530
16 631
16 641
16 751
16 757
16 914
16 928
16 937
16 940
17 33
17 50
17 122
17 152
17 232
17 235
17 287
17 314
17 337
17 344
17 404
17 528
17 541
17 549
17 611
17 662
17 669
17 699
17 739
17 752
17 785
17 835
17 856
18 10
18 61
18 116
18 235
18 250
18 289
18 379
18 406
18 496
18 498
18 603
18 684
18 755
18 957
18 963
18 970
18 985
19 127
19 137
19 182
19 206
19 226
19 268
19 298
19 331
19 359
19 376
19 436
19 461
19 480
19 504
19 586
19 629
19 637
19 682
19 705
19 713
19 716
19 734
19 785
19 855
19 887
19 917
19 980
19 990
20 36
20 89
20 196
20 252
20 253
20 257
20 275
20 324
20 355
20 359
20 377
20 378
20 409
20 412
20 452
20 510
20 594
20 613
20 668
20 725
20 874
20 905
20 953
20 967
21 31
21 45
21 55
21 158
21 270
21 507
21 520
21 554
21 575
21 581
21 602
21 656
21 862
21 888
21 938
22 54
22 165
22 197
22 275
22 360
22 372
22 430
22 507
22 533
22 573
22 615
22 700
22 734
22 755
22 771
22 862
22 890
22 911
22 919
23 14
23 15
23 51
23 133
23 134
23 255
23 287
23 290
23 381
23 391
23 719
23 810
23 841
23 862
23 882
23 886
23 939
24 21
24 66
24 88
24 164
24 267
24 286
24 315
24 347
24 371
24 477
24 490
24 536
24 631
24 743
24 781
24 915
24 946
25 3
25 177
25 217
25 224
25 254
25 322
25 380
25 430
25 446
25 466
25 472
25 516
25 573
25 601
25 645
25 651
25 667
25 690
25 806
25 902
25 962
26 68
26 69
26 148
26 245
26 305
26 345
26 398
26 473
26 501
26 553
26 597
26 747
26 762
26 838
26 877
26 917
26 944
26 988
27 40
27 150
27 173
27 220
27 329
27 338
27 449
27 474
27 588
27 596
27 658
27 660
27 721
27 966
28 29
28 60
28 66
28 158
28 175
28 326
28 457
28 461
28 475
28 561
28 594
28 670
28 794
28 886
28 897
28 926
28 942
29 4
29 19
29 54
29 62
29 66
29 189
29 244
29 254
29 284
29 285
29 346
29 370
29 438
29 471
29 529
29 540
29 553
29 568
29 621
29 643
29 675
29 782
29 831
29 921
29 955
29 986
29 998
30 5
30 51
30 93
30 101
30 141
30 160
30 202
30 222
30 251
30 372
30 405
30 408
30 489
30 525
30 606
30 617
30 626
30 768
30 770
30 784
30 797
30 916
30 923
31 12
31 15
31 20
31 76
31 107
31 115
31 125
31 159
31 160
31 247
31 347
31 365
31 376
31 447
31 499
31 579
31 590
31 626
31 652
31 675
31 726
31 741
31 840
32 95
32 99
32 103
32 104
32 114
32 220
32 309
32 347
32 416
32 432
32 596
32 660
32 686
32 689
32 765
32 770
32 852
32 884
32 970
32 979
33 3
33 7
33 16
33 98
33 204
33 313
33 326
33 422
33 453
33 476
33 513
33 564
33 634
33 732
33 760
33 820
33 861
33 879
33 962
34 116
34 129
34 131
34 187
34 211
34 228
34 301
34 324
34 491
34 524
34 554
34 678
34 702
34 712
34 922
34 931
35 40
35 150
35 182
35 187
35 292
35 358
35 366
35 375
35 439
35 466
35 487
35 488
35 606
35 668
35 807
35 809
36 33
36 37
36 67
36 104
36 138
36 370
36 415
36 521
36 534
36 733
36 751
36 843
36 874
36 877
36 880
37 1
37 19
37 30
37 57
37 189
37 220
37 230
37 300
37 393
37 396
37 415
37 429
37 435
37 440
37 533
37 539
37 543
37 577
37 624
37 691
37 698
37 715
37 750
37 794
37 970
38 11
38 17
38 118
38 245
38 309
38 415
38 436
38 565
38 568
38 597
38 641
38 678
38 681
38 838
38 886
38 929
38 950
38 955
38 964
39 81
39 106
39 150
39 187
39 271
39 302
39 363
39 431
39 459
39 466
39 485
39 527
39 530
39 742
39 757
39 805
39 822
39 916
40 8
40 50
40 85
40 111
40 203
40 245
40 285
40 322
40 355
40 479
40 487
40 524
40 537
40 544
40 602
40 611
40 642
40 664
40 809
40 821
40 847
40 878
40 956
40 980
40 994
41 8
41 14
41 161
41 195
41 224
41 300
41 301
41 431
41 482
41 487
41 580
41 596
41 601
41 644
41 662
41 706
41 725
41 771
41 799
41 824
41 879
41 904
41 916
41 942
42 50
42 82
42 151
42 224
42 271
42 321
42 349
42 379
42 607
42 658
42 746
42 757
42 787
42 852
42 862
42 910
42 939
43 116
43 178
43 197
43 233
43 292
43 320
43 350
43 405
43 409
43 431
43 502
43 548
43 550
43 575
43 616
43 640
43 644
43 648
43 655
43 671
43 780
43 798
43 887
43 893
43 906
43 938
44 25
44 106
44 216
44 258
44 334
44 399
44 523
44 653
44 671
44 762
44 764
44 778
44 882
44 909
44 919
44 956
44 957
44 993
45 11
45 47
45 136
45 194
45 264
45 283
45 330
45 360
45 387
45 409
45 464
45 681
45 687
45 696
45 777
45 885
45 886
45 891
45 907
45 988
46 12
46 211
46 250
46 340
46 458
46 565
46 607
46 714
46 798
46 835
46 847
46 914
47 28
47 86
47 157
47 159
47 213
47 243
47 307
47 383
47 439
47 445
47 449
47 511
47 536
47 546
47 573
47 588
47 627
47 637
47 649
47 725
47 747
47 791
47 834
47 846
47 942
47 979
47 983
48 9
48 82
48 156
48 216
48 240
48 304
48 345
48 354
48 377
48 391
48 495
48 498
48 584
48 632
48 660
48 673
48 683
48 706
48 819
48 849
48 885
48 898
48 903
48 985
49 17
49 20
49 75
49 128
49 146
49 166
49 193
49 198
49 442
49 581
49 593
49 634
49 702
49 779
49 782
49 798
49 883
49 888
49 890
49 955
50 37
50 80
50 150
50 182
50 186
50 194
50 205
50 239
50 250
50 269
50 300
50 324
50 356
50 369
50 507
50 525
50 694
50 735
50 748
50 809
51 13
51 180
51 273
51 322
51 393
51 395
51 467
51 470
51 536
51 591
51 620
51 631
51 682
51 707
51 739
51 743
51 808
51 867
51 875
51 886
51 895
51 937
51 996
52 35
52 46
52 89
52 144
52 206
52 207
52 213
52 245
52 420
52 449
52 477
52 516
52 574
52 643
52 712
52 737
52 749
52 758
52 808
52 811
52 850
52 875
52 920
52 950
52 980
53 28
53 127
53 170
53 219
53 275
53 301
53 390
53 392
53 479
53 530
53 533
53 548
53 596
53 638
53 704
53 715
53 780
53 812
53 867
53 874
53 885
54 4
54 130
54 136
54 231
54 286
54 319
54 332
54 333
54 374
54 529
54 594
54 633
54 648
54 651
54 691
54 714
54 740
54 773
54 778
54 790
54 872
54 876
54 937
54 942
54 958
54 991
54 993
54 995
55 5
55 91
55 194
55 313
55 321
55 328
55 330
55 451
55 469
55 487
55 521
55 652
55 716
55 718
55 759
55 817
55 826
55 866
55 937
56 44
56 78
56 114
56 142
56 191
56 299
56 356
56 414
56 508
56 580
56 602
56 627
56 646
56 699
56 722
56 767
56 857
56 901
56 906
56 923
57 28
57 54
57 60
57 63
57 100
57 169
57 195
57 214
57 226
57 251
57 290
57 362
57 458
57 478
57 499
57 541
57 542
57 675
57 714
57 717
57 731
57 774
57 809
57 858
57 902
57 951
58 36
58 69
58 84
58 143
58 281
58 402
58 425
58 426
58 461
58 475
58 477
58 513
58 548
58 623
58 735
58 762
58 778
58 844
58 967
58 994
59 28
59 65
59 144
59 155
59 175
59 294
59 410
59 413
59 436
59 494
59 506
59 569
59 580
59 591
59 641
59 678
59 751
59 820
59 830
59 851
59 900
60 91
60 169
60 414
60 481
60 619
60 628
60 646
60 650
60 666
60 736
60 799
60 825
60 836
60 843
61 10
61 108
61 138
61 173
61 207
61 391
61 439
61 457
61 528
61 628
61 636
61 703
61 707
61 749
61 852
61 949
62 34
62 120
62 128
62 203
62 222
62 286
62 301
62 307
62 340
62 456
62 465
62 466
62 473
62 478
62 577
62 608
62 648
62 669
62 707
62 791
62 971
62 972
63 181
63 217
63 283
63 321
63 516
63 526
63 580
63 615
63 678
63 721
63 755
63 781
63 816
63 820
64 2
64 71
64 94
64 143
64 205
64 217
64 310
64 314
64 344
64 465
64 476
64 493
64 498
64 511
64 555
64 624
64 626
64 692
64 895
64 952
64 959
64 999
65 14
65 18
65 59
65 159
65 283
65 311
65 358
65 426
65 630
65 640
65 651
65 723
65 769
65 793
65 798
65 874
65 945
65 949
66 54
66 113
66 121
66 153
66 237
66 349
66 372
66 543
66 581
66 598
66 621
66 628
66 697
66 703
66 752
66 808
66 813
66 823
66 850
66 900
66 964
66 968
66 982
67 12
67 167
67 244
67 284
67 322
67 387
67 463
67 713
67 719
67 741
67 807
67 907
67 955
68 88
68 165
68 184
68 234
68 242
68 310
68 520
68 542
68 543
68 661
68 699
68 748
68 760
68 827
68 863
68 908
68 925
69 56
69 328
69 354
69 424
69 461
69 512
69 578
69 587
69 630
69 651
69 689
69 737
69 896
69 934
70 8
70 44
70 154
70 226
70 274
70 290
70 333
70 337
70 350
70 400
70 523
70 531
70 562
70 576
70 602
70 917
70 925
70 931
71 20
71 42
71 50
71 92
71 157
71 165
71 169
71 178
71 196
71 268
71 311
71 451
71 470
71 479
71 518
71 627
71 719
71 793
71 813
71 844
71 853
71 899
71 947
71 978
72 5
72 67
72 143
72 161
72 182
72 190
72 270
72 284
72 289
72 306
72 345
72 432
72 495
72 615
72 620
72 629
72 735
72 786
72 817
72 912
72 940
72 944
73 45
73 49
73 85
73 89
73 139
73 144
73 232
73 305
73 322
73 336
73 358
73 506
73 541
73 612
73 626
73 685
73 804
73 970
73 982
73 983
73 985
74 54
74 138
74 141
74 155
74 157
74 227
74 234
74 238
74 257
74 289
74 337
74 401
74 494
74 510
74 544
74 723
74 742
74 892
74 973
74 984
75 8
75 185
75 206
75 229
75 254
75 309
75 331
75 356
75 392
75 416
75 483
75 507
75 609
75 642
75 652
75 763
75 779
75 781
75 922
75 937
76 10
76 14
76 22
76 149
76 184
76 202
76 231
76 279
76 322
76 352
76 372
76 411
76 450
76 465
76 466
76 471
76 479
76 481
76 607
76 710
76 900
76 917
76 975
77 128
77 172
77 204
77 216
77 266
77 270
77 310
77 372
77 425
77 439
77 462
77 495
77 582
77 591
77 746
77 893
77 936
77 943
77 954
78 40
78 194
78 209
78 256
78 305
78 330
78 336
78 369
78 372
78 495
78 498
78 499
78 518
78 670
78 702
78 726
78 819
78 832
78 844
78 911
78 959
78 991
79 48
79 55
79 63
79 97
79 205
79 211
79 340
79 353
79 486
79 559
79 622
79 666
79 731
79 753
80 8
80 76
80 232
80 248
80 264
80 265
80 405
80 465
80 487
80 592
80 602
80 622
80 625
80 689
80 694
80 776
80 789
80 812
80 830
80 846
80 867
80 920
80 954
80 984
81 7
81 37
81 74
81 110
81 112
81 113
81 119
81 203
81 249
81 271
81 315
81 333
81 357
81 420
81 446
81 514
81 517
81 519
81 605
81 622
81 631
81 672
81 709
81 767
81 811
81 818
81 949
81 991
82 69
82 85
82 92
82 138
82 149
82 152
82 166
82 194
82 198
82 218
82 300
82 301
82 318
82 343
82 410
82 413
82 596
82 612
82 673
82 726
82 819
82 972
83 2
83 170
83 190
83 196
83 263
83 273
83 408
83 459
83 476
83 487
83 523
83 587
83 619
83 635
83 682
83 686
83 777
83 797
83 838
83 928
83 966
84 63
84 72
84 175
84 224
84 257
84 299
84 310
84 323
84 332
84 335
84 336
84 550
84 558
84 599
84 691
84 694
84 747
84 769
84 774
84 821
84 877
84 938
84 946
84 950
84 969
84 988
84 997
85 121
85 222
85 230
85 301
85 369
85 407
85 476
85 494
85 603
85 639
85 897
85 906
85 908
85 932
85 956
86 36
86 44
86 52
86 90
86 205
86 246
86 340
86 399
86 477
86 679
86 690
86 729
86 751
86 759
86 781
86 824
86 874
86 876
86 933
86 961
87 67
87 90
87 110
87 162
87 233
87 263
87 290
87 325
87 342
87 406
87 413
87 427
87 444
87 707
87 751
87 760
87 770
87 778
87 807
87 810
87 841
87 844
87 893
87 915
87 956
87 957
87 966
88 53
88 99
88 134
88 172
88 221
88 300
88 319
88 330
88 385
88 392
88 398
88 532
88 537
88 563
88 568
88 614
88 650
88 733
88 796
88 907
89 47
89 77
89 167
89 195
89 216
89 248
89 270
89 316
89 396
89 407
89 433
89 485
89 503
89 550
89 579
89 596
89 660
89 713
89 714
89 783
89 789
89 798
89 800
89 895
89 922
89 923
89 937
89 949
90 12
90 63
90 82
90 120
90 219
90 229
90 253
90 561
90 594
90 630
90 673
90 709
90 711
90 843
90 866
90 893
90 961
90 973
91 152
91 176
91 199
91 214
91 462
91 478
91 495
91 562
91 656
91 694
91 697
91 785
91 804
91 850
91 864
91 867
91 998
91 999
92 142
92 233
92 236
92 289
92 311
92 419
92 426
92 439
92 470
92 493
92 502
92 511
92 559
92 574
92 578
92 585
92 691
92 723
92 744
92 779
92 782
92 799
92 813
92 869
92 923
92 960
92 999
93 2
93 48
93 78
93 96
93 176
93 186
93 242
93 316
93 453
93 479
93 499
93 529
93 603
93 608
93 609
93 659
93 677
93 684
93 695
93 700
93 718
93 736
93 862
94 58
94 122
94 163
94 195
94 205
94 231
94 257
94 303
94 330
94 423
94 557
94 620
94 674
94 721
94 796
94 832
94 882
94 947
94 959
95 150
95 268
95 278
95 327
95 546
95 550
95 577
95 681
95 710
95 779
96 15
96 52
96 153
96 190
96 200
96 209
96 362
96 451
96 474
96 480
96 511
96 589
96 645
96 669
96 807
96 899
96 913
97 13
97 48
97 87
97 186
97 250
97 313
97 381
97 425
97 478
97 485
97 644
97 663
97 697
97 808
97 819
97 859
97 875
98 45
98 110
98 161
98 170
98 193
98 234
98 489
98 543
98 606
98 613
98 648
98 670
98 794
98 848
98 849
98 993
99 16
99 33
99 107
99 223
99 244
99 311
99 480
99 490
99 517
99 698
99 723
99 768
99 804
99 914
99 964
99 974
100 31
100 163
100 252
100 319
100 414
100 511
100 533
100 559
100 587
100 650
100 661
100 717
100 734
100 827
100 835
100 877
100 890
100 891
100 899
100 953
100 987
101 33
101 94
101 177
101 209
101 267
101 303
101 407
101 418
101 547
101 681
101 709
101 733
101 749
101 780
101 783
101 827
101 834
101 843
101 851
101 886
101 892
101 957
101 958
101 989
102 58
102 133
102 292
102 344
102 382
102 401
102 422
102 432
102 444
102 456
102 540
102 544
102 633
102 780
102 788
103 57
103 104
103 107
103 158
103 200
103 254
103 292
103 346
103 361
103 406
103 461
103 502
103 575
103 619
103 652
103 680
103 690
103 717
103 731
103 776
103 873
103 905
103 916
103 935
103 959
104 70
104 71
104 162
104 169
104 210
104 219
104 278
104 289
104 352
104 379
104 444
104 545
104 581
104 588
104 601
104 685
104 686
104 759
104 794
104 938
104 941
104 997
105 206
105 335
105 350
105 412
105 480
105 538
105 564
105 645
105 669
105 708
105 709
105 756
105 934
106 17
106 76
106 96
106 158
106 177
106 332
106 426
106 449
106 480
106 517
106 538
106 550
106 565
106 651
106 743
106 765
106 838
106 879
106 998
107 76
107 112
107 127
107 137
107 160
107 260
107 347
107 350
107 402
107 410
107 436
107 505
107 577
107 601
107 641
107 724
107 771
107 885
108 21
108 45
108 49
108 136
108 151
108 230
108 240
108 255
108 319
108 383
108 521
108 714
108 823
108 928
108 936
108 997
109 35
109 98
109 150
109 171
109 188
109 226
109 269
109 328
109 341
109 443
109 491
109 493
109 519
109 552
109 709
109 825
109 889
109 895
109 905
109 913
109 944
110 6
110 152
110 244
110 259
110 277
110 280
110 425
110 486
110 524
110 675
110 732
110 742
110 758
110 860
110 952
110 955
111 23
111 106
111 140
111 171
111 218
111 221
111 306
111 309
111 343
111 344
111 389
111 428
111 512
111 551
111 658
111 729
111 769
111 799
111 801
111 858
111 923
111 950
112 87
112 106
112 141
112 142
112 162
112 219
112 245
112 269
112 519
112 591
112 643
112 679
112 721
112 857
112 888
112 898
112 960
113 30
113 42
113 164
113 167
113 191
113 202
113 235
113 262
113 290
113 301
113 320
113 455
113 505
113 613
113 617
113 649
113 661
113 690
113 739
113 769
113 814
113 815
113 842
113 856
114 4
114 57
114 106
114 275
114 336
114 342
114 389
114 408
114 428
114 513
114 518
114 520
114 569
114 620
114 683
114 724
114 743
114 753
114 842
114 900
114 925
115 16
115 60
115 75
115 89
115 238
115 394
115 456
115 485
115 644
115 715
115 745
115 788
115 789
115 802
115 918
115 950
115 966
116 18
116 142
116 165
116 194
116 268
116 273
116 280
116 284
116 291
116 299
116 379
116 443
116 462
116 484
116 514
116 593
116 606
116 734
116 737
116 919
116 952
116 956
117 101
117 181
117 201
117 202
117 215
117 228
117 290
117 298
117 312
117 332
117 528
117 564
117 590
117 652
117 696
117 774
117 838
117 853
117 873
117 907
117 994
118 21
118 40
118 67
118 76
118 140
118 154
118 166
118 204
118 215
118 331
118 387
118 478
118 534
118 582
118 643
118 660
118 669
118 802
118 910
118 927
119 9
119 159
119 211
119 214
119 226
119 274
119 354
119 420
119 600
119 628
119 679
119 761
119 796
119 810
119 811
119 817
119 893
119 943
119 974
120 49
120 97
120 101
120 214
120 280
120 284
120 309
120 428
120 522
120 543
120 552
120 601
120 663
120 697
120 705
120 732
120 748
120 809
120 810
120 816
120 830
121 5
121 7
121 41
121 50
121 87
121 158
121 214
121 222
121 230
121 266
121 319
121 416
121 443
121 512
121 617
121 633
121 709
121 816
121 864
121 882
122 52
122 73
122 108
122 166
122 290
122 332
122 381
122 408
122 412
122 428
122 542
122 565
122 758
122 822
122 845
122 850
122 874
122 900
122 924
122 941
122 983
123 7
123 14
123 81
123 181
123 211
123 314
123 330
123 387
123 479
123 486
123 567
123 598
123 651
123 693
123 780
123 824
123 887
123 932
124 79
124 177
124 265
124 297
124 375
124 578
124 599
124 636
124 707
124 723
124 730
124 752
124 768
124 779
124 785
124 798
124 810
124 843
124 885
124 909
124 971
124 984
124 993
125 78
125 82
125 101
125 174
125 217
125 415
125 530
125 540
125 753
125 764
125 775
125 799
125 807
125 843
125 908
125 962
125 971
126 41
126 98
126 106
126 185
126 187
126 274
126 315
126 443
126 465
126 611
126 690
126 779
126 790
126 818
126 868
126 876
126 905
126 966
127 231
127 253
127 277
127 281
127 320
127 355
127 405
127 408
127 473
127 499
127 503
127 546
127 620
127 653
127 692
127 709
127 750
127 778
127 796
127 873
127 913
128 21
128 53
128 114
128 126
128 180
128 281
128 320
128 347
128 459
128 474
128 507
128 591
128 753
128 790
128 792
128 822
128 851
128 912
128 914
129 27
129 42
129 97
129 112
129 138
129 157
129 216
129 332
129 448
129 488
129 561
129 597
129 610
129 653
129 751
129 850
129 873
129 878
129 890
129 911
129 916
130 112
130 122
130 186
130 206
130 251
130 363
130 395
130 450
130 473
130 536
130 544
130 550
130 625
130 667
130 716
130 728
130 750
130 870
130 934
130 973
131 91
131 137
131 297
131 314
131 330
131 364
131 395
131 408
131 495
131 550
131 655
131 711
131 747
131 791
131 810
131 822
131 874
131 908
131 919
131 950
131 984
131 995
132 40
132 196
132 216
132 233
132 256
132 313
132 350
132 353
132 372
132 401
132 438
132 474
132 481
132 486
132 502
132 590
132 671
132 685
132 745
132 756
132 760
132 808
132 855
132 864
132 876
132 878
132 894
132 998
133 40
133 82
133 110
133 198
133 206
133 254
133 354
133 471
133 496
133 499
133 545
133 578
133 726
133 894
133 968
134 20
134 204
134 273
134 313
134 330
134 345
134 376
134 379
134 478
134 487
134 490
134 536
134 606
134 645
134 804
134 805
134 826
134 854
134 855
134 856
134 917
134 945
134 963
135 14
135 32
135 79
135 160
135 170
135 205
135 494
135 605
135 617
135 740
135 749
135 758
135 768
135 774
135 839
135 840
135 884
135 977
135 993
136 32
136 41
136 90
136 131
136 142
136 181
136 243
136 271
136 354
136 388
136 468
136 476
136 489
136 491
136 529
136 555
136 560
136 599
136 733
136 770
136 792
136 879
137 1
137 6
137 29
137 40
137 47
137 132
137 204
137 290
137 359
137 371
137 387
137 411
137 450
137 456
137 486
137 488
137 519
137 583
137 635
137 811
137 819
137 823
137 857
137 882
137 908
138 118
138 120
138 178
138 183
138 228
138 270
138 276
138 340
138 588
138 593
138 617
138 647
138 678
138 709
138 755
138 763
138 768
138 834
138 897
138 901
138 947
138 995
139 129
139 155
139 167
139 179
139 186
139 193
139 234
139 262
139 379
139 388
139 418
139 482
139 524
139 532
139 627
139 672
139 780
139 786
139 816
139 854
139 891
139 940
139 946
139 995
140 92
140 265
140 266
140 278
140 390
140 412
140 429
140 447
140 451
140 498
140 540
140 545
140 588
140 733
140 740
140 835
140 885
140 921
140 934
140 951
141 122
141 285
141 374
141 416
141 509
141 518
141 584
141 628
141 651
141 698
141 700
141 704
141 935
141 953
141 966
142 82
142 99
142 104
142 105
142 181
142 187
142 245
142 282
142 297
142 310
142 312
142 418
142 449
142 519
142 609
142 691
142 725
142 912
142 950
142 961
142 978
143 48
143 168
143 173
143 203
143 255
143 303
143 323
143 331
143 537
143 558
143 571
143 572
143 617
143 663
143 733
143 753
143 899
143 933
143 959
143 983
144 4
144 31
144 33
144 41
144 76
144 198
144 461
144 492
144 698
144 732
144 737
144 756
144 757
144 765
144 834
144 864
144 997
145 90
145 157
145 179
145 212
145 261
145 272
145 391
145 422
145 436
145 450
145 456
145 495
145 558
145 594
145 617
145 650
145 654
145 701
145 722
145 782
145 819
145 885
145 888
145 918
145 919
145 936
146 53
146 240
146 283
146 359
146 360
146 446
146 455
146 460
146 490
146 502
146 524
146 597
146 599
146 605
146 672
146 684
146 705
146 735
146 771
146 819
146 864
146 883
146 927
146 930
146 982
146 994
147 47
147 73
147 161
147 180
147 194
147 241
147 280
147 297
147 479
147 532
147 593
147 627
147 682
147 695
147 700
147 713
147 715
147 756
147 802
147 926
148 40
148 121
148 181
148 330
148 436
148 490
148 511
148 638
148 710
148 895
148 942
148 957
149 79
149 308
149 333
149 336
149 454
149 663
149 680
149 688
149 737
149 859
149 946
149 947
149 994
150 19
150 33
150 56
150 171
150 213
150 218
150 228
150 245
150 300
150 335
150 436
150 446
150 459
150 673
150 752
150 830
150 969
151 14
151 165
151 171
151 238
151 242
151 301
151 303
151 372
151 404
151 406
151 461
151 464
151 495
151 501
151 511
151 516
151 517
151 520
151 549
151 558
151 591
151 610
151 660
151 674
151 683
151 696
151 818
151 974
151 996
152 2
152 30
152 66
152 72
152 119
152 127
152 146
152 179
152 232
152 278
152 318
152 363
152 364
152 396
152 397
152 398
152 470
152 496
152 518
152 602
152 657
152 686
152 699
152 772
152 846
152 855
152 883
152 938
152 985
153 25
153 171
153 178
153 198
153 215
153 313
153 369
153 426
153 569
153 593
153 646
153 751
153 759
154 107
154 117
154 133
154 192
154 309
154 343
154 350
154 397
154 406
154 413
154 498
154 527
154 564
154 661
154 693
154 719
154 752
154 771
154 774
154 831
154 834
154 836
154 862
155 7
155 68
155 95
155 136
155 160
155 239
155 247
155 258
155 261
155 287
155 357
155 444
155 502
155 597
155 651
155 758
155 778
155 801
155 868
155 926
155 952
156 7
156 103
156 144
156 158
156 190
156 206
156 219
156 233
156 279
156 300
156 328
156 346
156 350
156 392
156 457
156 477
156 645
156 739
156 807
156 822
156 824
156 928
156 984
156 990
156 995
157 21
157 81
157 120
157 134
157 232
157 269
157 280
157 339
157 373
157 560
157 610
157 654
157 705
157 711
157 788
157 847
157 888
157 922
158 71
158 148
158 175
158 192
158 218
158 244
158 291
158 326
158 405
158 466
158 563
158 573
158 584
158 590
158 594
158 609
158 612
158 821
158 842
158 883
158 918
158 951
158 968
158 972
158 982
159 63
159 131
159 148
159 167
159 186
159 187
159 270
159 278
159 281
159 321
159 329
159 345
159 401
159 425
159 576
159 613
159 616
159 639
159 720
159 769
159 845
159 862
159 894
159 900
159 917
160 194
160 228
160 250
160 288
160 334
160 354
160 362
160 433
160 556
160 624
160 646
160 756
160 762
160 927
160 942
160 945
160 950
161 186
161 198
161 218
161 270
161 363
161 399
161 439
161 456
161 466
161 488
161 604
161 659
161 685
161 713
161 797
161 799
161 846
161 860
161 907
161 985
162 2
162 12
162 36
162 59
162 79
162 80
162 185
162 189
162 202
162 306
162 374
162 382
162 638
162 680
162 743
162 772
162 860
162 898
162 995
163 105
163 125
163 150
163 155
163 311
163 330
163 364
163 417
163 422
163 446
163 462
163 517
163 645
163 679
163 761
163 763
163 764
163 804
163 820
163 858
163 883
163 900
163 906
163 934
163 981
163 991
163 992
164 7
164 19
164 92
164 101
164 109
164 171
164 325
164 437
164 452
164 464
164 508
164 523
164 553
164 556
164 621
164 669
164 673
164 869
164 908
164 911
164 917
164 930
164 954
164 967
165 103
165 147
165 186
165 203
165 216
165 225
165 256
165 317
165 356
165 491
165 493
165 561
165 694
165 735
165 769
165 785
165 866
165 868
165 913
165 921
165 949
165 974
166 18
166 107
166 127
166 128
166 162
166 267
166 332
166 378
166 567
166 568
166 578
166 602
166 623
166 632
166 690
166 727
166 734
166 737
166 880
166 946
167 57
167 171
167 265
167 320
167 412
167 501
167 571
167 585
167 613
167 619
167 656
167 700
167 727
167 762
167 771
167 884
167 890
167 992
167 999
168 0
168 75
168 94
168 96
168 115
168 117
168 125
168 156
168 187
168 219
168 247
168 492
168 530
168 542
168 638
168 727
168 744
168 750
168 800
168 837
168 862
168 869
168 907
168 946
168 961
169 194
169 218
169 242
169 255
169 260
169 299
169 417
169 525
169 564
169 738
169 752
169 774
169 854
169 856
169 945
169 992
170 77
170 115
170 209
170 324
170 326
170 453
170 478
170 547
170 551
170 597
170 599
170 636
170 668
170 765
171 77
171 140
171 159
171 174
171 175
171 184
171 228
171 232
171 353
171 445
171 501
171 633
171 713
171 843
171 879
171 924
171 942
172 20
172 30
172 61
172 149
172 197
172 243
172 280
172 345
172 359
172 424
172 531
172 704
172 720
172 744
172 748
172 780
172 834
172 993
173 5
173 34
173 91
173 124
173 317
173 388
173 398
173 508
173 621
173 642
173 811
173 832
173 842
173 905
173 916
173 985
174 60
174 107
174 114
174 141
174 291
174 302
174 367
174 378
174 425
174 429
174 526
174 614
174 633
174 713
174 783
174 835
174 849
174 902
174 989
174 993
175 11
175 41
175 121
175 131
175 135
175 189
175 197
175 276
175 290
175 343
175 399
175 407
175 437
175 508
175 607
175 801
175 813
175 922
175 968
175 989
176 52
176 102
176 150
176 178
176 230
176 238
176 361
176 374
176 449
176 505
176 626
176 639
176 744
176 809
176 823
176 866
176 885
176 915
176 975
177 31
177 40
177 45
177 95
177 101
177 170
177 247
177 256
177 334
177 355
177 390
177 521
177 535
177 602
177 629
177 664
177 706
177 708
177 772
177 787
177 945
178 89
178 152
178 161
178 293
178 318
178 359
178 412
178 426
178 458
178 463
178 493
178 506
178 527
178 598
178 671
178 674
178 718
178 785
178 862
178 886
178 914
178 924
178 985
178 993
179 19
179 51
179 92
179 125
179 129
179 131
179 193
179 196
179 197
179 255
179 349
179 358
179 412
179 426
179 517
179 553
179 599
179 713
179 845
179 879
179 893
179 914
179 961
179 966
180 1
180 56
180 166
180 174
180 192
180 246
180 275
180 276
180 296
180 320
180 381
180 382
180 492
180 509
180 510
180 576
180 588
180 658
180 681
180 682
180 731
180 799
180 836
180 867
180 868
180 900
180 905
180 910
180 919
180 922
181 1
181 77
181 95
181 136
181 156
181 168
181 182
181 212
181 213
181 262
181 336
181 361
181 509
181 515
181 546
181 617
181 667
181 714
181 784
181 787
181 819
181 981
182 13
182 41
182 54
182 167
182 255
182 289
182 303
182 317
182 350
182 369
182 407
182 435
182 527
182 560
182 607
182 614
182 657
182 662
182 667
182 726
182 782
182 885
182 946
182 953
183 43
183 199
183 200
183 301
183 320
183 373
183 562
183 565
183 572
183 587
183 595
183 630
183 643
183 743
183 823
183 824
183 903
183 938
183 958
184 6
184 117
184 217
184 219
184 265
184 325
184 356
184 364
184 474
184 481
184 493
184 639
184 645
184 794
184 875
185 12
185 89
185 155
185 183
185 269
185 299
185 341
185 359
185 471
185 520
185 626
185 687
185 740
185 789
185 798
185 907
185 910
186 32
186 44
186 91
186 174
186 221
186 294
186 297
186 342
186 396
186 442
186 447
186 514
186 525
186 695
186 780
186 887
186 928
186 977
186 982
187 45
187 89
187 129
187 205
187 211
187 346
187 365
187 440
187 506
187 530
187 560
187 566
187 580
187 601
187 617
187 718
187 746
187 855
187 934
187 976
188 0
188 39
188 84
188 85
188 109
188 156
188 172
188 202
188 229
188 250
188 283
188 368
188 651
188 739
188 751
188 842
188 871
188 919
188 941
188 956
189 63
189 99
189 164
189 169
189 175
189 209
189 214
189 223
189 243
189 288
189 347
189 390
189 404
189 431
189 447
189 502
189 544
189 549
189 574
189 656
189 701
189 744
189 938
190 69
190 106
190 141
190 303
190 416
190 479
190 524
190 535
190 569
190 702
190 792
190 837
190 881
190 950
190 965
190 989
191 87
191 172
191 239
191 285
191 316
191 324
191 354
191 402
191 446
191 462
191 501
191 575
191 599
191 650
191 656
191 729
191 742
191 766
191 773
191 820
191 937
191 946
192 23
192 37
192 78
192 138
192 205
192 230
192 237
192 256
192 258
192 369
192 448
192 504
192 537
192 637
192 833
192 845
192 932
193 21
193 104
193 157
193 201
193 242
193 289
193 314
193 358
193 416
193 538
193 550
193 584
193 596
193 602
193 725
193 732
193 816
193 851
193 890
193 896
193 986
194 2
194 62
194 64
194 109
194 189
194 227
194 239
194 328
194 380
194 507
194 621
194 625
194 658
194 701
194 879
194 911
194 933
194 996
195 23
195 49
195 91
195 234
195 246
195 325
195 365
195 452
195 503
195 537
195 581
195 634
195 665
195 702
195 734
195 747
195 749
195 777
195 790
195 824
195 839
195 865
195 911
195 939
195 940
195 957
196 23
196 112
196 133
196 142
196 149
196 201
196 228
196 232
196 236
196 290
196 337
196 371
196 591
196 594
196 603
196 621
196 696
196 720
196 748
196 792
196 814
196 819
196 937
196 974
197 11
197 40
197 77
197 90
197 93
197 161
197 182
197 185
197 199
197 289
197 354
197 374
197 415
197 526
197 591
197 659
197 676
197 723
197 764
197 774
197 873
197 900
197 918
197 994
198 71
198 120
198 126
198 249
198 352
198 367
198 517
198 518
198 597
198 602
198 613
198 640
198 705
198 756
198 769
198 785
198 813
198 815
198 837
198 838
198 857
198 876
198 911
198 944
198 971
198 983
198 985
199 26
199 69
199 100
199 117
199 157
199 161
199 280
199 288
199 306
199 354
199 398
199 427
199 433
199 559
199 588
199 603
199 618
199 738
199 754
199 780
199 907
199 948
199 956
199 990
200 9
200 19
200 40
200 71
200 101
200 121
200 142
200 152
200 187
200 332
200 406
200 422
200 552
200 696
200 748
200 836
200 863
200 910
200 944
200 958
200 978
200 981
201 45
201 58
201 66
201 138
201 163
201 191
201 246
201 249
201 254
201 262
201 273
201 384
201 388
201 467
201 505
201 528
201 668
201 685
201 708
201 715
201 773
201 818
201 862
201 880
201 902
201 909
201 958
201 999
202 22
202 23
202 83
202 92
202 107
202 177
202 219
202 294
202 326
202 381
202 404
202 421
202 452
202 503
202 557
202 691
202 842
203 51
203 83
203 118
203 221
203 263
203 267
203 274
203 315
203 445
203 451
203 505
203 513
203 672
203 694
203 704
203 760
203 766
203 844
203 878
203 902
204 109
204 231
204 232
204 234
204 236
204 285
204 294
204 339
204 348
204 366
204 515
204 653
204 662
204 675
204 705
204 720
204 735
204 750
204 756
204 817
204 832
204 833
204 867
204 869
204 904
204 974
205 19
205 50
205 51
205 127
205 143
205 156
205 219
205 238
205 260
205 524
205 535
205 597
205 600
205 604
205 650
205 692
205 721
205 735
205 905
205 963
206 111
206 117
206 121
206 135
206 158
206 163
206 233
206 275
206 279
206 302
206 406
206 470
206 473
206 514
206 543
206 605
206 607
206 641
206 680
206 798
206 820
206 917
206 921
206 937
206 996
207 0
207 21
207 24
207 79
207 227
207 242
207 276
207 406
207 462
207 480
207 665
207 742
207 788
207 879
207 886
207 967
207 993
208 49
208 176
208 247
208 255
208 302
208 370
208 406
208 411
208 472
208 495
208 540
208 632
208 821
208 953
208 954
209 1
209 47
209 64
209 122
209 256
209 326
209 382
209 543
209 571
209 642
209 666
209 668
209 669
209 708
209 762
209 790
209 934
210 71
210 90
210 130
210 235
210 310
210 369
210 370
210 532
210 551
210 582
210 652
210 721
210 765
210 902
210 929
211 1
211 73
211 120
211 242
211 376
211 417
211 606
211 610
211 616
211 621
211 715
211 933
212 63
212 107
212 253
212 254
212 262
212 292
212 301
212 537
212 580
212 583
212 635
212 773
212 784
212 895
212 976
213 75
213 122
213 158
213 160
213 196
213 221
213 386
213 391
213 418
213 447
213 564
213 571
213 670
213 721
213 806
213 910
213 911
213 977
213 998
214 51
214 243
214 301
214 352
214 355
214 403
214 411
214 414
214 456
214 489
214 522
214 586
214 604
214 620
214 636
214 652
214 664
214 692
214 724
215 41
215 55
215 97
215 130
215 400
215 469
215 485
215 517
215 599
215 669
215 690
215 804
215 814
215 855
215 866
215 868
215 978
215 988
216 99
216 111
216 147
216 187
216 202
216 255
216 350
216 392
216 407
216 486
216 615
216 616
216 689
216 751
216 819
216 852
216 910
216 923
216 958
216 987
216 994
217 13
217 118
217 190
217 194
217 213
217 215
217 230
217 254
217 257
217 347
217 394
217 494
217 547
217 679
217 686
217 767
217 774
217 838
217 867
217 877
218 100
218 119
218 192
218 224
218 326
218 416
218 425
218 446
218 455
218 558
218 609
218 636
218 672
218 728
218 755
218 789
218 821
218 862
218 883
218 920
218 925
218 941
218 961
218 981
219 17
219 61
219 73
219 134
219 157
219 289
219 401
219 443
219 483
219 515
219 528
219 557
219 574
219 701
219 723
219 828
219 876
219 918
219 925
219 968
219 972
220 13
220 38
220 84
220 174
220 216
220 231
220 233
220 325
220 428
220 467
220 474
220 486
220 615
220 698
220 700
220 733
220 735
220 749
220 773
220 785
220 998
221 9
221 34
221 47
221 57
221 67
221 135
221 251
221 358
221 386
221 412
221 432
221 439
221 461
221 497
221 505
221 554
221 636
221 685
221 702
221 825
222 44
222 88
222 103
222 107
222 125
222 146
222 180
222 267
222 284
222 288
222 411
222 632
222 680
222 758
222 780
222 835
222 892
222 960
222 961
222 975
223 176
223 221
223 235
223 240
223 243
223 319
223 412
223 485
223 629
223 657
223 660
223 720
223 725
223 766
223 806
223 872
223 885
223 902
223 911
223 931
223 981
223 986
224 11
224 35
224 42
224 60
224 161
224 196
224 365
224 389
224 398
224 430
224 439
224 633
224 636
224 658
224 864
224 950
225 120
225 126
225 160
225 257
225 374
225 414
225 482
225 660
225 661
225 786
225 790
225 826
225 885
225 958
226 17
226 51
226 93
226 122
226 137
226 165
226 183
226 336
226 532
226 627
226 629
226 702
226 759
226 806
226 829
226 900
226 907
226 939
226 941
226 974
227 30
227 65
227 86
227 156
227 157
227 383
227 426
227 436
227 524
227 542
227 609
227 620
227 666
227 697
227 767
227 793
227 805
227 920
227 992
227 999
228 34
228 63
228 74
228 152
228 209
228 246
228 268
228 308
228 341
228 382
228 430
228 457
228 477
228 479
228 541
228 567
228 574
228 575
228 665
228 787
228 837
228 886
229 2
229 5
229 114
229 133
229 135
229 166
229 208
229 217
229 241
229 308
229 335
229 366
229 425
229 463
229 472
229 555
229 607
229 636
229 652
229 678
229 686
229 700
229 755
229 789
229 798
229 953
229 980
230 55
230 91
230 94
230 99
230 101
230 267
230 280
230 335
230 363
230 367
230 427
230 435
230 443
230 480
230 486
230 530
230 562
230 833
230 846
230 868
230 900
230 915
230 918
230 952
230 996
231 5
231 226
231 351
231 399
231 422
231 495
231 526
231 527
231 568
231 636
231 883
231 889
232 2
232 21
232 43
232 114
232 162
232 168
232 222
232 233
232 248
232 303
232 530
232 540
232 583
232 655
232 683
232 733
232 752
232 807
232 867
233 19
233 50
233 67
233 80
233 98
233 118
233 151
233 178
233 250
233 293
233 332
233 524
233 532
233 597
233 599
233 807
233 808
233 834
233 888
233 892
233 900
234 8
234 10
234 91
234 97
234 275
234 347
234 351
234 372
234 385
234 434
234 458
234 491
234 497
234 594
234 707
234 725
234 771
234 849
234 951
234 957
234 985
235 25
235 78
235 101
235 187
235 274
235 357
235 372
235 381
235 432
235 518
235 522
235 536
235 539
235 584
235 773
235 876
235 902
235 918
235 949
235 978
236 33
236 61
236 190
236 229
236 234
236 293
236 358
236 456
236 559
236 565
236 603
236 618
236 656
236 721
236 771
236 784
236 892
236 896
236 907
236 919
236 920
236 954
236 955
237 8
237 35
237 57
237 81
237 86
237 124
237 131
237 136
237 141
237 247
237 251
237 262
237 280
237 294
237 309
237 354
237 371
237 414
237 425
237 434
237 446
237 473
237 482
237 490
237 518
237 526
237 579
237 600
237 612
237 628
237 744
237 757
237 777
237 804
237 832
237 884
237 942
237 955
237 996
238 104
238 112
238 124
238 160
238 161
238 292
238 299
238 308
238 339
238 401
238 481
238 509
238 592
238 635
238 693
238 747
238 800
238 832
238 991
239 82
239 88
239 215
239 383
239 397
239 427
239 480
239 525
239 555
239 694
239 885
239 978
240 65
240 161
240 178
240 204
240 245
240 251
240 252
240 330
240 506
240 516
240 563
240 623
240 646
240 723
240 727
240 811
240 845
240 896
240 912
240 916
240 948
240 974
241 22
241 62
241 264
241 283
241 284
241 309
241 379
241 386
241 416
241 447
241 456
241 459
241 535
241 591
241 637
241 640
241 679
241 826
241 828
241 953
241 967
241 978
241 991
242 37
242 57
242 149
242 152
242 198
242 228
242 297
242 461
242 465
242 475
242 537
242 543
242 652
242 668
242 674
242 731
242 761
242 818
242 954
242 984
243 85
243 176
243 199
243 200
243 235
243 277
243 303
243 320
243 368
243 404
243 422
243 476
243 491
243 554
243 577
243 775
243 931
243 952
244 50
244 117
244 154
244 181
244 341
244 404
244 417
244 427
244 547
244 585
244 607
244 618
244 710
244 713
244 807
244 835
244 886
244 917
245 22
245 39
245 55
245 289
245 300
245 464
245 480
245 493
245 540
245 546
245 643
245 777
245 801
245 869
245 998
246 28
246 29
246 89
246 102
246 116
246 172
246 229
246 407
246 488
246 634
246 768
246 775
246 828
246 857
246 980
247 125
247 140
247 233
247 249
247 260
247 271
247 303
247 514
247 540
247 562
247 612
247 720
247 745
247 771
247 793
247 801
247 887
247 892
247 900
248 2
248 41
248 99
248 177
248 194
248 226
248 286
248 296
248 341
248 382
248 400
248 414
248 447
248 460
248 463
248 505
248 560
248 699
248 790
248 827
248 970
249 13
249 35
249 135
249 162
249 197
249 280
249 297
249 324
249 444
249 455
249 466
249 528
249 537
249 555
249 565
249 681
249 746
249 767
249 797
249 940
249 955
250 6
250 38
250 80
250 84
250 101
250 162
250 186
250 190
250 280
250 306
250 362
250 414
250 552
250 571
250 778
250 824
250 977
251 48
251 64
251 130
251 230
251 232
251 338
251 345
251 437
251 476
251 477
251 531
251 620
251 706
251 762
251 821
251 852
251 883
251 915
252 12
252 48
252 59
252 117
252 153
252 321
252 358
252 405
252 515
252 532
252 673
252 734
252 817
252 906
252 931
252 987
253 80
253 86
253 87
253 93
253 95
253 145
253 210
253 226
253 238
253 240
253 264
253 274
253 355
253 396
253 482
253 658
253 664
253 678
253 786
253 821
253 942
254 12
254 16
254 120
254 126
254 218
254 274
254 287
254 309
254 328
254 375
254 449
254 484
254 564
254 600
254 633
254 635
254 642
254 659
254 734
254 747
254 766
254 817
254 818
254 832
254 836
254 886
254 897
254 927
255 48
255 247
255 361
255 362
255 435
255 517
255 518
255 617
255 674
255 681
255 736
255 836
255 907
255 940
256 43
256 56
256 116
256 125
256 191
256 236
256 319
256 393
256 435
256 457
256 471
256 563
256 578
256 601
256 753
256 777
256 801
256 808
256 862
256 916
256 970
256 997
257 121
257 139
257 142
257 152
257 217
257 221
257 237
257 245
257 281
257 288
257 294
257 346
257 352
257 655
257 688
257 706
257 711
257 849
257 856
257 857
257 909
258 34
258 73
258 253
258 357
258 417
258 426
258 498
258 534
258 549
258 577
258 657
258 763
258 865
258 942
258 968
259 33
259 62
259 66
259 71
259 137
259 143
259 144
259 306
259 330
259 403
259 414
259 421
259 445
259 518
259 551
259 594
259 641
259 738
259 754
259 834
259 888
259 975
260 65
260 129
260 173
260 198
260 235
260 298
260 306
260 307
260 360
260 501
260 510
260 703
260 705
260 727
260 755
260 783
260 856
260 873
260 899
260 902
260 914
260 927
261 16
261 17
261 52
261 84
261 132
261 270
261 459
261 470
261 479
261 487
261 496
261 505
261 538
261 592
261 712
261 771
261 820
261 918
261 980
262 22
262 28
262 61
262 70
262 191
262 247
262 273
262 308
262 321
262 418
262 497
262 518
262 548
262 581
262 613
262 636
262 740
262 844
262 927
262 950
262 969
263 33
263 59
263 106
263 111
263 118
263 204
263 212
263 236
263 331
263 372
263 381
263 445
263 520
263 532
263 548
263 557
263 574
263 600
263 676
263 694
263 716
263 752
263 814
263 968
263 977
264 43
264 66
264 126
264 137
264 216
264 273
264 281
264 303
264 394
264 433
264 505
264 533
264 594
264 650
264 683
264 712
264 727
264 774
264 807
264 819
264 980
265 11
265 45
265 241
265 261
265 276
265 561
265 582
265 653
265 802
265 864
265 865
265 922
265 974
266 75
266 179
266 188
266 197
266 207
266 222
266 263
266 289
266 378
266 387
266 417
266 479
266 552
266 591
266 603
266 677
266 790
266 827
266 900
266 950
267 43
267 50
267 93
267 145
267 227
267 241
267 285
267 306
267 319
267 357
267 358
267 382
267 465
267 488
267 573
267 649
267 665
267 837
267 869
267 898
268 15
268 28
268 98
268 145
268 177
268 219
268 258
268 272
268 378
268 434
268 437
268 459
268 483
268 501
268 556
268 589
268 590
268 699
268 749
268 794
268 801
268 850
268 858
268 866
268 880
268 891
268 908
268 914
269 22
269 38
269 44
269 56
269 168
269 190
269 236
269 243
269 253
269 277
269 288
269 367
269 418
269 553
269 569
269 621
269 623
269 636
269 645
269 661
269 669
269 674
269 699
269 805
269 932
269 986
270 34
270 59
270 79
270 113
270 125
270 156
270 306
270 309
270 388
270 412
270 420
270 422
270 439
270 467
270 502
270 540
270 590
270 697
270 765
270 903
270 962
271 8
271 23
271 222
271 254
271 299
271 310
271 338
271 364
271 366
271 391
271 393
271 533
271 597
271 731
271 848
271 865
271 881
271 884
271 937
271 970
272 74
272 124
272 195
272 237
272 318
272 394
272 415
272 451
272 478
272 510
272 545
272 557
272 596
272 624
272 660
272 704
272 733
272 751
272 783
272 799
272 880
272 919
272 964
273 86
273 108
273 255
273 291
273 402
273 403
273 516
273 562
273 575
273 612
273 655
273 661
273 835
273 863
273 885
273 913
273 942
274 110
274 190
274 208
274 261
274 266
274 377
274 423
274 489
274 586
274 672
274 761
274 796
274 856
274 890
274 897
274 910
274 915
274 970
274 978
275 52
275 68
275 93
275 150
275 334
275 354
275 399
275 482
275 570
275 584
275 633
275 972
276 351
276 388
276 459
276 466
276 513
276 536
276 556
276 699
276 755
276 815
276 861
276 894
276 916
276 969
276 981
277 43
277 91
277 145
277 224
277 239
277 244
277 322
277 438
277 448
277 486
277 553
277 560
277 578
277 795
277 803
277 813
277 814
277 825
277 899
278 54
278 121
278 135
278 186
278 238
278 264
278 280
278 330
278 445
278 511
278 519
278 552
278 616
278 672
278 702
278 733
278 869
278 871
278 890
278 985
279 41
279 51
279 74
279 115
279 201
279 217
279 242
279 258
279 358
279 360
279 386
279 426
279 482
279 528
279 584
279 669
279 694
279 703
279 725
279 758
279 773
279 802
279 812
279 840
279 883
279 915
280 12
280 91
280 209
280 242
280 269
280 331
280 396
280 497
280 503
280 510
280 571
280 584
280 635
280 651
280 694
280 774
280 780
280 796
280 803
280 808
280 881
280 899
280 930
280 935
280 949
280 976
281 236
281 244
281 251
281 338
281 420
281 592
281 635
281 660
281 891
281 893
281 902
281 931
281 948
281 969
281 995
282 31
282 83
282 86
282 123
282 185
282 188
282 265
282 320
282 341
282 371
282 405
282 411
282 474
282 487
282 543
282 587
282 596
282 624
282 650
282 810
282 867
282 896
282 955
282 968
283 9
283 19
283 93
283 152
283 197
283 226
283 234
283 355
283 466
283 489
283 496
283 509
283 569
283 607
283 647
283 688
283 724
283 747
283 762
283 774
283 806
283 807
283 819
283 846
283 866
283 876
283 900
283 959
284 120
284 141
284 188
284 207
284 283
284 307
284 323
284 325
284 335
284 375
284 434
284 443
284 461
284 517
284 653
284 700
284 776
284 795
284 864
284 895
284 921
285 75
285 101
285 403
285 428
285 431
285 452
285 557
285 585
285 590
285 662
285 758
285 762
285 873
285 912
285 936
285 957
286 1
286 62
286 141
286 165
286 174
286 181
286 187
286 234
286 264
286 303
286 370
286 387
286 705
286 847
286 869
286 917
286 937
287 53
287 63
287 100
287 109
287 127
287 141
287 211
287 213
287 256
287 284
287 438
287 558
287 563
287 588
287 642
287 682
287 716
287 725
287 767
287 792
287 811
287 899
288 75
288 90
288 108
288 166
288 198
288 210
288 224
288 373
288 436
288 492
288 496
288 539
288 639
288 646
288 660
288 665
288 759
288 783
288 785
288 806
288 930
289 38
289 42
289 150
289 267
289 360
289 408
289 585
289 598
289 618
289 710
289 729
289 832
289 859
289 874
289 893
289 927
290 26
290 38
290 120
290 126
290 151
290 252
290 270
290 276
290 362
290 373
290 396
290 409
290 506
290 565
290 573
290 626
290 744
290 793
290 794
290 811
290 926
290 974
290 982
291 5
291 14
291 34
291 74
291 132
291 278
291 287
291 315
291 339
291 393
291 445
291 557
291 583
291 595
291 717
291 720
291 798
291 822
291 828
291 922
291 924
291 947
291 962
291 989
292 105
292 117
292 172
292 215
292 273
292 330
292 375
292 413
292 438
292 463
292 521
292 606
292 745
292 752
292 779
292 793
292 819
292 825
292 891
292 892
292 977
293 28
293 71
293 117
293 180
293 341
293 346
293 395
293 424
293 488
293 489
293 553
293 569
293 641
293 692
293 707
293 712
293 771
293 822
293 834
293 906
294 42
294 48
294 91
294 106
294 170
294 258
294 297
294 300
294 369
294 628
294 651
294 690
294 720
294 740
294 759
294 785
294 864
295 111
295 218
295 224
295 326
295 338
295 345
295 386
295 424
295 433
295 454
295 761
295 851
295 926
295 927
295 948
295 978
295 979
295 993
296 16
296 25
296 93
296 120
296 223
296 263
296 335
296 342
296 571
296 671
296 696
296 779
296 842
296 875
297 145
297 229
297 305
297 396
297 427
297 467
297 495
297 499
297 539
297 556
297 583
297 689
297 693
297 705
297 719
297 779
297 834
297 886
297 889
297 949
298 214
298 221
298 340
298 356
298 514
298 518
298 585
298 595
298 619
298 624
298 697
298 918
299 70
299 187
299 261
299 290
299 374
299 409
299 411
299 458
299 464
299 479
299 569
299 585
299 637
299 641
299 709
299 715
299 717
299 865
300 2
300 62
300 103
300 184
300 255
300 329
300 330
300 676
300 696
300 700
300 761
300 844
300 849
300 884
300 917
300 921
300 931
301 74
301 84
301 244
301 282
301 304
301 331
301 337
301 392
301 417
301 481
301 559
301 658
301 699
301 701
301 781
301 833
301 875
301 938
301 966
301 999
302 121
302 190
302 279
302 290
302 325
302 371
302 517
302 532
302 589
302 678
302 703
302 728
302 868
302 900
302 915
302 946
303 135
303 137
303 143
303 167
303 253
303 274
303 297
303 336
303 366
303 382
303 385
303 393
303 410
303 419
303 436
303 520
303 557
303 633
303 749
303 857
303 966
304 47
304 69
304 133
304 263
304 289
304 331
304 373
304 428
304 466
304 552
304 703
304 782
304 842
304 938
304 946
304 983
304 995
305 29
305 125
305 156
305 169
305 211
305 212
305 229
305 256
305 269
305 285
305 286
305 330
305 420
305 444
305 468
305 496
305 531
305 541
305 547
305 554
305 577
305 742
305 768
305 929
305 938
306 43
306 55
306 58
306 98
306 168
306 208
306 225
306 231
306 294
306 327
306 338
306 405
306 442
306 478
306 499
306 534
306 547
306 584
306 608
306 784
306 822
306 906
306 943
306 945
306 968
306 972
306 999
307 75
307 82
307 147
307 207
307 236
307 336
307 429
307 551
307 564
307 575
307 589
307 680
307 699
307 765
307 959
308 78
308 247
308 280
308 328
308 344
308 387
308 418
308 490
308 512
308 537
308 563
308 588
308 601
308 686
308 760
308 827
308 846
308 922
309 2
309 9
309 26
309 71
309 96
309 117
309 194
309 259
309 350
309 391
309 468
309 470
309 616
309 645
309 814
309 890
309 899
309 915
309 943
309 979
309 984
310 13
310 29
310 54
310 92
310 112
310 123
310 176
310 194
310 197
310 281
310 314
310 336
310 371
310 513
310 524
310 526
310 527
310 594
310 640
310 660
310 704
310 761
310 814
310 850
310 923
310 931
311 26
311 110
311 123
311 150
311 231
311 295
311 321
311 339
311 444
311 470
311 614
311 760
311 815
311 843
311 886
311 889
311 911
311 929
311 938
312 8
312 67
312 104
312 184
312 198
312 210
312 286
312 302
312 317
312 439
312 454
312 457
312 473
312 474
312 478
312 633
312 644
312 673
312 694
312 700
312 706
312 766
312 804
312 840
312 848
312 974
312 989
313 37
313 117
313 129
313 145
313 409
313 515
313 520
313 550
313 626
313 692
313 777
313 785
313 858
313 862
313 870
313 880
313 976
314 17
314 35
314 43
314 109
314 189
314 199
314 231
314 290
314 297
314 347
314 377
314 388
314 392
314 417
314 436
314 450
314 525
314 555
314 584
314 707
314 710
314 793
314 814
314 836
314 862
314 899
314 910
314 917
314 991
315 34
315 38
315 47
315 139
315 190
315 402
315 493
315 546
315 553
315 670
315 771
315 793
315 815
315 936
315 996
315 997
316 60
316 204
316 206
316 220
316 248
316 294
316 346
316 411
316 417
316 419
316 476
316 506
316 588
316 616
316 629
316 715
316 724
316 850
316 908
316 951
316 961
317 9
317 21
317 59
317 92
317 164
317 203
317 206
317 280
317 315
317 407
317 408
317 522
317 542
317 573
317 792
317 815
317 879
318 126
318 184
318 200
318 228
318 231
318 303
318 320
318 322
318 340
318 428
318 462
318 575
318 602
318 656
318 729
318 775
318 789
318 804
318 945
319 8
319 31
319 65
319 103
319 450
319 473
319 487
319 534
319 542
319 567
319 577
319 582
319 649
319 656
319 682
319 741
319 816
319 839
319 979
319 988
320 25
320 39
320 54
320 167
320 219
320 227
320 237
320 295
320 391
320 424
320 437
320 523
320 575
320 628
320 670
320 770
320 820
320 900
320 941
321 47
321 78
321 94
321 145
321 163
321 191
321 248
321 257
321 283
321 362
321 367
321 397
321 436
321 450
321 520
321 665
321 699
321 753
321 757
321 809
321 848
322 10
322 17
322 56
322 98
322 99
322 151
322 276
322 283
322 308
322 311
322 330
322 359
322 377
322 387
322 430
322 475
322 486
322 606
322 630
322 676
322 701
322 843
322 904
323 26
323 53
323 59
323 68
323 100
323 103
323 190
323 253
323 303
323 343
323 355
323 425
323 467
323 474
323 607
323 755
323 803
323 816
323 833
323 846
323 850
323 997
324 168
324 247
324 353
324 437
324 458
324 461
324 462
324 526
324 528
324 545
324 561
324 572
324 684
324 746
324 752
324 754
324 769
324 968
324 995
325 74
325 190
325 195
325 211
325 300
325 304
325 357
325 358
325 387
325 388
325 430
325 454
325 613
325 729
325 792
325 933
325 981
325 999
326 48
326 49
326 65
326 86
326 120
326 303
326 386
326 496
326 543
326 589
326 707
326 817
326 843
326 988
326 990
327 126
327 150
327 426
327 443
327 551
327 599
327 616
327 670
327 680
327 694
327 737
327 770
327 786
327 927
328 13
328 118
328 146
328 181
328 188
328 204
328 231
328 259
328 285
328 367
328 531
328 569
328 612
328 641
328 713
328 726
328 815
328 933
328 955
329 6
329 25
329 29
329 38
329 50
329 54
329 66
329 250
329 269
329 348
329 377
329 516
329 563
329 714
329 746
329 798
329 881
329 974
329 985
330 70
330 87
330 137
330 156
330 174
330 316
330 320
330 332
330 383
330 584
330 649
330 764
330 783
330 891
330 894
330 998
331 22
331 33
331 60
331 124
331 142
331 238
331 292
331 304
331 385
331 411
331 439
331 447
331 450
331 478
331 519
331 530
331 554
331 574
331 806
331 813
331 858
331 874
331 891
331 941
332 119
332 163
332 212
332 259
332 387
332 456
332 514
332 589
332 610
332 721
332 722
332 749
332 758
332 760
332 792
332 826
332 880
333 40
333 44
333 56
333 113
333 131
333 190
333 222
333 252
333 297
333 364
333 399
333 465
333 483
333 520
333 564
333 595
333 606
333 778
333 906
334 36
334 37
334 77
334 93
334 115
334 123
334 195
334 306
334 315
334 361
334 528
334 607
334 663
334 754
334 829
334 840
334 842
334 869
334 873
334 973
334 986
335 7
335 56
335 68
335 87
335 153
335 212
335 234
335 274
335 400
335 403
335 591
335 743
335 755
335 862
335 879
335 884
335 950
335 957
335 959
335 983
335 995
335 998
336 28
336 57
336 87
336 104
336 214
336 221
336 235
336 266
336 312
336 318
336 406
336 409
336 454
336 477
336 478
336 507
336 555
336 557
336 592
336 689
336 734
336 743
336 756
336 763
336 787
336 835
336 902
336 921
336 952
336 992
337 53
337 78
337 131
337 182
337 187
337 211
337 276
337 351
337 355
337 399
337 410
337 478
337 490
337 532
337 653
337 723
337 829
337 900
337 903
337 922
337 964
338 82
338 120
338 146
338 147
338 169
338 208
338 232
338 281
338 316
338 383
338 398
338 429
338 510
338 520
338 522
338 534
338 579
338 583
338 587
338 631
338 683
338 717
338 733
338 746
338 801
338 840
338 892
338 896
338 971
339 3
339 8
339 22
339 24
339 70
339 158
339 314
339 386
339 396
339 415
339 476
339 569
339 688
339 751
339 759
339 780
339 802
339 848
339 887
339 951
339 992
339 996
340 27
340 31
340 38
340 81
340 162
340 167
340 191
340 207
340 213
340 471
340 475
340 506
340 520
340 523
340 584
340 611
340 625
340 643
340 747
340 773
340 815
340 870
341 42
341 168
341 247
341 297
341 321
341 377
341 397
341 417
341 508
341 570
341 606
341 709
341 719
341 765
341 785
341 835
341 842
341 945
341 954
342 86
342 90
342 218
342 230
342 262
342 315
342 345
342 363
342 454
342 476
342 552
342 655
342 694
342 721
342 792
342 903
342 980
343 10
343 22
343 102
343 177
343 197
343 206
343 306
343 374
343 405
343 439
343 471
343 480
343 530
343 569
343 622
343 689
343 768
343 782
343 824
343 831
343 888
343 910
343 975
344 7
344 30
344 219
344 353
344 360
344 380
344 391
344 395
344 399
344 424
344 445
344 522
344 523
344 542
344 576
344 705
344 782
345 7
345 102
345 111
345 145
345 170
345 197
345 255
345 270
345 377
345 394
345 470
345 473
345 491
345 621
345 649
345 749
345 788
345 865
345 899
345 901
345 960
346 1
346 12
346 16
346 49
346 71
346 90
346 105
346 122
346 131
346 254
346 258
346 343
346 373
346 387
346 435
346 457
346 528
346 751
346 796
346 803
346 887
346 908
346 997
347 11
347 24
347 74
347 227
347 270
347 340
347 341
347 350
347 374
347 418
347 438
347 473
347 496
347 555
347 567
347 722
347 759
347 866
347 896
347 996
348 53
348 69
348 97
348 149
348 234
348 267
348 309
348 326
348 327
348 336
348 385
348 413
348 589
348 653
348 694
348 697
348 770
348 835
348 959
349 132
349 171
349 218
349 240
349 244
349 278
349 357
349 373
349 409
349 472
349 480
349 506
349 563
349 581
349 606
349 609
349 623
349 627
349 685
349 691
349 768
349 799
349 825
349 863
349 984
350 139
350 212
350 277
350 316
350 343
350 416
350 418
350 444
350 562
350 574
350 594
350 630
350 657
350 686
350 715
350 743
350 764
350 778
350 827
350 834
350 850
351 37
351 62
351 96
351 114
351 226
351 241
351 304
351 367
351 390
351 556
351 704
351 790
351 871
352 24
352 37
352 86
352 169
352 172
352 175
352 198
352 227
352 261
352 296
352 342
352 374
352 406
352 487
352 504
352 698
352 704
352 814
352 860
352 862
352 910
353 6
353 49
353 75
353 99
353 102
353 351
353 421
353 424
353 432
353 579
353 588
353 635
353 643
353 661
353 678
353 698
353 793
353 836
353 908
353 951
353 962
353 987
354 13
354 75
354 90
354 158
354 164
354 264
354 281
354 284
354 290
354 329
354 338
354 341
354 474
354 528
354 533
354 587
354 717
354 727
354 756
354 814
354 870
354 871
354 967
354 969
355 26
355 61
355 183
355 198
355 209
355 223
355 295
355 317
355 362
355 417
355 594
355 630
355 680
355 681
355 917
356 177
356 181
356 256
356 366
356 367
356 653
356 733
356 748
356 764
356 774
356 821
356 827
357 63
357 117
357 158
357 261
357 365
357 421
357 449
357 451
357 472
357 537
357 556
357 560
357 561
357 610
357 730
357 737
357 775
357 831
357 840
357 884
357 895
357 932
357 952
357 957
357 966
357 980
358 0
358 98
358 146
358 161
358 172
358 187
358 200
358 216
358 237
358 271
358 312
358 337
358 354
358 374
358 436
358 447
358 545
358 613
358 812
358 821
358 866
358 905
358 942
358 947
358 969
359 19
359 27
359 57
359 122
359 267
359 335
359 354
359 363
359 390
359 421
359 434
359 435
359 467
359 515
359 521
359 578
359 595
359 699
359 804
359 818
359 942
359 983
359 986
360 3
360 111
360 246
360 328
360 363
360 390
360 636
360 663
360 763
360 807
360 833
360 905
360 921
360 936
361 62
361 97
361 101
361 103
361 133
361 162
361 191
361 246
361 311
361 319
361 583
361 722
361 725
361 814
361 823
361 848
361 958
361 965
361 983
361 986
362 32
362 87
362 108
362 140
362 212
362 292
362 311
362 438
362 444
362 690
362 750
362 771
362 825
362 875
363 163
363 179
363 317
363 328
363 394
363 444
363 447
363 503
363 539
363 563
363 570
363 632
363 694
363 715
363 737
363 752
363 870
363 877
363 904
363 981
364 55
364 87
364 89
364 109
364 118
364 184
364 210
364 238
364 273
364 274
364 341
364 402
364 420
364 457
364 470
364 497
364 521
364 543
364 585
364 601
364 672
364 724
364 735
364 747
364 818
364 854
364 864
365 27
365 149
365 170
365 254
365 258
365 273
365 369
365 406
365 470
365 484
365 492
365 536
365 563
365 584
365 682
365 691
365 714
365 738
365 781
365 880
365 908
365 925
365 954
366 2
366 239
366 272
366 315
366 369
366 413
366 458
366 540
366 597
366 656
366 829
366 957
367 13
367 31
367 107
367 124
367 215
367 327
367 343
367 394
367 412
367 526
367 527
367 765
367 883
367 894
367 938
367 949
367 951
367 963
367 969
367 980
367 985
368 24
368 46
368 331
368 333
368 377
368 385
368 399
368 439
368 466
368 474
368 480
368 534
368 577
368 647
368 673
368 714
368 751
368 834
368 835
368 850
368 854
369 110
369 218
369 239
369 267
369 385
369 509
369 511
369 528
369 584
369 596
369 674
369 708
369 727
369 729
369 740
369 808
369 939
370 47
370 95
370 113
370 241
370 274
370 282
370 343
370 386
370 513
370 612
370 630
370 811
370 838
370 856
370 906
370 989
371 38
371 72
371 151
371 238
371 285
371 299
371 322
371 395
371 593
371 685
371 690
371 698
371 713
371 821
371 857
371 906
371 964
371 974
372 5
372 117
372 196
372 219
372 378
372 388
372 391
372 426
372 481
372 516
372 598
372 742
372 788
372 823
372 849
372 932
372 993
373 38
373 54
373 71
373 98
373 109
373 117
373 133
373 195
373 232
373 253
373 274
373 296
373 346
373 421
373 432
373 466
373 533
373 555
373 558
373 578
373 615
373 652
373 686
373 797
373 836
373 841
373 894
373 983
374 18
374 113
374 118
374 128
374 218
374 224
374 235
374 305
374 417
374 454
374 526
374 579
374 677
374 732
374 810
374 870
374 883
374 893
374 936
374 946
374 948
375 15
375 98
375 117
375 186
375 310
375 312
375 389
375 400
375 435
375 450
375 469
375 542
375 567
375 625
375 642
375 725
375 777
375 908
375 942
375 956
376 74
376 105
376 114
376 126
376 165
376 181
376 217
376 227
376 314
376 317
376 345
376 386
376 515
376 547
376 699
376 741
376 778
376 810
376 873
376 945
376 996
377 2
377 70
377 87
377 104
377 115
377 237
377 261
377 291
377 296
377 325
377 383
377 407
377 458
377 502
377 576
377 593
377 660
377 853
377 868
377 918
377 971
378 43
378 64
378 82
378 96
378 372
378 386
378 409
378 508
378 569
378 586
378 696
378 697
378 739
378 802
378 894
378 895
378 905
378 990
379 5
379 18
379 88
379 183
379 240
379 282
379 328
379 493
379 500
379 619
379 764
379 805
379 867
379 888
380 28
380 42
380 106
380 215
380 246
380 257
380 258
380 318
380 319
380 419
380 477
380 493
380 517
380 525
380 537
380 586
380 658
380 741
380 754
380 770
380 869
380 924
380 925
380 927
380 957
381 15
381 62
381 81
381 188
381 323
381 350
381 474
381 499
381 518
381 563
381 575
381 603
381 629
381 678
381 780
381 850
381 891
381 912
381 984
381 989
381 991
382 12
382 48
382 57
382 125
382 146
382 151
382 217
382 296
382 311
382 318
382 350
382 351
382 405
382 484
382 654
382 724
382 774
382 800
382 801
382 893
382 955
382 967
383 43
383 48
383 50
383 58
383 118
383 134
383 332
383 442
383 450
383 486
383 575
383 653
383 689
383 743
383 802
383 821
383 958
384 45
384 209
384 243
384 246
384 350
384 363
384 464
384 510
384 532
384 534
384 611
384 619
384 656
384 660
384 833
384 847
385 15
385 70
385 168
385 169
385 187
385 190
385 219
385 278
385 295
385 319
385 371
385 376
385 439
385 460
385 465
385 658
385 805
385 818
385 834
385 853
385 890
385 959
385 965
386 304
386 422
386 442
386 466
386 624
386 647
386 684
386 724
386 856
386 859
386 958
387 13
387 16
387 111
387 126
387 136
387 172
387 191
387 321
387 337
387 353
387 533
387 540
387 547
387 705
387 828
387 895
387 939
387 972
387 975
388 131
388 154
388 280
388 394
388 413
388 521
388 611
388 659
388 713
388 755
388 756
388 771
388 851
388 953
388 956
389 0
389 2
389 46
389 71
389 115
389 152
389 224
389 291
389 305
389 323
389 437
389 442
389 466
389 479
389 527
389 537
389 550
389 568
389 616
389 642
389 651
389 673
389 708
389 747
389 777
389 798
389 905
390 55
390 97
390 98
390 170
390 268
390 354
390 440
390 543
390 835
390 885
390 985
391 3
391 57
391 84
391 98
391 303
391 316
391 348
391 366
391 367
391 401
391 413
391 506
391 515
391 560
391 601
391 604
391 754
391 855
391 857
391 912
391 950
392 36
392 57
392 79
392 94
392 134
392 183
392 252
392 327
392 347
392 353
392 399
392 422
392 579
392 580
392 584
392 664
392 811
392 861
392 918
393 122
393 313
393 352
393 438
393 455
393 470
393 484
393 502
393 525
393 528
393 539
393 624
393 717
393 743
393 758
393 812
393 815
393 870
393 938
393 976
394 55
394 174
394 225
394 251
394 330
394 384
394 699
394 728
394 774
394 846
394 939
394 986
395 94
395 96
395 100
395 130
395 136
395 138
395 262
395 304
395 315
395 328
395 520
395 536
395 633
395 666
395 717
395 727
395 756
395 758
395 767
395 862
395 893
395 913
395 939
395 975
395 977
396 37
396 87
396 107
396 129
396 171
396 248
396 267
396 419
396 502
396 540
396 666
396 711
396 819
396 832
396 905
396 918
396 971
397 55
397 98
397 130
397 163
397 174
397 242
397 295
397 302
397 306
397 334
397 408
397 424
397 504
397 627
397 653
397 770
397 776
397 897
398 29
398 52
398 90
398 127
398 188
398 287
398 295
398 349
398 368
398 457
398 463
398 471
398 502
398 526
398 528
398 692
398 722
398 782
398 793
398 849
399 0
399 12
399 72
399 82
399 146
399 149
399 215
399 226
399 330
399 371
399 392
399 457
399 482
399 561
399 594
399 631
399 640
399 660
399 701
399 706
399 744
399 824
399 857
399 868
399 930
400 100
400 145
400 218
400 230
400 264
400 489
400 534
400 545
400 633
400 686
400 746
400 814
400 855
400 919
400 963
401 71
401 173
401 285
401 292
401 314
401 322
401 538
401 588
401 641
401 737
401 880
401 914
401 930
401 958
401 972
401 975
402 6
402 89
402 196
402 227
402 257
402 297
402 332
402 337
402 341
402 353
402 410
402 435
402 475
402 541
402 614
402 663
402 674
402 676
402 719
402 784
402 829
402 859
402 941
402 942
402 980
403 20
403 83
403 206
403 238
403 246
403 260
403 291
403 317
403 326
403 365
403 368
403 421
403 448
403 462
403 490
403 493
403 594
403 676
403 727
403 744
403 776
403 840
403 897
403 953
403 968
404 237
404 249
404 254
404 289
404 351
404 385
404 418
404 546
404 614
404 627
404 721
404 754
404 776
404 782
404 855
404 868
404 900
404 972
405 19
405 22
405 30
405 73
405 99
405 145
405 200
405 201
405 218
405 253
405 293
405 392
405 393
405 394
405 452
405 578
405 724
405 736
405 825
405 865
405 909
405 957
405 989
406 163
406 222
406 231
406 248
406 288
406 341
406 439
406 497
406 579
406 595
406 613
406 634
406 638
406 648
406 694
406 734
406 762
406 852
406 950
406 987
407 58
407 184
407 278
407 441
407 457
407 462
407 526
407 530
407 541
407 580
407 638
407 674
407 750
407 781
407 801
407 857
407 891
407 935
407 946
407 985
408 81
408 90
408 144
408 162
408 187
408 225
408 261
408 336
408 337
408 351
408 727
408 740
408 742
408 772
408 880
409 6
409 347
409 357
409 369
409 507
409 520
409 552
409 592
409 678
409 800
409 865
410 45
410 234
410 241
410 252
410 412
410 451
410 512
410 538
410 610
410 649
410 758
410 788
410 813
410 819
410 975
410 989
411 3
411 155
411 173
411 216
411 236
411 341
411 357
411 404
411 438
411 486
411 544
411 621
411 629
411 753
411 833
411 861
411 876
411 936
411 959
411 960
411 983
411 988
412 53
412 120
412 207
412 283
412 311
412 321
412 349
412 390
412 422
412 556
412 598
412 689
412 787
412 844
412 853
412 931
413 12
413 60
413 92
413 98
413 161
413 174
413 214
413 272
413 374
413 385
413 410
413 414
413 441
413 474
413 572
413 576
413 657
413 667
413 822
413 941
413 980
414 5
414 19
414 211
414 259
414 281
414 304
414 420
414 517
414 594
414 600
414 670
414 682
414 731
414 739
414 796
414 806
414 815
414 816
414 829
414 925
414 938
414 979
414 997
415 47
415 137
415 297
415 439
415 566
415 575
415 594
415 646
415 658
415 684
415 705
415 716
415 738
415 764
415 789
415 810
415 895
415 910
415 965
415 983
415 998
416 82
416 107
416 109
416 206
416 246
416 256
416 294
416 479
416 608
416 631
416 632
416 645
416 660
416 688
416 710
416 736
416 744
416 757
416 770
416 791
416 807
416 818
417 19
417 174
417 198
417 203
417 228
417 278
417 322
417 324
417 363
417 477
417 486
417 614
417 693
417 728
417 848
417 959
417 978
418 121
418 183
418 184
418 245
418 346
418 423
418 473
418 587
418 668
418 715
418 755
418 764
418 819
418 831
418 890
419 34
419 165
419 176
419 320
419 322
419 330
419 338
419 435
419 438
419 485
419 579
419 614
419 685
419 691
419 695
419 726
419 790
419 810
419 821
419 926
419 960
420 49
420 170
420 178
420 255
420 266
420 423
420 495
420 601
420 604
420 680
420 743
420 765
420 824
420 828
420 877
421 65
421 172
421 193
421 200
421 274
421 440
421 492
421 498
421 510
421 543
421 555
421 593
421 719
421 776
421 816
421 974
422 10
422 15
422 54
422 83
422 106
422 223
422 243
422 246
422 248
422 263
422 269
422 281
422 349
422 428
422 621
422 677
422 679
422 741
422 754
422 832
422 920
422 962
422 977
423 8
423 32
423 87
423 94
423 100
423 115
423 228
423 241
423 264
423 275
423 279
423 346
423 396
423 402
423 403
423 434
423 437
423 458
423 499
423 505
423 512
423 577
423 719
423 762
423 855
423 885
424 65
424 164
424 173
424 189
424 234
424 254
424 326
424 547
424 609
424 653
424 734
424 889
425 29
425 40
425 44
425 57
425 102
425 224
425 230
425 284
425 473
425 479
425 553
425 555
425 581
425 598
425 608
425 648
425 651
425 656
425 743
425 812
426 125
426 132
426 153
426 224
426 229
426 278
426 365
426 371
426 513
426 545
426 549
426 677
426 715
426 753
426 762
426 820
426 853
426 856
426 863
426 872
426 885
426 930
426 944
427 76
427 124
427 229
427 291
427 321
427 339
427 373
427 382
427 416
427 502
427 536
427 543
427 758
427 769
427 803
427 828
427 855
427 905
427 939
427 952
428 15
428 93
428 95
428 97
428 143
428 182
428 206
428 294
428 309
428 358
428 379
428 433
428 488
428 498
428 513
428 559
428 560
428 607
428 780
428 809
428 813
428 868
428 871
428 951
429 18
429 38
429 124
429 138
429 202
429 225
429 325
429 380
429 412
429 490
429 522
429 527
429 561
429 676
429 767
429 866
429 906
429 957
429 965
430 140
430 197
430 242
430 337
430 338
430 446
430 528
430 630
430 733
430 782
430 784
430 787
430 793
430 896
430 941
431 19
431 87
431 93
431 130
431 142
431 158
431 205
431 291
431 336
431 351
431 357
431 421
431 476
431 526
431 603
431 741
431 795
431 806
431 954
431 981
431 987
432 53
432 61
432 73
432 103
432 277
432 360
432 555
432 575
432 580
432 668
432 698
432 738
432 848
432 904
432 909
432 944
433 8
433 52
433 81
433 84
433 125
433 168
433 174
433 281
433 295
433 336
433 342
433 401
433 678
433 755
434 23
434 27
434 29
434 205
434 231
434 268
434 321
434 326
434 352
434 478
434 501
434 563
434 567
434 619
434 636
434 664
434 810
434 816
434 819
435 128
435 220
435 295
435 488
435 543
435 706
435 771
435 845
435 854
435 862
435 914
435 990
435 992
436 27
436 82
436 274
436 368
436 396
436 405
436 616
436 700
436 709
436 727
436 747
436 799
436 831
436 846
436 871
437 91
437 132
437 157
437 172
437 175
437 211
437 318
437 328
437 474
437 476
437 572
437 594
437 707
437 726
437 758
437 774
437 826
437 884
438 83
438 86
438 132
438 156
438 170
438 194
438 201
438 214
438 294
438 325
438 369
438 371
438 492
438 722
438 766
438 777
438 786
438 889
438 931
438 961
439 6
439 20
439 39
439 44
439 97
439 101
439 134
439 191
439 239
439 317
439 330
439 345
439 403
439 420
439 553
439 732
439 853
439 942
439 964
439 967
439 997
440 54
440 75
440 164
440 179
440 191
440 244
440 268
440 341
440 385
440 414
440 509
440 518
440 544
440 634
440 672
440 727
440 730
440 755
440 821
440 849
440 852
440 860
440 900
440 901
440 967
440 971
440 990
440 997
441 46
441 117
441 122
441 181
441 251
441 255
441 268
441 325
441 348
441 491
441 505
441 793
441 902
441 970
441 973
441 995
441 999
442 98
442 104
442 111
442 128
442 138
442 232
442 274
442 281
442 396
442 477
442 533
442 612
442 651
442 741
442 763
442 785
442 825
443 161
443 163
443 209
443 214
443 229
443 242
443 258
443 262
443 303
443 366
443 377
443 469
443 603
443 607
443 624
443 650
443 690
443 824
443 856
443 877
443 883
444 53
444 93
444 98
444 171
444 230
444 261
444 262
444 287
444 445
444 466
444 676
444 798
444 862
444 899
444 931
444 957
444 999
445 44
445 177
445 197
445 302
445 308
445 396
445 415
445 429
445 515
445 549
445 574
445 590
445 639
445 657
445 722
445 745
445 807
445 823
445 840
445 884
445 966
446 15
446 45
446 74
446 133
446 137
446 142
446 146
446 169
446 192
446 305
446 313
446 348
446 350
446 369
446 387
446 396
446 493
446 496
446 994
447 73
447 94
447 185
447 261
447 293
447 336
447 354
447 367
447 432
447 575
447 603
447 765
447 792
447 808
447 847
447 910
447 976
448 27
448 91
448 152
448 220
448 298
448 335
448 439
448 527
448 543
448 544
448 565
448 566
448 571
448 591
448 672
448 783
448 784
448 884
448 892
448 966
449 118
449 140
449 173
449 192
449 211
449 270
449 335
449 400
449 418
449 424
449 432
449 438
449 548
449 616
449 726
449 729
449 735
449 749
449 781
449 785
449 816
449 903
449 908
449 915
450 41
450 596
450 630
450 687
450 713
450 714
450 715
450 778
450 962
451 120
451 200
451 240
451 245
451 257
451 328
451 403
451 424
451 506
451 511
451 541
451 660
451 734
451 760
451 827
451 841
451 866
451 906
451 981
452 14
452 55
452 98
452 145
452 225
452 246
452 255
452 273
452 321
452 327
452 356
452 405
452 413
452 490
452 536
452 561
452 600
452 629
452 655
452 681
452 713
452 760
452 801
452 806
452 871
452 975
453 91
453 101
453 116
453 186
453 266
453 269
453 355
453 541
453 555
453 658
453 694
453 697
453 756
453 769
453 886
453 909
453 999
454 28
454 37
454 136
454 183
454 211
454 229
454 235
454 289
454 291
454 321
454 357
454 374
454 375
454 593
454 702
454 742
454 914
454 919
454 970
455 127
455 275
455 404
455 421
455 551
455 715
455 734
455 951
456 86
456 157
456 425
456 508
456 595
456 702
456 755
456 792
456 902
456 974
457 13
457 80
457 102
457 106
457 128
457 155
457 173
457 185
457 214
457 220
457 225
457 237
457 274
457 372
457 403
457 405
457 453
457 470
457 547
457 567
457 570
457 602
457 611
457 713
457 744
457 772
457 891
457 948
457 982
458 3
458 7
458 148
458 153
458 228
458 244
458 272
458 313
458 351
458 352
458 426
458 454
458 483
458 539
458 620
458 655
458 674
458 747
458 878
458 930
459 68
459 97
459 105
459 109
459 199
459 213
459 368
459 402
459 433
459 452
459 505
459 514
459 576
459 603
459 644
459 670
459 707
459 731
459 764
459 817
460 7
460 10
460 121
460 177
460 210
460 225
460 298
460 306
460 363
460 382
460 414
460 417
460 452
460 542
460 577
460 711
460 732
460 733
460 816
460 820
460 830
460 879
460 925
460 939
460 961
460 972
461 0
461 1
461 63
461 67
461 98
461 119
461 183
461 310
461 367
461 386
461 475
461 656
461 663
461 674
461 690
461 784
461 813
461 960
461 973
461 992
462 17
462 48
462 75
462 94
462 204
462 357
462 417
462 494
462 500
462 564
462 651
462 688
462 702
462 735
462 818
462 868
462 901
462 968
463 6
463 153
463 156
463 157
463 164
463 241
463 265
463 266
463 271
463 275
463 304
463 414
463 556
463 614
463 634
463 733
463 764
463 769
463 770
464 85
464 104
464 326
464 430
464 440
464 442
464 565
464 583
464 593
464 727
464 767
464 789
465 0
465 16
465 40
465 64
465 101
465 141
465 162
465 227
465 252
465 391
465 413
465 622
465 668
465 826
465 965
465 984
465 992
466 71
466 109
466 114
466 180
466 186
466 220
466 237
466 280
466 283
466 299
466 383
466 455
466 548
466 574
466 578
466 631
466 651
466 665
466 760
466 827
466 979
467 175
467 178
467 182
467 340
467 380
467 547
467 551
467 600
467 702
467 742
467 746
467 818
467 897
467 970
467 976
468 10
468 66
468 146
468 219
468 220
468 298
468 300
468 319
468 383
468 567
468 576
468 581
468 630
468 668
468 684
468 698
468 762
468 765
468 799
468 803
468 831
468 905
468 938
469 20
469 121
469 131
469 209
469 217
469 271
469 355
469 410
469 486
469 503
469 542
469 566
469 582
469 674
469 711
469 781
469 787
469 792
470 29
470 166
470 201
470 312
470 383
470 467
470 478
470 518
470 557
470 564
470 593
470 764
470 897
471 50
471 63
471 107
471 133
471 183
471 240
471 301
471 306
471 360
471 385
471 451
471 529
471 569
471 601
471 681
471 771
471 801
471 879
471 923
471 926
471 948
471 976
472 5
472 60
472 180
472 183
472 260
472 266
472 275
472 335
472 425
472 446
472 509
472 522
472 602
472 854
472 864
472 890
472 905
472 925
472 952
472 965
473 93
473 193
473 198
473 213
473 277
473 283
473 288
473 315
473 318
473 338
473 441
473 450
473 618
473 706
473 744
473 753
473 757
473 782
473 917
473 934
474 17
474 29
474 34
474 78
474 142
474 194
474 223
474 284
474 361
474 401
474 427
474 483
474 493
474 537
474 564
474 591
474 605
474 716
474 781
474 794
474 814
474 818
474 868
474 936
474 948
474 970
475 17
475 18
475 154
475 204
475 308
475 336
475 365
475 386
475 401
475 421
475 439
475 468
475 488
475 489
475 549
475 559
475 651
475 728
475 785
475 842
475 874
475 890
475 898
475 987
476 22
476 44
476 121
476 122
476 151
476 225
476 250
476 270
476 287
476 432
476 454
476 473
476 475
476 488
476 490
476 496
476 626
476 682
476 737
476 836
476 953
477 38
477 44
477 109
477 111
477 113
477 126
477 272
477 277
477 305
477 455
477 630
477 707
477 728
477 732
477 781
477 863
477 904
477 922
477 951
478 24
478 26
478 38
478 80
478 96
478 109
478 111
478 168
478 235
478 359
478 375
478 452
478 477
478 510
478 592
478 614
478 619
478 676
478 713
478 748
478 749
478 753
478 808
478 813
478 852
478 871
478 923
478 989
478 994
479 39
479 57
479 90
479 97
479 307
479 341
479 387
479 401
479 460
479 539
479 617
479 692
479 698
479 705
479 749
479 761
479 788
479 826
480 23
480 49
480 75
480 92
480 98
480 104
480 187
480 220
480 318
480 535
480 700
480 820
480 947
481 60
481 78
481 118
481 125
481 144
481 145
481 177
481 266
481 270
481 275
481 297
481 302
481 312
481 397
481 414
481 505
481 520
481 539
481 563
481 583
481 630
481 641
481 655
481 671
481 672
481 673
481 744
481 783
481 854
481 924
481 926
482 18
482 28
482 73
482 161
482 187
482 223
482 235
482 238
482 309
482 350
482 376
482 386
482 407
482 509
482 575
482 623
482 676
482 681
482 687
482 744
482 768
482 771
482 817
482 841
482 914
483 40
483 162
483 167
483 178
483 226
483 253
483 258
483 313
483 315
483 384
483 498
483 617
483 618
483 795
483 867
483 971
483 983
483 995
484 16
484 28
484 48
484 51
484 73
484 134
484 142
484 167
484 285
484 351
484 375
484 437
484 441
484 502
484 506
484 558
484 682
484 702
484 794
484 828
484 836
485 17
485 46
485 130
485 179
485 208
485 233
485 247
485 306
485 310
485 316
485 367
485 479
485 490
485 538
485 555
485 578
485 591
485 706
485 771
485 857
485 864
485 932
485 941
486 135
486 176
486 184
486 191
486 193
486 298
486 461
486 482
486 562
486 679
486 680
486 690
486 696
486 763
486 890
486 906
486 947
487 69
487 83
487 182
487 276
487 313
487 343
487 428
487 587
487 663
487 780
487 860
487 920
487 939
487 960
487 963
487 977
488 9
488 61
488 158
488 221
488 241
488 251
488 281
488 326
488 331
488 343
488 377
488 404
488 406
488 432
488 457
488 500
488 595
488 620
488 703
488 745
488 748
488 766
488 785
488 826
488 836
488 867
488 897
488 946
489 15
489 58
489 60
489 66
489 73
489 244
489 277
489 317
489 338
489 351
489 355
489 378
489 398
489 440
489 520
489 523
489 538
489 539
489 545
489 572
489 583
489 654
489 671
489 715
489 740
489 787
489 812
489 908
489 921
489 923
489 963
489 967
489 968
490 17
490 76
490 82
490 88
490 164
490 205
490 294
490 314
490 352
490 436
490 461
490 506
490 562
490 638
490 778
490 816
490 857
490 863
490 865
490 902
490 904
490 945
490 971
490 973
490 974
490 996
491 76
491 81
491 160
491 185
491 193
491 219
491 221
491 310
491 357
491 397
491 410
491 508
491 547
491 576
491 600
491 617
491 622
491 664
491 710
491 755
491 774
491 825
491 909
492 142
492 150
492 168
492 170
492 268
492 292
492 327
492 373
492 382
492 421
492 500
492 514
492 575
492 694
492 741
492 751
492 799
492 804
492 852
492 891
492 953
492 964
493 2
493 67
493 116
493 161
493 183
493 225
493 460
493 546
493 561
493 565
493 604
493 622
493 651
493 672
493 757
493 762
493 771
493 778
493 833
493 864
493 947
493 955
494 109
494 186
494 193
494 217
494 232
494 239
494 298
494 334
494 344
494 375
494 466
494 583
494 613
494 696
494 781
494 942
494 948
494 985
495 52
495 68
495 124
495 148
495 317
495 378
495 438
495 520
495 524
495 616
495 678
495 714
495 742
495 864
496 14
496 28
496 204
496 309
496 314
496 321
496 411
496 525
496 532
496 609
496 813
496 921
496 968
496 985
497 11
497 12
497 62
497 92
497 155
497 235
497 281
497 290
497 355
497 372
497 405
497 429
497 451
497 486
497 521
497 526
497 555
497 607
497 624
497 688
497 702
497 710
497 716
497 848
497 901
497 937
497 948
497 956
497 965
497 979
497 986
498 4
498 30
498 54
498 63
498 82
498 111
498 236
498 300
498 403
498 413
498 578
498 620
498 650
498 652
498 658
498 659
498 706
498 722
498 730
498 748
498 912
499 202
499 211
499 264
499 277
499 350
499 353
499 357
499 464
499 515
499 563
499 606
499 628
499 639
499 724
499 815
499 858
499 939
500 12
500 57
500 194
500 294
500 324
500 382
500 459
500 649
500 677
500 750
500 779
500 823
500 831
500 841
500 929
500 930
500 973
501 89
501 95
501 102
501 138
501 322
501 399
501 407
501 475
501 547
501 584
501 602
501 613
501 640
501 652
501 721
501 805
501 822
501 835
501 897
501 912
501 971
502 21
502 33
502 50
502 54
502 60
502 191
502 282
502 345
502 408
502 428
502 479
502 619
502 666
502 679
502 764
502 768
502 875
502 907
502 937
502 968
502 975
503 11
503 67
503 169
503 174
503 180
503 272
503 337
503 380
503 434
503 456
503 505
503 550
503 694
503 846
503 854
503 885
503 953
503 980
504 1
504 55
504 107
504 124
504 252
504 307
504 369
504 420
504 495
504 499
504 577
504 632
504 737
504 786
504 812
504 858
504 937
504 954
505 12
505 26
505 39
505 62
505 102
505 109
505 227
505 255
505 318
505 367
505 425
505 427
505 463
505 470
505 600
505 710
505 732
505 792
505 879
505 926
506 218
506 265
506 291
506 299
506 318
506 326
506 365
506 436
506 606
506 738
506 818
506 823
506 857
506 928
506 946
507 84
507 141
507 173
507 191
507 275
507 294
507 302
507 307
507 341
507 361
507 404
507 406
507 436
507 484
507 489
507 564
507 589
507 601
507 749
507 758
507 759
507 810
507 880
507 891
507 905
507 924
507 975
508 14
508 18
508 24
508 33
508 95
508 102
508 166
508 179
508 183
508 210
508 231
508 283
508 291
508 336
508 342
508 385
508 394
508 454
508 613
508 629
508 740
508 810
508 820
508 823
508 862
508 965
508 966
509 35
509 46
509 48
509 65
509 131
509 142
509 263
509 334
509 388
509 445
509 457
509 493
509 645
509 648
509 712
509 814
509 824
509 863
509 905
509 950
510 91
510 107
510 112
510 196
510 208
510 247
510 251
510 263
510 295
510 310
510 320
510 338
510 414
510 439
510 454
510 460
510 518
510 616
510 684
510 713
510 720
510 757
510 928
511 2
511 10
511 33
511 126
511 165
511 297
511 389
511 461
511 473
511 516
511 524
511 795
511 980
512 134
512 188
512 203
512 238
512 277
512 350
512 368
512 372
512 560
512 713
512 752
512 803
512 931
512 969
512 970
512 987
512 997
513 173
513 221
513 254
513 479
513 524
513 572
513 576
513 579
513 668
513 771
513 834
513 890
513 907
513 957
513 971
513 999
514 99
514 111
514 113
514 142
514 191
514 203
514 277
514 331
514 387
514 392
514 417
514 461
514 477
514 570
514 642
514 907
514 998
515 74
515 153
515 206
515 245
515 285
515 348
515 409
515 475
515 496
515 585
515 612
515 642
515 671
515 678
515 717
515 735
515 791
515 827
515 840
515 856
515 929
515 947
515 949
515 967
515 993
516 47
516 150
516 193
516 304
516 347
516 456
516 500
516 533
516 551
516 592
516 681
516 684
516 729
516 733
516 744
516 877
516 920
516 983
516 988
517 39
517 58
517 76
517 166
517 236
517 237
517 310
517 344
517 364
517 668
517 721
517 805
517 889
517 893
517 959
518 70
518 94
518 150
518 164
518 250
518 278
518 281
518 328
518 337
518 338
518 388
518 395
518 421
518 609
518 621
518 671
518 678
518 691
518 742
518 753
518 927
518 952
518 956
518 967
519 52
519 149
519 186
519 230
519 380
519 403
519 432
519 646
519 668
519 696
519 799
519 805
519 894
520 73
520 147
520 165
520 234
520 258
520 453
520 516
520 548
520 563
520 570
520 571
520 646
520 680
520 840
520 957
521 5
521 29
521 36
521 195
521 198
521 213
521 220
521 265
521 325
521 347
521 386
521 486
521 618
521 635
521 663
521 745
521 826
521 837
521 866
521 929
521 990
522 3
522 91
522 179
522 199
522 208
522 245
522 265
522 279
522 295
522 333
522 339
522 382
522 422
522 468
522 491
522 498
522 499
522 531
522 560
522 570
522 694
522 721
522 809
522 890
522 948
522 967
523 20
523 89
523 95
523 258
523 281
523 308
523 347
523 431
523 471
523 480
523 510
523 515
523 566
523 595
523 737
523 752
523 767
523 798
523 864
523 870
523 930
523 934
524 33
524 71
524 143
524 170
524 200
524 327
524 333
524 339
524 444
524 509
524 521
524 530
524 584
524 586
524 693
524 729
524 733
524 757
524 761
524 770
524 773
524 796
524 823
524 833
524 917
524 933
525 1
525 103
525 189
525 221
525 335
525 373
525 487
525 499
525 543
525 558
525 606
525 673
525 676
525 750
525 791
525 807
525 820
525 832
525 844
525 845
525 930
525 951
525 980
525 987
525 990
526 32
526 131
526 192
526 241
526 265
526 271
526 415
526 456
526 500
526 522
526 567
526 580
526 601
526 603
526 763
526 773
526 884
526 929
527 25
527 119
527 154
527 321
527 434
527 611
527 625
527 689
527 710
527 774
527 808
527 837
527 841
527 867
527 985
528 33
528 108
528 139
528 213
528 216
528 239
528 375
528 563
528 645
528 648
528 678
528 722
528 772
528 871
528 942
528 983
529 3
529 19
529 51
529 72
529 144
529 171
529 197
529 232
529 233
529 384
529 427
529 536
529 552
529 785
529 818
529 845
529 867
529 875
529 881
529 917
529 923
529 966
530 35
530 102
530 158
530 231
530 232
530 254
530 314
530 358
530 410
530 447
530 470
530 494
530 517
530 593
530 687
530 759
530 799
530 903
530 908
530 950
530 953
530 964
531 77
531 95
531 122
531 186
531 211
531 255
531 279
531 380
531 416
531 443
531 453
531 485
531 535
531 549
531 568
531 630
531 649
531 651
531 715
531 722
531 747
531 781
531 796
531 805
531 832
532 10
532 31
532 60
532 72
532 77
532 88
532 179
532 290
532 358
532 372
532 383
532 415
532 498
532 639
532 669
532 682
532 730
532 809
532 849
532 857
532 945
532 948
533 3
533 58
533 59
533 88
533 102
533 105
533 126
533 176
533 360
533 475
533 603
533 709
533 773
533 897
533 962
534 24
534 45
534 49
534 60
534 76
534 96
534 129
534 188
534 189
534 249
534 331
534 346
534 425
534 430
534 433
534 439
534 458
534 500
534 503
534 574
534 602
534 611
534 622
534 668
534 682
534 683
534 728
534 818
534 962
534 966
534 996
535 82
535 97
535 142
535 194
535 299
535 330
535 336
535 382
535 397
535 416
535 430
535 464
535 497
535 506
535 514
535 637
535 656
535 669
535 697
535 717
535 809
535 836
535 844
535 855
535 868
535 900
535 918
535 964
535 973
535 993
535 997
536 25
536 72
536 91
536 153
536 238
536 250
536 363
536 366
536 410
536 448
536 455
536 460
536 477
536 501
536 627
536 681
536 708
536 761
536 836
536 897
536 999
537 19
537 203
537 210
537 456
537 524
537 596
537 597
537 658
537 659
537 796
537 819
537 828
537 877
537 930
537 960
537 985
537 991
538 20
538 25
538 57
538 77
538 81
538 102
538 108
538 115
538 131
538 154
538 162
538 231
538 323
538 334
538 415
538 578
538 628
538 654
538 721
538 789
538 943
539 60
539 78
539 173
539 228
539 259
539 267
539 384
539 406
539 520
539 532
539 540
539 564
539 639
539 681
539 691
539 755
539 786
539 832
539 869
539 893
539 969
539 974
540 81
540 215
540 246
540 252
540 365
540 431
540 535
540 578
540 635
540 688
540 776
540 854
540 929
540 982
541 22
541 37
541 45
541 50
541 138
541 185
541 187
541 199
541 261
541 287
541 313
541 332
541 371
541 401
541 418
541 420
541 455
541 506
541 530
541 537
541 613
541 620
541 743
541 778
541 820
541 839
541 865
541 904
541 977
542 49
542 126
542 136
542 221
542 225
542 240
542 378
542 433
542 473
542 474
542 558
542 595
542 629
542 721
542 961
543 26
543 38
543 47
543 76
543 104
543 245
543 288
543 329
543 380
543 415
543 419
543 431
543 451
543 454
543 473
543 475
543 477
543 552
543 645
543 646
543 671
543 684
543 769
543 807
543 817
543 904
543 908
543 922
544 90
544 166
544 183
544 184
544 249
544 287
544 370
544 410
544 420
544 486
544 499
544 580
544 669
544 684
544 838
544 991
545 92
545 154
545 171
545 241
545 285
545 310
545 322
545 392
545 532
545 665
545 744
545 881
545 883
545 884
546 18
546 75
546 143
546 292
546 331
546 336
546 341
546 345
546 356
546 413
546 490
546 563
546 674
546 703
546 762
546 785
546 790
546 819
546 832
546 881
546 906
546 939
546 973
547 13
547 21
547 67
547 94
547 98
547 101
547 104
547 137
547 164
547 202
547 255
547 263
547 289
547 296
547 334
547 343
547 437
547 554
547 570
547 572
547 670
547 681
547 738
547 769
547 816
547 825
547 887
547 921
548 1
548 35
548 53
548 83
548 141
548 172
548 173
548 285
548 322
548 340
548 369
548 428
548 461
548 466
548 474
548 573
548 614
548 673
548 701
548 788
548 833
548 855
548 939
548 975
549 24
549 96
549 104
549 124
549 128
549 132
549 139
549 202
549 211
549 228
549 291
549 321
549 446
549 614
549 621
549 641
549 654
549 664
549 706
549 738
549 824
549 860
549 863
549 869
549 937
550 70
550 263
550 270
550 337
550 382
550 471
550 485
550 537
550 571
550 576
550 732
550 856
550 893
550 911
550 961
551 61
551 72
551 109
551 188
551 204
551 225
551 228
551 259
551 351
551 479
551 486
551 677
551 726
551 758
551 794
551 854
551 957
551 992
552 128
552 257
552 355
552 369
552 464
552 494
552 510
552 574
552 579
552 585
552 720
552 805
552 861
552 872
552 887
552 900
552 915
552 957
553 12
553 22
553 32
553 71
553 133
553 134
553 177
553 243
553 255
553 289
553 441
553 455
553 470
553 551
553 563
553 594
553 617
553 639
553 648
553 701
553 738
553 805
553 823
553 968
554 70
554 139
554 160
554 168
554 182
554 253
554 280
554 353
554 361
554 389
554 420
554 423
554 447
554 552
554 567
554 681
554 725
554 863
555 8
555 97
555 186
555 213
555 239
555 262
555 272
555 288
555 344
555 388
555 505
555 546
555 635
555 710
555 752
555 758
555 772
555 999
556 77
556 79
556 81
556 91
556 110
556 194
556 209
556 228
556 285
556 300
556 378
556 382
556 391
556 477
556 501
556 508
556 642
556 650
556 673
556 688
556 738
556 772
556 787
556 857
556 868
556 899
556 961
556 986
557 60
557 109
557 113
557 134
557 155
557 355
557 390
557 464
557 484
557 577
557 624
557 699
557 708
557 722
557 749
557 786
557 901
557 915
557 952
557 981
558 14
558 41
558 66
558 89
558 107
558 109
558 193
558 200
558 240
558 381
558 432
558 437
558 517
558 545
558 628
558 646
558 669
558 716
558 780
558 833
558 875
558 928
558 950
558 974
559 96
559 212
559 218
559 237
559 522
559 523
559 601
559 648
559 765
559 905
559 927
559 937
559 951
560 5
560 59
560 83
560 99
560 145
560 176
560 206
560 213
560 279
560 283
560 391
560 400
560 434
560 502
560 615
560 717
560 757
560 759
560 795
560 806
560 825
560 841
560 922
561 14
561 96
561 103
561 158
561 174
561 190
561 200
561 265
561 297
561 321
561 363
561 431
561 608
561 695
561 710
561 779
561 821
561 872
561 888
561 914
561 960
562 131
562 205
562 235
562 321
562 324
562 422
562 529
562 550
562 572
562 610
562 688
562 794
562 798
562 819
562 835
562 836
562 897
562 908
563 32
563 67
563 68
563 277
563 322
563 373
563 376
563 442
563 566
563 651
563 669
563 791
563 810
563 830
563 852
563 864
564 55
564 159
564 275
564 282
564 353
564 423
564 445
564 635
564 641
564 668
564 830
564 839
564 848
564 870
564 966
564 977
565 94
565 197
565 212
565 359
565 385
565 431
565 491
565 621
565 807
565 874
565 964
565 982
566 53
566 110
566 116
566 239
566 322
566 344
566 369
566 377
566 456
566 462
566 472
566 473
566 492
566 609
566 691
566 723
566 740
566 806
566 865
566 888
566 923
567 5
567 57
567 175
567 203
567 220
567 381
567 471
567 501
567 592
567 609
567 631
567 658
567 725
567 755
567 817
567 974
567 975
568 59
568 126
568 212
568 221
568 237
568 283
568 285
568 384
568 421
568 447
568 458
568 482
568 501
568 504
568 517
568 536
568 757
568 812
568 824
568 945
568 951
568 986
568 993
569 0
569 27
569 119
569 130
569 200
569 277
569 336
569 396
569 431
569 443
569 500
569 580
569 588
569 695
569 725
569 806
569 823
569 826
569 846
569 848
569 875
569 933
569 940
570 23
570 75
570 107
570 127
570 147
570 167
570 170
570 171
570 185
570 237
570 319
570 522
570 627
570 674
570 730
570 790
570 795
570 837
570 840
570 935
570 963
571 39
571 54
571 108
571 161
571 184
571 216
571 284
571 288
571 331
571 367
571 549
571 563
571 620
571 679
571 735
571 745
571 758
571 777
571 815
571 868
571 875
571 928
571 945
571 966
572 249
572 257
572 297
572 305
572 427
572 436
572 543
572 574
572 579
572 621
572 637
572 865
572 898
572 963
573 24
573 71
573 83
573 106
573 135
573 190
573 353
573 365
573 388
573 389
573 390
573 457
573 594
573 705
573 714
573 730
573 806
573 829
573 853
573 856
573 922
573 949
573 956
573 969
574 44
574 126
574 139
574 190
574 384
574 410
574 452
574 511
574 606
574 623
574 630
574 635
574 708
574 932
574 952
574 976
575 24
575 132
575 190
575 197
575 290
575 301
575 358
575 371
575 453
575 510
575 554
575 634
575 749
575 750
575 775
575 796
575 832
575 833
575 841
575 853
575 874
575 892
575 903
575 904
575 913
576 17
576 27
576 41
576 147
576 233
576 332
576 349
576 399
576 419
576 424
576 427
576 552
576 703
576 880
576 898
576 993
577 53
577 102
577 139
577 196
577 197
577 313
577 416
577 509
577 518
577 524
577 532
577 542
577 552
577 565
577 571
577 575
577 585
577 728
577 805
577 827
577 858
577 886
577 893
577 927
577 994
578 7
578 18
578 93
578 158
578 247
578 259
578 308
578 339
578 354
578 378
578 384
578 401
578 464
578 516
578 533
578 555
578 567
578 579
578 594
578 616
578 631
578 688
578 724
578 735
578 765
578 785
578 854
578 876
578 975
578 991
579 38
579 85
579 265
579 287
579 307
579 317
579 355
579 376
579 384
579 431
579 453
579 481
579 509
579 535
579 585
579 811
579 951
579 958
579 972
579 981
580 38
580 84
580 166
580 192
580 207
580 218
580 230
580 274
580 296
580 335
580 361
580 370
580 371
580 444
580 457
580 460
580 464
580 476
580 568
580 638
580 695
580 710
580 715
580 770
580 773
580 882
580 898
580 917
580 929
580 932
580 969
580 993
581 24
581 51
581 161
581 191
581 263
581 283
581 372
581 383
581 393
581 429
581 438
581 441
581 454
581 470
581 572
581 674
581 841
581 916
581 925
582 19
582 21
582 55
582 134
582 227
582 262
582 285
582 388
582 426
582 429
582 440
582 581
582 609
582 657
582 691
582 707
582 727
582 758
582 780
582 844
582 897
582 920
583 71
583 94
583 130
583 134
583 225
583 298
583 335
583 392
583 406
583 412
583 479
583 535
583 714
583 715
583 734
583 766
583 799
583 817
583 871
583 911
583 953
584 6
584 159
584 164
584 188
584 192
584 238
584 379
584 392
584 472
584 496
584 539
584 549
584 693
584 698
584 789
584 817
584 893
584 922
584 973
584 987
585 5
585 34
585 39
585 101
585 113
585 205
585 270
585 363
585 377
585 425
585 436
585 456
585 484
585 540
585 574
585 640
585 709
585 726
585 939
585 959
585 992
586 97
586 124
586 238
586 270
586 359
586 432
586 483
586 548
586 582
586 643
586 787
586 928
586 947
586 950
586 989
587 73
587 104
587 186
587 382
587 437
587 449
587 494
587 655
587 670
587 684
587 704
587 890
587 918
587 963
587 999
588 36
588 66
588 92
588 114
588 167
588 175
588 313
588 341
588 368
588 372
588 446
588 596
588 688
588 689
588 729
588 748
588 762
588 801
588 880
588 979
589 7
589 16
589 23
589 32
589 91
589 156
589 233
589 452
589 504
589 733
589 782
589 863
589 906
589 907
589 918
589 993
589 997
590 0
590 89
590 99
590 167
590 216
590 229
590 239
590 295
590 402
590 427
590 505
590 509
590 517
590 544
590 598
590 622
590 627
590 647
590 679
590 724
590 735
590 750
590 808
590 857
590 867
591 17
591 99
591 125
591 144
591 177
591 188
591 223
591 261
591 273
591 322
591 358
591 414
591 481
591 498
591 650
591 708
591 731
591 773
591 896
591 917
592 46
592 138
592 259
592 316
592 371
592 407
592 439
592 459
592 580
592 584
592 713
592 758
592 881
592 917
592 998
593 149
593 171
593 273
593 416
593 520
593 550
593 627
593 780
593 784
593 806
593 859
593 869
593 947
594 83
594 149
594 158
594 162
594 279
594 316
594 318
594 377
594 420
594 445
594 486
594 505
594 518
594 563
594 614
594 627
594 628
594 770
594 821
594 903
594 907
594 912
594 926
595 32
595 84
595 85
595 183
595 237
595 243
595 251
595 267
595 484
595 520
595 622
595 690
595 722
595 740
595 799
595 998
596 34
596 56
596 113
596 126
596 143
596 234
596 265
596 271
596 290
596 427
596 468
596 470
596 506
596 533
596 635
596 714
596 747
596 802
596 807
596 831
596 881
596 886
596 914
596 937
596 976
597 19
597 139
597 167
597 221
597 229
597 255
597 291
597 390
597 411
597 417
597 446
597 497
597 618
597 684
597 774
597 787
597 803
597 868
597 883
597 893
597 899
597 912
598 40
598 42
598 98
598 259
598 277
598 306
598 384
598 430
598 439
598 462
598 467
598 472
598 588
598 606
598 634
598 639
598 651
598 724
598 742
598 856
598 935
599 31
599 55
599 91
599 116
599 145
599 160
599 240
599 292
599 298
599 362
599 377
599 478
599 518
599 550
599 635
599 684
599 703
599 720
599 732
599 733
599 749
600 8
600 29
600 87
600 262
600 389
600 474
600 487
600 530
600 584
600 620
600 659
600 668
600 669
600 740
600 755
600 786
600 933
600 936
600 982
601 41
601 102
601 178
601 204
601 255
601 265
601 357
601 475
601 531
601 682
601 704
601 716
601 822
601 847
601 859
601 882
601 904
601 911
601 946
601 960
602 57
602 74
602 81
602 90
602 108
602 161
602 223
602 241
602 337
602 418
602 472
602 596
602 614
602 718
602 870
602 874
602 875
602 914
602 984
603 26
603 84
603 119
603 210
603 238
603 247
603 256
603 283
603 345
603 496
603 592
603 661
603 710
603 764
603 946
604 1
604 4
604 63
604 74
604 148
604 155
604 231
604 285
604 310
604 372
604 383
604 436
604 461
604 462
604 467
604 469
604 510
604 543
604 612
604 728
604 729
604 739
604 934
605 19
605 264
605 425
605 427
605 640
605 745
605 756
605 762
605 763
605 793
605 804
605 806
605 914
605 933
605 964
605 966
605 998
605 999
606 88
606 218
606 293
606 520
606 679
606 749
606 964
606 966
607 14
607 26
607 58
607 92
607 210
607 317
607 325
607 361
607 364
607 390
607 420
607 423
607 491
607 511
607 515
607 542
607 614
607 692
607 767
607 846
607 940
607 974
607 987
608 123
608 140
608 244
608 251
608 269
608 274
608 276
608 279
608 292
608 312
608 337
608 372
608 428
608 561
608 673
608 715
608 728
608 774
608 850
608 922
608 989
609 44
609 47
609 130
609 154
609 246
609 300
609 593
609 647
609 704
609 864
609 871
609 888
609 890
609 891
609 937
609 946
609 969
610 21
610 103
610 172
610 244
610 277
610 282
610 321
610 379
610 406
610 427
610 492
610 522
610 564
610 574
610 699
610 761
610 762
610 781
610 789
611 120
611 210
611 211
611 227
611 236
611 292
611 300
611 302
611 328
611 417
611 418
611 421
611 511
611 512
611 573
611 624
611 643
611 806
611 825
611 831
611 917
612 28
612 38
612 42
612 147
612 162
612 286
612 297
612 304
612 365
612 385
612 396
612 487
612 520
612 525
612 526
612 583
612 614
612 662
612 776
612 778
612 816
612 821
612 832
612 844
613 10
613 164
613 173
613 206
613 207
613 394
613 400
613 651
613 734
613 767
613 817
613 839
613 871
613 879
613 987
614 13
614 92
614 286
614 347
614 368
614 375
614 427
614 457
614 508
614 534
614 609
614 668
614 717
614 746
614 793
614 806
614 815
614 852
614 888
614 897
614 941
614 950
615 50
615 55
615 108
615 136
615 245
615 255
615 259
615 260
615 268
615 274
615 334
615 362
615 545
615 617
615 650
615 703
615 765
615 775
615 776
615 784
615 787
615 832
615 841
615 848
615 857
615 872
615 966
615 991
616 40
616 50
616 123
616 185
616 188
616 192
616 226
616 259
616 290
616 334
616 369
616 548
616 716
616 779
616 795
616 882
616 909
617 26
617 123
617 142
617 189
617 242
617 258
617 387
617 390
617 405
617 408
617 411
617 414
617 429
617 497
617 499
617 555
617 607
617 610
617 683
617 879
617 979
618 177
618 197
618 279
618 327
618 410
618 418
618 451
618 453
618 465
618 475
618 567
618 594
618 705
618 712
618 713
618 715
618 736
618 749
618 796
618 797
618 975
619 54
619 101
619 424
619 471
619 503
619 550
619 576
619 594
619 627
619 643
619 661
619 679
619 685
619 755
619 809
619 812
619 815
619 838
619 845
619 852
620 53
620 122
620 169
620 172
620 178
620 238
620 286
620 389
620 452
620 644
620 684
620 789
620 794
620 838
620 937
620 950
620 961
620 996
621 15
621 43
621 79
621 129
621 131
621 148
621 207
621 227
621 264
621 276
621 280
621 282
621 327
621 380
621 401
621 419
621 432
621 523
621 528
621 659
621 677
621 705
621 708
621 718
621 747
621 819
621 846
621 904
621 958
622 73
622 122
622 200
622 233
622 240
622 309
622 344
622 350
622 580
622 633
622 655
622 657
622 679
622 768
622 776
622 816
622 996
623 2
623 305
623 372
623 380
623 535
623 693
623 699
623 736
623 754
623 757
623 782
623 834
623 993
624 106
624 110
624 134
624 175
624 177
624 215
624 221
624 237
624 303
624 329
624 466
624 557
624 610
624 639
624 686
624 775
624 778
624 864
624 921
625 24
625 43
625 48
625 119
625 142
625 145
625 211
625 358
625 564
625 589
625 660
625 759
625 789
625 947
625 957
626 26
626 121
626 133
626 138
626 212
626 344
626 390
626 419
626 549
626 576
626 590
626 604
626 672
626 705
626 762
626 933
626 955
626 990
627 5
627 17
627 33
627 58
627 61
627 89
627 129
627 232
627 269
627 279
627 321
627 368
627 492
627 598
627 653
627 689
627 698
627 709
627 741
627 791
627 805
627 819
627 860
627 885
627 903
627 913
627 918
627 919
627 960
628 56
628 103
628 126
628 175
628 290
628 341
628 343
628 371
628 438
628 442
628 505
628 507
628 526
628 537
628 650
628 683
628 887
628 960
628 981
629 35
629 80
629 112
629 155
629 215
629 227
629 250
629 264
629 343
629 364
629 411
629 467
629 478
629 559
629 573
629 592
629 650
629 706
629 723
629 765
629 767
629 824
629 915
629 919
629 932
629 936
630 52
630 62
630 130
630 196
630 200
630 317
630 529
630 547
630 692
630 800
630 869
631 15
631 23
631 111
631 185
631 216
631 384
631 514
631 588
631 653
631 740
631 755
631 779
631 780
631 786
631 792
631 818
631 842
631 871
631 877
631 889
631 962
631 988
632 92
632 146
632 175
632 216
632 328
632 405
632 421
632 601
632 642
632 678
632 741
632 826
632 846
632 943
632 946
632 996
633 129
633 208
633 232
633 288
633 391
633 557
633 604
633 629
633 660
633 677
633 689
633 723
633 752
633 778
633 946
633 986
634 1
634 22
634 23
634 28
634 46
634 58
634 59
634 65
634 235
634 318
634 364
634 419
634 439
634 455
634 476
634 513
634 534
634 555
634 618
634 633
634 638
634 643
634 664
634 763
634 784
634 854
634 860
634 876
634 917
634 989
635 5
635 14
635 103
635 119
635 146
635 178
635 241
635 313
635 332
635 374
635 479
635 543
635 595
635 964
636 30
636 58
636 65
636 73
636 92
636 110
636 132
636 186
636 191
636 259
636 369
636 428
636 473
636 474
636 515
636 552
636 576
636 672
636 709
636 731
636 765
636 826
636 854
636 967
637 35
637 99
637 130
637 137
637 242
637 254
637 423
637 460
637 462
637 539
637 606
637 633
637 670
637 672
637 687
637 689
637 692
637 746
637 771
637 781
637 820
637 974
638 14
638 141
638 215
638 271
638 291
638 304
638 319
638 327
638 345
638 765
638 849
638 881
638 936
639 119
639 191
639 271
639 327
639 339
639 426
639 485
639 501
639 508
639 540
639 615
639 653
639 960
640 49
640 52
640 127
640 158
640 202
640 219
640 257
640 260
640 273
640 398
640 402
640 431
640 507
640 661
640 675
640 712
641 74
641 131
641 176
641 230
641 249
641 267
641 322
641 326
641 421
641 492
641 494
641 514
641 572
641 597
641 621
641 739
641 779
641 800
641 844
641 950
642 27
642 35
642 58
642 60
642 189
642 201
642 243
642 293
642 338
642 382
642 430
642 482
642 522
642 635
642 756
642 781
642 869
642 937
642 961
642 976
642 994
643 42
643 131
643 201
643 202
643 249
643 256
643 286
643 302
643 436
643 473
643 509
643 579
643 582
643 596
643 614
643 690
643 692
643 734
643 742
643 874
643 878
643 915
644 53
644 75
644 76
644 113
644 147
644 248
644 401
644 403
644 448
644 467
644 491
644 577
644 616
644 653
644 684
644 716
644 726
644 795
644 828
644 871
644 909
644 955
645 7
645 70
645 136
645 213
645 222
645 272
645 292
645 359
645 427
645 508
645 522
645 527
645 548
645 577
645 584
645 591
645 762
645 782
645 791
645 856
645 962
645 995
646 82
646 133
646 168
646 209
646 318
646 377
646 424
646 430
646 558
646 561
646 581
646 585
646 679
646 704
646 711
646 718
646 726
646 791
646 806
646 832
646 847
646 999
647 143
647 428
647 436
647 502
647 516
647 557
647 574
647 660
647 793
647 877
647 925
648 56
648 125
648 141
648 146
648 347
648 377
648 381
648 464
648 466
648 516
648 524
648 544
648 667
648 715
648 736
648 747
648 762
648 884
648 889
649 73
649 151
649 160
649 201
649 304
649 355
649 365
649 411
649 450
649 474
649 485
649 531
649 536
649 614
649 640
649 678
649 684
649 698
649 710
649 715
649 780
649 782
649 788
649 802
649 874
649 975
650 120
650 152
650 175
650 184
650 213
650 331
650 343
650 352
650 354
650 364
650 404
650 462
650 499
650 599
650 603
650 635
650 717
650 886
650 935
650 962
651 52
651 153
651 261
651 472
651 546
651 547
651 644
651 696
651 706
651 811
651 845
651 868
651 972
651 989
652 130
652 204
652 290
652 393
652 423
652 473
652 585
652 640
652 721
652 733
652 762
652 776
652 787
652 799
652 885
652 913
652 954
653 0
653 17
653 31
653 38
653 130
653 136
653 219
653 405
653 412
653 485
653 499
653 532
653 558
653 596
653 667
653 698
653 780
653 788
653 860
653 894
653 904
653 909
653 962
654 6
654 33
654 57
654 119
654 266
654 280
654 318
654 345
654 571
654 620
654 622
654 685
654 732
654 748
654 862
654 916
655 92
655 259
655 374
655 383
655 386
655 417
655 441
655 482
655 603
655 650
655 702
655 760
655 794
655 948
655 962
655 979
655 982
655 987
656 54
656 111
656 350
656 384
656 408
656 475
656 512
656 570
656 602
656 744
656 750
656 834
656 912
656 958
656 964
657 35
657 43
657 129
657 197
657 217
657 354
657 386
657 390
657 434
657 464
657 544
657 549
657 569
657 571
657 614
657 674
657 776
657 784
657 914
657 924
657 926
657 940
657 948
658 19
658 35
658 43
658 93
658 152
658 166
658 235
658 243
658 291
658 295
658 375
658 464
658 493
658 518
658 597
658 629
658 685
658 820
658 877
658 915
659 266
659 285
659 300
659 327
659 328
659 348
659 369
659 370
659 416
659 498
659 591
659 645
659 705
659 706
659 772
659 817
659 951
660 46
660 105
660 144
660 156
660 177
660 196
660 324
660 326
660 348
660 377
660 413
660 429
660 431
660 475
660 496
660 542
660 608
660 625
660 630
660 665
660 835
660 867
660 959
660 967
661 11
661 199
661 239
661 276
661 292
661 315
661 320
661 352
661 412
661 479
661 506
661 721
661 851
661 912
661 938
661 947
661 962
661 990
662 1
662 7
662 43
662 111
662 129
662 149
662 160
662 169
662 242
662 299
662 498
662 517
662 541
662 570
662 612
662 625
662 630
662 635
662 746
662 751
662 863
662 870
662 921
662 943
662 949
662 969
662 987
663 124
663 233
663 445
663 498
663 515
663 520
663 539
663 541
663 628
663 659
663 668
663 785
663 926
663 993
664 1
664 32
664 254
664 276
664 376
664 463
664 482
664 564
664 572
664 577
664 640
664 643
664 681
664 722
664 756
664 804
665 33
665 49
665 56
665 60
665 106
665 137
665 256
665 264
665 358
665 381
665 398
665 436
665 456
665 477
665 594
665 738
665 755
665 763
665 849
666 14
666 71
666 76
666 90
666 103
666 199
666 212
666 357
666 437
666 456
666 527
666 631
666 746
666 757
666 801
666 920
667 120
667 215
667 277
667 381
667 405
667 418
667 503
667 620
667 651
667 673
667 745
667 770
667 789
667 833
667 998
668 57
668 115
668 127
668 212
668 342
668 368
668 389
668 395
668 424
668 510
668 641
668 665
668 739
668 771
668 776
668 778
668 814
668 846
668 876
668 975
668 990
669 78
669 146
669 147
669 231
669 281
669 341
669 459
669 480
669 504
669 509
669 541
669 606
669 615
669 695
669 715
669 737
669 767
669 814
669 822
669 855
669 867
669 923
670 75
670 135
670 138
670 192
670 196
670 270
670 273
670 274
670 392
670 461
670 477
670 631
670 694
670 734
670 754
670 825
670 940
670 979
670 980
671 116
671 118
671 166
671 190
671 196
671 213
671 299
671 314
671 445
671 479
671 561
671 573
671 614
671 635
671 664
671 707
671 821
671 832
671 888
671 997
672 68
672 102
672 148
672 201
672 343
672 430
672 475
672 515
672 596
672 652
672 717
672 776
672 859
672 906
672 919
672 954
672 998
673 34
673 52
673 248
673 290
673 352
673 359
673 366
673 429
673 472
673 528
673 547
673 553
673 605
673 616
673 692
673 766
673 781
673 914
673 944
673 954
673 999
674 0
674 30
674 39
674 49
674 133
674 137
674 190
674 410
674 516
674 523
674 530
674 656
674 709
674 754
674 810
674 846
674 905
674 936
675 1
675 8
675 12
675 60
675 75
675 139
675 226
675 232
675 266
675 315
675 374
675 403
675 446
675 565
675 657
675 727
675 730
675 737
675 750
675 765
675 863
675 910
675 911
675 958
676 27
676 116
676 208
676 210
676 228
676 311
676 326
676 374
676 395
676 441
676 455
676 467
676 476
676 494
676 553
676 697
676 714
676 716
676 743
676 755
676 766
676 785
676 819
676 904
676 911
676 915
676 999
677 50
677 131
677 206
677 222
677 252
677 285
677 331
677 338
677 563
677 588
677 664
677 693
677 722
677 742
677 744
677 748
677 807
677 834
677 836
677 846
677 866
677 872
677 976
678 43
678 70
678 118
678 220
678 301
678 464
678 596
678 635
678 655
678 792
678 805
678 841
678 855
678 875
678 934
678 978
679 63
679 128
679 205
679 271
679 339
679 394
679 483
679 485
679 490
679 514
679 637
679 641
679 650
679 871
679 879
679 902
679 944
680 24
680 118
680 156
680 165
680 202
680 379
680 382
680 446
680 448
680 551
680 591
680 757
680 783
680 825
680 868
681 18
681 49
681 85
681 149
681 222
681 227
681 303
681 305
681 432
681 466
681 512
681 516
681 544
681 578
681 600
681 614
681 682
681 770
681 979
681 980
682 22
682 30
682 31
682 126
682 139
682 171
682 207
682 230
682 241
682 272
682 304
682 319
682 335
682 388
682 401
682 409
682 466
682 486
682 487
682 545
682 701
682 739
682 815
682 864
682 918
682 938
683 169
683 203
683 330
683 476
683 542
683 544
683 568
683 596
683 599
683 610
683 739
683 767
683 809
683 995
684 17
684 44
684 50
684 111
684 112
684 348
684 358
684 437
684 541
684 561
684 588
684 733
684 745
684 768
684 884
685 16
685 37
685 82
685 153
685 183
685 227
685 231
685 252
685 259
685 283
685 520
685 566
685 572
685 588
685 632
685 715
685 722
685 779
685 812
685 821
685 858
685 870
685 906
685 918
685 959
686 130
686 164
686 245
686 309
686 320
686 324
686 335
686 420
686 460
686 469
686 546
686 641
686 666
686 694
686 822
686 905
686 945
686 971
686 981
686 982
686 995
687 62
687 134
687 252
687 258
687 285
687 340
687 365
687 493
687 499
687 534
687 539
687 627
687 811
687 907
687 915
688 22
688 59
688 154
688 270
688 310
688 321
688 324
688 335
688 352
688 444
688 446
688 456
688 467
688 534
688 548
688 704
688 767
688 773
688 793
688 836
688 917
688 946
688 947
689 130
689 234
689 383
689 436
689 453
689 486
689 623
689 642
689 663
689 679
689 683
689 814
689 910
689 978
690 90
690 102
690 114
690 204
690 206
690 214
690 265
690 295
690 304
690 339
690 460
690 487
690 505
690 556
690 562
690 603
690 691
690 710
690 748
690 794
690 844
690 860
690 870
691 26
691 121
691 161
691 194
691 259
691 357
691 390
691 487
691 505
691 539
691 652
691 659
691 684
691 760
691 790
691 804
691 949
691 957
691 965
691 975
692 88
692 153
692 235
692 257
692 268
692 289
692 353
692 415
692 529
692 535
692 540
692 619
692 641
692 678
692 716
692 784
692 805
692 832
692 921
692 923
692 998
693 31
693 99
693 155
693 217
693 220
693 245
693 310
693 344
693 362
693 385
693 392
693 400
693 439
693 453
693 521
693 602
693 625
693 706
693 743
693 839
693 928
693 946
694 58
694 86
694 98
694 156
694 171
694 182
694 204
694 270
694 451
694 484
694 504
694 507
694 543
694 659
694 725
694 755
694 846
694 847
694 933
694 964
695 18
695 33
695 79
695 121
695 125
695 188
695 234
695 243
695 312
695 377
695 425
695 462
695 535
695 646
695 782
695 931
695 966
695 977
695 996
696 58
696 133
696 144
696 148
696 162
696 239
696 250
696 396
696 398
696 401
696 554
696 665
696 675
696 804
696 961
697 119
697 177
697 188
697 258
697 262
697 303
697 304
697 356
697 383
697 431
697 467
697 484
697 509
697 516
697 560
697 580
697 601
697 678
697 772
697 847
697 922
697 947
697 956
697 979
697 994
698 24
698 54
698 55
698 108
698 122
698 195
698 283
698 306
698 315
698 355
698 498
698 503
698 584
698 588
698 629
698 639
698 652
698 703
698 719
698 724
698 726
698 810
698 899
698 949
699 10
699 52
699 61
699 133
699 271
699 303
699 414
699 561
699 621
699 663
699 711
699 935
699 944
699 963
700 157
700 178
700 203
700 261
700 280
700 385
700 414
700 466
700 619
700 627
700 664
700 685
700 701
700 703
700 740
700 789
700 798
700 885
700 950
700 959
700 963
700 966
700 968
701 6
701 45
701 211
701 252
701 280
701 295
701 309
701 364
701 393
701 548
701 587
701 628
701 720
701 765
701 796
701 830
701 904
701 964
702 90
702 179
702 203
702 238
702 299
702 300
702 357
702 423
702 466
702 571
702 653
702 688
702 718
702 751
702 800
702 860
702 873
702 891
702 914
702 945
702 964
702 971
703 49
703 120
703 225
703 240
703 265
703 336
703 388
703 463
703 508
703 563
703 581
703 584
703 650
703 671
703 687
703 722
703 778
703 852
703 857
703 999
704 113
704 144
704 185
704 224
704 233
704 268
704 270
704 380
704 469
704 474
704 481
704 635
704 695
704 701
704 714
704 735
704 823
704 830
704 842
704 863
704 874
704 967
704 980
705 34
705 126
705 189
705 287
705 297
705 332
705 516
705 562
705 579
705 640
705 714
705 757
705 940
705 950
705 966
706 94
706 274
706 383
706 438
706 441
706 444
706 469
706 510
706 544
706 588
706 596
706 597
706 618
706 635
706 726
706 809
706 825
706 841
706 859
706 866
706 873
707 108
707 137
707 159
707 199
707 208
707 338
707 371
707 486
707 540
707 577
707 585
707 726
707 778
707 820
707 918
707 943
707 958
708 26
708 79
708 143
708 220
708 289
708 328
708 363
708 376
708 478
708 561
708 574
708 587
708 741
708 831
708 885
708 895
709 9
709 77
709 223
709 299
709 314
709 377
709 382
709 484
709 544
709 555
709 641
709 655
709 775
709 785
709 805
709 873
709 902
709 931
710 11
710 75
710 91
710 291
710 331
710 462
710 537
710 541
710 576
710 637
710 748
710 779
710 781
710 795
710 804
710 984
711 58
711 70
711 160
711 171
711 204
711 208
711 341
711 388
711 445
711 689
711 718
711 765
711 766
711 774
711 885
711 957
711 975
711 977
712 32
712 51
712 151
712 160
712 161
712 218
712 222
712 240
712 281
712 325
712 340
712 353
712 416
712 466
712 509
712 517
712 546
712 585
712 776
712 802
712 827
712 886
712 928
712 962
713 26
713 40
713 54
713 127
713 134
713 153
713 208
713 235
713 240
713 324
713 386
713 396
713 464
713 605
713 691
713 717
713 719
713 741
713 857
713 886
713 890
714 2
714 62
714 188
714 203
714 259
714 301
714 302
714 351
714 362
714 526
714 595
714 652
714 706
714 723
714 808
714 842
714 858
714 910
715 66
715 101
715 195
715 248
715 249
715 269
715 370
715 478
715 488
715 497
715 579
715 601
715 703
715 719
715 737
715 748
715 760
715 823
715 860
715 892
715 902
715 917
716 63
716 135
716 145
716 196
716 259
716 266
716 356
716 425
716 499
716 611
716 630
716 688
716 689
716 762
716 884
716 944
717 63
717 204
717 339
717 364
717 431
717 639
717 715
717 843
717 854
717 881
717 957
717 982
718 103
718 110
718 153
718 229
718 440
718 447
718 496
718 533
718 591
718 624
718 650
718 658
718 738
718 772
718 777
718 795
718 842
718 869
718 944
719 64
719 75
719 89
719 95
719 149
719 157
719 166
719 175
719 213
719 269
719 270
719 271
719 327
719 348
719 375
719 385
719 402
719 461
719 570
719 667
719 697
719 704
719 745
719 755
719 783
719 842
719 908
719 932
720 54
720 203
720 220
720 223
720 250
720 259
720 301
720 319
720 335
720 360
720 364
720 369
720 462
720 476
720 481
720 792
720 905
720 927
720 971
721 48
721 92
721 107
721 154
721 169
721 232
721 233
721 432
721 470
721 502
721 538
721 558
721 562
721 618
721 686
721 841
721 846
721 886
721 957
721 975
722 56
722 58
722 169
722 176
722 283
722 309
722 318
722 378
722 407
722 437
722 522
722 556
722 576
722 620
722 642
722 704
722 744
722 812
722 823
722 842
722 854
722 883
722 884
723 76
723 91
723 101
723 109
723 158
723 159
723 191
723 221
723 271
723 383
723 412
723 487
723 554
723 573
723 623
723 709
723 808
723 810
723 829
723 922
724 14
724 49
724 197
724 231
724 277
724 419
724 438
724 503
724 518
724 693
724 741
724 774
724 852
724 891
724 995
725 4
725 81
725 119
725 168
725 176
725 279
725 295
725 323
725 324
725 360
725 398
725 517
725 624
725 678
725 731
725 888
725 956
725 976
726 37
726 76
726 203
726 217
726 270
726 271
726 302
726 337
726 365
726 389
726 396
726 400
726 422
726 449
726 468
726 496
726 503
726 609
726 610
726 613
726 668
726 669
726 691
726 758
726 805
726 818
726 830
726 890
726 969
726 986
727 108
727 168
727 178
727 216
727 232
727 237
727 252
727 254
727 359
727 371
727 374
727 385
727 421
727 477
727 520
727 530
727 532
727 539
727 545
727 648
727 688
727 691
727 751
727 804
727 878
727 995
728 37
728 91
728 176
728 189
728 216
728 266
728 293
728 313
728 328
728 385
728 429
728 488
728 504
728 681
728 689
728 696
728 817
728 954
728 971
729 89
729 98
729 218
729 254
729 286
729 308
729 316
729 330
729 355
729 356
729 372
729 434
729 480
729 494
729 559
729 560
729 744
729 748
729 769
729 780
729 795
729 799
729 841
729 877
729 908
730 21
730 119
730 134
730 387
730 388
730 600
730 638
730 673
730 692
730 733
730 785
730 804
730 808
730 828
730 841
730 890
730 984
730 988
731 23
731 30
731 102
731 202
731 213
731 284
731 312
731 315
731 324
731 417
731 422
731 685
731 715
731 739
731 748
731 865
731 880
731 991
731 995
732 216
732 221
732 287
732 396
732 455
732 506
732 517
732 527
732 537
732 577
732 644
732 650
732 684
732 770
732 791
732 820
732 850
732 885
732 898
733 25
733 124
733 126
733 183
733 203
733 215
733 276
733 360
733 417
733 418
733 451
733 477
733 592
733 668
733 679
733 728
733 748
733 759
733 783
733 828
733 865
733 903
733 931
733 947
734 1
734 27
734 47
734 70
734 72
734 76
734 100
734 157
734 190
734 580
734 592
734 608
734 621
734 661
734 681
734 707
734 722
734 737
734 751
734 754
734 809
734 833
734 863
734 898
734 990
735 67
735 80
735 149
735 182
735 214
735 217
735 255
735 342
735 442
735 448
735 511
735 527
735 537
735 608
735 612
735 658
735 684
735 737
735 740
735 813
735 862
735 877
735 885
735 954
735 985
735 991
736 40
736 68
736 86
736 171
736 234
736 254
736 308
736 355
736 361
736 373
736 395
736 551
736 576
736 582
736 602
736 614
736 656
736 673
736 681
736 694
736 805
736 814
736 815
736 858
736 861
736 871
736 906
737 17
737 42
737 127
737 210
737 213
737 249
737 272
737 297
737 327
737 370
737 375
737 403
737 435
737 486
737 576
737 603
737 647
737 760
737 832
737 840
738 29
738 241
738 243
738 376
738 413
738 421
738 443
738 594
738 716
738 730
738 822
738 872
738 895
738 907
739 71
739 96
739 189
739 220
739 221
739 247
739 275
739 376
739 434
739 586
739 638
739 668
739 715
739 735
739 829
739 878
739 921
739 922
740 217
740 314
740 342
740 360
740 366
740 380
740 383
740 389
740 421
740 451
740 670
740 681
740 705
740 714
740 738
740 757
740 815
740 832
740 872
740 906
740 970
741 7
741 35
741 126
741 258
741 305
741 309
741 378
741 423
741 441
741 537
741 538
741 631
741 644
741 709
741 745
741 775
741 905
742 115
742 178
742 188
742 234
742 238
742 273
742 294
742 304
742 322
742 341
742 354
742 494
742 597
742 615
742 689
742 765
742 795
742 959
742 995
743 61
743 67
743 96
743 142
743 144
743 151
743 382
743 434
743 441
743 553
743 590
743 644
743 648
743 723
743 751
743 812
743 859
743 899
743 978
743 979
744 19
744 93
744 101
744 146
744 171
744 180
744 215
744 326
744 371
744 401
744 461
744 516
744 527
744 539
744 611
744 625
744 676
744 692
744 695
744 719
744 854
744 855
744 907
744 944
744 956
744 969
744 972
744 981
745 2
745 59
745 107
745 264
745 300
745 556
745 571
745 591
745 881
745 907
745 958
745 986
746 16
746 78
746 145
746 167
746 287
746 295
746 382
746 403
746 406
746 544
746 546
746 564
746 646
746 668
746 672
746 802
746 812
746 833
746 835
746 921
747 5
747 44
747 78
747 106
747 265
747 285
747 326
747 340
747 398
747 447
747 489
747 511
747 682
747 698
747 870
747 892
747 901
748 8
748 27
748 47
748 89
748 145
748 198
748 232
748 321
748 481
748 602
748 701
748 839
748 991
749 21
749 45
749 110
749 114
749 117
749 218
749 255
749 271
749 297
749 329
749 344
749 365
749 450
749 457
749 543
749 606
749 629
749 769
749 902
749 932
749 941
749 979
750 16
750 53
750 88
750 105
750 151
750 311
750 380
750 446
750 720
750 775
750 831
750 849
750 873
750 888
750 931
750 959
750 969
751 33
751 37
751 74
751 155
751 172
751 179
751 184
751 202
751 217
751 273
751 318
751 328
751 332
751 342
751 355
751 400
751 504
751 523
751 534
751 571
751 579
751 598
751 625
751 629
751 710
751 755
751 771
751 851
751 886
751 912
751 973
752 36
752 138
752 191
752 280
752 293
752 300
752 327
752 342
752 352
752 364
752 486
752 550
752 712
752 852
752 934
752 967
752 995
752 996
753 95
753 162
753 163
753 174
753 205
753 252
753 304
753 313
753 387
753 441
753 458
753 476
753 513
753 527
753 531
753 555
753 588
753 635
753 688
753 745
753 758
753 798
753 889
753 984
754 17
754 20
754 55
754 108
754 117
754 136
754 150
754 171
754 225
754 250
754 267
754 295
754 349
754 361
754 418
754 423
754 424
754 458
754 460
754 468
754 470
754 587
754 787
754 866
754 887
755 10
755 24
755 62
755 115
755 165
755 175
755 269
755 385
755 388
755 455
755 525
755 535
755 547
755 627
755 630
755 641
755 661
755 772
755 783
755 808
755 977
756 24
756 310
756 319
756 348
756 379
756 424
756 444
756 459
756 470
756 544
756 600
756 794
756 848
756 877
756 926
756 963
757 22
757 23
757 78
757 177
757 277
757 320
757 338
757 396
757 401
757 404
757 546
757 562
757 597
757 614
757 616
757 651
757 692
757 793
757 868
757 908
757 955
757 969
758 4
758 28
758 54
758 60
758 79
758 83
758 140
758 168
758 232
758 240
758 255
758 297
758 373
758 508
758 698
758 767
758 771
758 784
758 848
758 863
758 937
758 983
758 998
759 120
759 129
759 139
759 263
759 284
759 313
759 356
759 428
759 449
759 474
759 488
759 548
759 632
759 674
759 780
759 789
759 798
759 872
759 890
759 942
759 949
759 999
760 24
760 30
760 158
760 189
760 213
760 278
760 302
760 328
760 368
760 379
760 415
760 418
760 591
760 643
760 659
760 704
760 745
760 768
760 794
760 796
760 798
760 801
760 831
760 871
760 928
760 959
760 980
761 22
761 63
761 127
761 148
761 159
761 194
761 213
761 299
761 349
761 391
761 405
761 448
761 455
761 525
761 591
761 594
761 649
761 669
761 705
761 760
761 769
761 858
761 940
761 954
762 3
762 20
762 92
762 182
762 203
762 232
762 337
762 364
762 385
762 465
762 492
762 626
762 641
762 672
762 699
762 775
762 792
762 832
762 876
762 929
762 971
763 7
763 103
763 176
763 194
763 299
763 369
763 438
763 565
763 594
763 609
763 661
763 679
763 700
763 723
763 743
763 795
763 886
764 3
764 104
764 161
764 246
764 297
764 355
764 397
764 407
764 429
764 631
764 651
764 653
764 792
764 797
764 890
764 908
764 964
765 23
765 24
765 110
765 268
765 378
765 581
765 597
765 619
765 650
765 731
765 829
765 842
765 872
765 920
765 965
766 34
766 47
766 50
766 173
766 297
766 316
766 421
766 567
766 644
766 647
766 673
766 687
766 790
766 792
766 820
766 891
766 899
767 27
767 133
767 250
767 261
767 265
767 277
767 278
767 307
767 330
767 382
767 404
767 454
767 520
767 547
767 624
767 629
767 803
767 846
768 28
768 105
768 324
768 335
768 383
768 422
768 558
768 560
768 579
768 666
768 828
768 879
768 890
768 903
768 948
768 959
768 960
768 965
768 979
769 66
769 102
769 104
769 149
769 158
769 287
769 387
769 400
769 530
769 541
769 608
769 628
769 636
769 638
769 651
769 711
769 724
769 748
769 797
769 843
769 864
769 875
769 912
769 973
770 21
770 56
770 68
770 98
770 109
770 158
770 203
770 260
770 333
770 415
770 435
770 507
770 515
770 570
770 571
770 665
770 714
770 854
770 868
770 876
770 889
770 923
770 996
771 46
771 69
771 220
771 230
771 297
771 384
771 398
771 412
771 418
771 431
771 457
771 555
771 644
771 662
771 682
771 700
771 723
771 726
771 748
771 799
771 864
771 867
771 891
771 899
771 921
771 946
772 48
772 120
772 150
772 222
772 227
772 243
772 386
772 397
772 430
772 438
772 485
772 536
772 579
772 584
772 588
772 833
772 871
772 940
773 42
773 43
773 56
773 103
773 149
773 199
773 275
773 286
773 336
773 346
773 355
773 437
773 449
773 455
773 482
773 552
773 553
773 567
773 568
773 616
773 633
773 654
773 723
774 65
774 218
774 337
774 428
774 469
774 496
774 556
774 599
774 648
774 683
774 768
774 874
774 884
774 895
774 911
775 31
775 49
775 68
775 103
775 214
775 230
775 235
775 250
775 262
775 290
775 420
775 490
775 513
775 628
775 653
775 669
775 732
775 798
775 820
775 821
775 871
775 881
775 935
775 936
775 965
775 986
776 3
776 11
776 95
776 136
776 211
776 217
776 285
776 397
776 457
776 498
776 570
776 597
776 740
776 793
776 834
776 888
776 975
777 15
777 50
777 65
777 84
777 86
777 162
777 166
777 175
777 181
777 214
777 216
777 244
777 439
777 596
777 673
777 703
777 724
777 787
777 871
777 964
778 146
778 195
778 240
778 322
778 343
778 359
778 477
778 529
778 595
778 639
778 648
778 669
778 776
779 15
779 130
779 186
779 288
779 313
779 372
779 437
779 446
779 460
779 497
779 763
779 826
779 856
779 905
779 915
779 982
779 991
780 116
780 130
780 231
780 271
780 293
780 302
780 347
780 372
780 539
780 566
780 591
780 597
780 604
780 614
780 664
780 699
780 739
780 779
780 800
780 828
780 861
780 875
780 912
780 918
780 951
780 980
781 41
781 84
781 112
781 180
781 206
781 214
781 319
781 493
781 534
781 566
781 574
781 601
781 624
781 767
781 826
781 845
781 849
781 856
781 874
781 922
781 933
781 937
782 76
782 191
782 214
782 233
782 294
782 350
782 426
782 429
782 486
782 515
782 542
782 609
782 700
782 712
782 733
782 755
782 839
782 854
782 861
782 887
782 930
782 940
782 947
783 113
783 288
783 332
783 380
783 513
783 518
783 588
783 749
783 788
783 801
783 873
783 890
783 892
783 903
783 950
784 64
784 70
784 109
784 154
784 171
784 174
784 203
784 256
784 297
784 313
784 361
784 460
784 525
784 534
784 598
784 618
784 626
784 700
784 746
784 769
784 798
784 816
784 853
784 906
784 930
784 989
784 998
785 90
785 121
785 126
785 230
785 296
785 314
785 331
785 343
785 363
785 368
785 371
785 419
785 476
785 484
785 506
785 592
785 627
785 800
785 804
785 853
785 904
785 983
785 986
786 53
786 134
786 167
786 189
786 381
786 388
786 454
786 479
786 494
786 526
786 538
786 625
786 628
786 638
786 670
786 721
786 744
786 805
786 937
786 977
787 25
787 60
787 144
787 146
787 159
787 201
787 204
787 257
787 285
787 293
787 327
787 421
787 477
787 497
787 507
787 659
787 752
787 763
787 908
788 304
788 344
788 348
788 363
788 372
788 390
788 445
788 469
788 598
788 627
788 665
788 698
788 784
788 796
788 797
788 805
788 826
788 892
789 31
789 57
789 60
789 117
789 233
789 243
789 257
789 289
789 327
789 334
789 343
789 402
789 441
789 457
789 463
789 474
789 481
789 534
789 574
789 592
789 614
789 638
789 675
789 700
789 716
789 753
789 763
789 781
789 843
789 891
789 915
789 961
790 4
790 8
790 99
790 177
790 244
790 279
790 327
790 385
790 411
790 481
790 482
790 574
790 751
790 856
790 910
791 91
791 103
791 106
791 151
791 271
791 297
791 349
791 356
791 431
791 475
791 510
791 628
791 724
791 847
791 864
791 956
791 965
792 31
792 43
792 187
792 386
792 405
792 410
792 412
792 458
792 496
792 507
792 526
792 554
792 613
792 688
792 740
793 15
793 207
793 223
793 257
793 380
793 463
793 570
793 632
793 650
793 740
793 748
793 790
793 804
793 937
794 100
794 107
794 116
794 123
794 139
794 155
794 157
794 178
794 266
794 298
794 347
794 363
794 381
794 449
794 508
794 523
794 566
794 596
794 610
794 616
794 618
794 651
794 729
794 757
794 782
794 859
794 980
794 999
795 1
795 7
795 93
795 176
795 243
795 257
795 269
795 300
795 349
795 490
795 500
795 516
795 617
795 682
795 716
795 718
795 740
795 800
795 838
795 851
795 864
795 906
796 142
796 193
796 244
796 251
796 260
796 271
796 360
796 389
796 419
796 443
796 450
796 522
796 558
796 587
796 589
796 608
796 613
796 716
796 728
796 765
796 831
796 834
796 843
796 998
797 59
797 174
797 326
797 336
797 353
797 354
797 414
797 490
797 672
797 750
797 801
797 823
797 891
797 935
797 945
797 982
797 984
797 988
798 181
798 197
798 288
798 328
798 414
798 445
798 453
798 509
798 562
798 665
798 706
798 728
798 761
798 778
798 818
798 915
799 11
799 30
799 60
799 113
799 257
799 297
799 365
799 412
799 513
799 543
799 544
799 579
799 604
799 683
799 690
799 856
799 875
799 923
799 936
800 62
800 140
800 198
800 218
800 242
800 312
800 339
800 457
800 529
800 579
800 584
800 595
800 616
800 637
800 643
800 662
800 666
800 696
800 706
800 807
800 824
800 852
800 875
800 896
800 934
800 961
800 979
801 11
801 21
801 52
801 58
801 110
801 157
801 245
801 312
801 327
801 407
801 415
801 431
801 613
801 734
801 820
801 861
801 923
801 941
801 973
801 988
801 996
802 3
802 102
802 150
802 156
802 163
802 168
802 219
802 226
802 283
802 286
802 308
802 330
802 689
802 769
802 773
802 814
802 880
803 71
803 145
803 211
803 287
803 292
803 357
803 397
803 411
803 453
803 478
803 498
803 607
803 608
803 641
803 672
803 766
803 840
803 862
803 978
804 93
804 122
804 129
804 159
804 170
804 289
804 292
804 328
804 356
804 358
804 394
804 585
804 676
804 724
804 778
804 849
804 902
804 904
804 916
804 942
804 959
805 13
805 38
805 108
805 147
805 201
805 274
805 283
805 493
805 561
805 604
805 609
805 630
805 647
805 703
805 821
805 850
805 855
805 918
805 948
806 22
806 68
806 72
806 211
806 218
806 308
806 309
806 394
806 489
806 545
806 599
806 637
806 740
806 764
806 768
806 771
806 772
806 801
806 824
806 836
806 882
806 945
807 61
807 160
807 196
807 355
807 361
807 374
807 389
807 438
807 566
807 658
807 756
807 826
807 923
807 964
807 995
807 998
808 4
808 7
808 73
808 97
808 118
808 302
808 409
808 669
808 706
808 727
808 747
808 878
808 935
809 11
809 100
809 122
809 177
809 180
809 206
809 361
809 480
809 487
809 503
809 559
809 623
809 667
809 746
809 879
809 882
809 942
809 966
809 971
809 999
810 37
810 60
810 143
810 158
810 159
810 225
810 281
810 301
810 304
810 317
810 345
810 461
810 487
810 494
810 535
810 538
810 566
810 573
810 594
810 632
810 667
810 671
810 750
810 781
810 789
810 801
810 868
810 912
810 916
810 936
810 998
811 17
811 27
811 41
811 76
811 128
811 328
811 446
811 470
811 694
811 883
811 937
811 959
811 977
811 991
812 48
812 147
812 294
812 354
812 377
812 415
812 419
812 429
812 673
812 890
812 952
813 19
813 115
813 183
813 191
813 201
813 309
813 449
813 520
813 524
813 552
813 629
813 632
813 744
813 914
813 925
814 139
814 264
814 279
814 450
814 466
814 516
814 521
814 529
814 538
814 634
814 639
814 643
814 689
814 712
814 810
814 854
814 878
814 898
814 932
815 126
815 130
815 164
815 202
815 358
815 364
815 452
815 479
815 588
815 663
815 704
815 753
815 803
815 814
815 848
815 995
816 95
816 117
816 137
816 164
816 243
816 285
816 367
816 420
816 422
816 460
816 564
816 594
816 600
816 608
816 696
816 711
816 722
816 924
816 943
816 966
817 77
817 121
817 154
817 172
817 194
817 250
817 311
817 327
817 343
817 392
817 393
817 394
817 421
817 650
817 679
817 720
817 791
817 794
817 855
817 863
817 883
817 899
817 916
818 37
818 224
818 481
818 486
818 515
818 601
818 678
818 761
818 973
819 57
819 67
819 332
819 404
819 479
819 515
819 541
819 595
819 691
819 796
819 822
819 830
819 931
819 944
819 974
820 59
820 127
820 184
820 195
820 223
820 235
820 389
820 417
820 626
820 627
820 846
820 968
820 975
820 982
821 0
821 93
821 126
821 196
821 202
821 207
821 249
821 310
821 389
821 399
821 406
821 434
821 458
821 470
821 486
821 653
821 684
821 763
821 770
821 820
821 879
821 881
821 931
821 959
821 992
821 995
821 997
822 16
822 39
822 57
822 89
822 116
822 122
822 273
822 306
822 313
822 335
822 345
822 398
822 426
822 496
822 593
822 638
822 726
822 842
823 66
823 86
823 92
823 198
823 224
823 226
823 451
823 461
823 548
823 574
823 610
823 631
823 798
823 851
823 889
823 939
823 965
823 993
824 141
824 149
824 267
824 290
824 333
824 346
824 443
824 569
824 813
825 36
825 55
825 74
825 78
825 160
825 206
825 208
825 240
825 249
825 273
825 291
825 351
825 402
825 436
825 448
825 474
825 556
825 577
825 688
825 820
825 865
825 868
825 904
825 923
825 990
825 993
826 5
826 10
826 39
826 97
826 103
826 147
826 250
826 253
826 254
826 316
826 361
826 377
826 408
826 426
826 472
826 529
826 539
826 555
826 691
826 697
826 720
826 825
826 859
826 871
826 917
826 938
826 946
826 980
827 22
827 23
827 112
827 185
827 193
827 246
827 503
827 521
827 578
827 604
827 625
827 691
827 698
827 754
827 842
827 844
827 855
828 68
828 80
828 87
828 106
828 256
828 268
828 357
828 433
828 588
828 590
828 651
828 671
828 778
828 782
828 871
828 919
828 933
828 949
828 957
828 989
829 50
829 112
829 126
829 215
829 235
829 289
829 324
829 334
829 353
829 438
829 527
829 535
829 549
829 612
829 672
829 710
829 861
829 951
829 983
830 40
830 58
830 66
830 117
830 126
830 152
830 170
830 182
830 201
830 307
830 371
830 377
830 390
830 580
830 586
830 731
830 845
830 877
830 927
830 970
831 59
831 110
831 179
831 195
831 258
831 354
831 356
831 413
831 491
831 494
831 534
831 540
831 619
831 669
831 730
831 812
831 830
831 899
831 901
831 905
831 949
832 7
832 35
832 59
832 121
832 197
832 199
832 215
832 224
832 336
832 379
832 417
832 643
832 648
832 756
832 768
832 854
833 8
833 17
833 134
833 175
833 207
833 210
833 226
833 243
833 359
833 404
833 507
833 570
833 651
833 657
833 697
833 722
833 874
833 905
833 932
833 947
833 953
833 993
834 100
834 124
834 258
834 266
834 274
834 288
834 290
834 387
834 410
834 431
834 476
834 482
834 532
834 670
834 680
834 857
834 900
834 976
835 89
835 104
835 426
835 472
835 499
835 516
835 547
835 554
835 573
835 597
835 675
835 683
835 767
835 773
835 786
835 797
835 919
835 938
836 129
836 179
836 197
836 226
836 451
836 522
836 528
836 552
836 594
836 654
836 698
836 715
836 765
836 768
836 820
836 838
836 841
836 861
836 877
836 882
836 944
836 958
836 994
836 995
837 53
837 59
837 62
837 76
837 122
837 166
837 248
837 323
837 332
837 355
837 368
837 500
837 552
837 634
837 714
837 718
837 790
837 798
837 835
837 859
837 899
837 903
838 51
838 61
838 164
838 363
838 368
838 396
838 537
838 550
838 552
838 655
838 739
838 756
838 872
838 911
839 6
839 19
839 158
839 226
839 306
839 349
839 378
839 382
839 385
839 469
839 516
839 556
839 599
839 667
839 680
839 731
839 774
839 811
839 844
839 868
839 932
839 935
839 946
839 982
839 988
840 34
840 89
840 110
840 187
840 322
840 351
840 459
840 489
840 548
840 651
840 653
840 804
840 837
840 938
841 110
841 204
841 429
841 460
841 530
841 621
841 701
841 711
841 763
841 891
841 981
842 6
842 55
842 114
842 217
842 219
842 235
842 260
842 271
842 276
842 289
842 373
842 380
842 417
842 517
842 523
842 669
842 679
842 808
842 811
842 921
842 973
842 974
842 994
843 11
843 26
843 61
843 75
843 91
843 101
843 122
843 198
843 270
843 287
843 301
843 308
843 345
843 348
843 391
843 416
843 539
843 556
843 579
843 683
843 700
843 718
843 727
843 733
843 790
843 966
844 20
844 33
844 102
844 154
844 200
844 233
844 300
844 446
844 522
844 535
844 539
844 614
844 624
844 627
844 646
844 698
844 727
844 732
844 823
844 902
844 910
845 6
845 14
845 54
845 81
845 94
845 126
845 185
845 197
845 207
845 220
845 249
845 265
845 292
845 306
845 368
845 403
845 466
845 546
845 574
845 606
845 611
845 642
845 654
845 665
845 720
845 759
845 766
845 792
845 799
845 909
846 158
846 290
846 339
846 355
846 431
846 437
846 564
846 599
846 632
846 640
846 662
846 695
846 812
846 883
846 913
846 916
847 64
847 164
847 226
847 241
847 254
847 340
847 355
847 414
847 503
847 557
847 566
847 567
847 608
847 659
847 660
847 667
847 718
847 780
847 781
847 808
847 856
847 904
847 912
847 979
848 192
848 202
848 255
848 347
848 389
848 422
848 468
848 504
848 516
848 519
848 522
848 531
848 552
848 567
848 570
848 613
848 679
848 707
848 708
848 830
848 882
848 892
848 941
848 962
848 988
849 91
849 116
849 171
849 194
849 236
849 284
849 396
849 507
849 562
849 567
849 574
849 670
849 779
849 788
849 804
849 880
849 950
849 994
850 220
850 328
850 334
850 390
850 405
850 516
850 600
850 607
850 624
850 627
850 749
850 796
850 925
851 98
851 113
851 181
851 198
851 286
851 291
851 375
851 451
851 549
851 568
851 715
851 716
851 766
851 789
851 895
851 932
851 978
852 47
852 70
852 77
852 162
852 180
852 296
852 307
852 322
852 326
852 342
852 489
852 530
852 571
852 596
852 609
852 670
852 692
852 700
852 740
852 789
852 812
852 888
852 937
853 72
853 159
853 263
853 310
853 402
853 559
853 652
853 694
853 787
853 879
853 938
854 38
854 80
854 192
854 212
854 231
854 249
854 265
854 382
854 435
854 436
854 509
854 517
854 518
854 552
854 609
854 659
854 676
854 750
854 784
854 838
855 3
855 43
855 62
855 69
855 75
855 118
855 157
855 245
855 262
855 270
855 332
855 429
855 443
855 449
855 517
855 521
855 561
855 726
855 738
855 825
855 827
855 834
855 865
855 892
855 935
855 950
856 32
856 161
856 313
856 345
856 353
856 369
856 374
856 395
856 415
856 505
856 689
856 762
856 798
856 854
856 897
856 916
856 963
856 973
856 987
857 9
857 44
857 114
857 155
857 195
857 289
857 367
857 440
857 449
857 494
857 533
857 552
857 562
857 682
857 868
858 11
858 20
858 139
858 173
858 213
858 334
858 596
858 624
858 626
858 632
858 696
858 717
858 771
858 773
858 809
858 850
858 942
858 979
859 41
859 55
859 61
859 72
859 79
859 90
859 108
859 120
859 159
859 235
859 286
859 300
859 324
859 328
859 391
859 395
859 568
859 569
859 647
859 705
859 707
859 711
859 728
859 781
859 834
859 840
859 872
859 939
859 995
860 68
860 94
860 112
860 156
860 162
860 230
860 298
860 391
860 439
860 458
860 549
860 575
860 659
860 696
860 725
860 737
860 837
860 952
861 69
861 94
861 104
861 113
861 126
861 193
861 402
861 426
861 439
861 463
861 554
861 649
861 796
861 810
861 835
861 908
861 933
861 947
862 37
862 44
862 250
862 290
862 307
862 318
862 395
862 443
862 530
862 546
862 551
862 561
862 638
862 649
862 655
862 669
862 706
862 727
862 738
862 741
862 777
862 779
862 791
862 853
862 908
862 990
863 34
863 43
863 149
863 240
863 255
863 311
863 313
863 326
863 368
863 377
863 404
863 406
863 453
863 561
863 562
863 620
863 622
863 882
863 887
863 900
863 908
863 976
864 23
864 41
864 183
864 272
864 323
864 369
864 393
864 451
864 547
864 574
864 669
864 732
864 740
864 833
864 858
864 888
864 976
864 977
864 983
864 995
865 16
865 42
865 96
865 110
865 315
865 466
865 481
865 488
865 498
865 697
865 707
865 758
865 858
865 871
865 877
865 894
866 91
866 101
866 102
866 161
866 169
866 217
866 241
866 278
866 290
866 418
866 431
866 464
866 524
866 579
866 667
866 674
866 687
866 785
866 796
866 803
866 890
867 373
867 374
867 424
867 489
867 503
867 548
867 575
867 696
867 699
867 727
867 732
867 748
867 768
867 776
867 783
867 796
867 889
867 897
867 940
867 967
868 75
868 139
868 221
868 272
868 287
868 296
868 344
868 408
868 534
868 576
868 642
868 648
868 742
868 778
868 790
868 860
868 949
869 107
869 133
869 145
869 196
869 197
869 249
869 305
869 319
869 341
869 361
869 375
869 421
869 493
869 540
869 546
869 645
869 712
869 733
869 765
869 802
869 845
869 878
869 973
870 13
870 45
870 51
870 156
870 233
870 273
870 399
870 421
870 422
870 582
870 589
870 606
870 615
870 677
870 678
870 725
870 902
871 53
871 67
871 98
871 113
871 115
871 162
871 292
871 398
871 466
871 559
871 584
871 593
871 671
871 681
871 786
871 841
871 896
871 952
871 955
871 958
871 999
872 5
872 31
872 38
872 139
872 161
872 172
872 180
872 258
872 262
872 491
872 552
872 588
872 776
872 798
872 870
872 934
872 988
873 4
873 34
873 64
873 192
873 366
873 426
873 498
873 653
873 762
873 807
873 841
873 868
873 897
873 961
874 44
874 53
874 69
874 93
874 173
874 195
874 339
874 356
874 371
874 388
874 586
874 644
874 716
875 20
875 26
875 53
875 78
875 212
875 276
875 310
875 391
875 501
875 518
875 535
875 548
875 646
875 661
875 694
875 702
875 734
875 744
875 821
875 829
875 862
875 908
875 938
875 944
875 955
875 972
875 993
876 108
876 118
876 148
876 157
876 491
876 553
876 648
876 666
876 678
876 691
876 730
876 750
876 815
876 838
876 880
876 886
876 940
877 9
877 104
877 105
877 109
877 243
877 296
877 308
877 322
877 448
877 468
877 514
877 566
877 593
877 636
877 648
877 657
877 662
877 836
877 949
878 10
878 17
878 32
878 82
878 112
878 179
878 186
878 208
878 271
878 275
878 291
878 315
878 322
878 357
878 367
878 394
878 408
878 446
878 506
878 613
878 780
878 787
878 807
878 808
878 824
878 852
878 912
878 920
878 988
879 41
879 61
879 94
879 163
879 176
879 182
879 213
879 227
879 252
879 293
879 297
879 322
879 335
879 347
879 364
879 370
879 449
879 450
879 477
879 502
879 562
879 620
879 626
879 642
879 698
879 700
879 701
879 704
879 725
879 766
879 767
879 790
879 868
879 937
879 957
880 76
880 113
880 180
880 208
880 213
880 221
880 228
880 266
880 276
880 297
880 303
880 332
880 356
880 468
880 501
880 502
880 562
880 790
880 879
880 899
880 988
881 45
881 130
881 147
881 292
881 330
881 395
881 466
881 517
881 537
881 539
881 550
881 577
881 615
881 841
881 873
881 940
881 947
882 8
882 66
882 132
882 193
882 256
882 267
882 405
882 508
882 565
882 598
882 601
882 608
882 773
882 778
882 866
882 897
882 933
882 974
883 93
883 96
883 105
883 187
883 200
883 270
883 339
883 345
883 385
883 396
883 404
883 450
883 481
883 494
883 525
883 527
883 751
883 756
883 803
883 862
883 867
884 48
884 49
884 110
884 152
884 213
884 252
884 333
884 372
884 400
884 402
884 421
884 455
884 520
884 566
884 582
884 591
884 625
884 674
884 679
884 685
884 772
884 794
884 880
885 8
885 111
885 123
885 134
885 188
885 268
885 352
885 363
885 495
885 548
885 563
885 578
885 723
885 836
885 905
885 918
886 66
886 72
886 76
886 110
886 157
886 170
886 255
886 287
886 342
886 375
886 449
886 462
886 474
886 605
886 671
886 816
886 821
886 887
886 893
886 904
886 953
887 29
887 80
887 126
887 166
887 217
887 230
887 294
887 295
887 300
887 325
887 418
887 470
887 513
887 577
887 684
887 711
887 800
887 839
887 883
887 926
887 992
888 334
888 338
888 410
888 450
888 483
888 515
888 542
888 558
888 603
888 648
888 652
888 680
888 697
888 725
888 754
888 763
888 934
888 971
888 984
889 3
889 88
889 148
889 262
889 294
889 313
889 327
889 328
889 357
889 365
889 366
889 426
889 444
889 445
889 520
889 551
889 556
889 580
889 780
889 851
889 955
889 987
890 6
890 36
890 57
890 162
890 265
890 300
890 345
890 430
890 443
890 488
890 603
890 605
890 634
890 750
890 762
890 765
890 767
890 810
890 864
890 908
890 932
890 936
890 939
891 124
891 220
891 244
891 302
891 316
891 320
891 367
891 434
891 500
891 600
891 673
891 687
891 703
891 748
891 750
891 808
891 858
891 926
892 102
892 169
892 196
892 283
892 287
892 409
892 416
892 539
892 591
892 620
892 656
892 669
892 684
892 692
892 875
892 904
892 957
892 990
893 39
893 97
893 318
893 330
893 332
893 383
893 412
893 477
893 515
893 555
893 623
893 630
893 631
893 689
893 787
893 832
893 887
893 933
893 954
894 42
894 56
894 99
894 154
894 308
894 385
894 439
894 470
894 527
894 628
894 683
894 684
894 705
894 765
894 914
894 950
894 975
895 35
895 165
895 188
895 201
895 215
895 313
895 334
895 341
895 363
895 462
895 572
895 598
895 831
895 852
895 942
895 962
895 968
895 991
896 7
896 160
896 190
896 199
896 269
896 315
896 367
896 370
896 413
896 551
896 630
896 721
896 747
896 767
896 860
896 957
897 9
897 13
897 24
897 58
897 121
897 146
897 153
897 165
897 216
897 300
897 308
897 460
897 467
897 577
897 810
897 890
897 894
897 993
898 19
898 35
898 38
898 46
898 158
898 266
898 316
898 367
898 588
898 617
898 652
898 656
898 738
898 776
898 890
898 904
898 927
898 943
898 969
899 101
899 118
899 130
899 165
899 272
899 327
899 380
899 411
899 451
899 466
899 514
899 677
899 681
899 699
899 706
899 763
899 801
899 802
899 878
900 63
900 105
900 106
900 301
900 422
900 478
900 509
900 555
900 562
900 607
900 624
900 653
900 681
900 692
900 696
900 760
901 71
901 86
901 93
901 113
901 155
901 196
901 215
901 216
901 254
901 258
901 326
901 359
901 483
901 520
901 531
901 570
901 631
901 636
901 654
901 671
901 714
901 718
901 783
901 861
901 900
901 905
901 958
901 982
902 72
902 96
902 99
902 186
902 326
902 350
902 358
902 386
902 401
902 532
902 534
902 560
902 610
902 651
902 653
902 718
902 765
902 872
902 894
903 11
903 16
903 92
903 94
903 281
903 378
903 379
903 411
903 414
903 429
903 433
903 535
903 566
903 584
903 710
903 716
903 765
903 792
903 856
903 872
903 904
904 41
904 56
904 67
904 73
904 88
904 187
904 201
904 260
904 290
904 349
904 352
904 372
904 413
904 433
904 596
904 606
904 623
904 690
904 729
904 740
904 749
904 879
904 948
905 66
905 101
905 157
905 169
905 281
905 454
905 459
905 461
905 477
905 502
905 549
905 640
905 750
905 781
905 804
905 805
905 826
905 828
905 996
905 998
906 30
906 139
906 155
906 195
906 220
906 375
906 393
906 514
906 563
906 617
906 651
906 662
906 677
906 686
906 725
906 829
906 864
906 916
906 945
906 951
906 955
907 20
907 56
907 230
907 247
907 304
907 308
907 325
907 353
907 466
907 540
907 676
907 684
907 693
907 708
907 845
907 862
907 864
907 923
907 932
908 136
908 158
908 182
908 198
908 239
908 274
908 460
908 466
908 541
908 548
908 550
908 619
908 646
908 746
908 758
908 861
908 873
908 897
908 911
908 943
908 967
908 981
909 59
909 101
909 106
909 222
909 224
909 237
909 337
909 376
909 459
909 485
909 590
909 624
909 676
909 681
909 761
909 785
909 877
909 935
909 985
910 44
910 73
910 179
910 218
910 272
910 318
910 386
910 477
910 510
910 523
910 588
910 608
910 617
910 678
910 733
910 738
910 796
910 833
910 879
910 908
910 948
910 959
911 46
911 50
911 54
911 79
911 98
911 100
911 140
911 144
911 172
911 197
911 359
911 421
911 515
911 594
911 709
911 717
911 775
911 780
911 785
911 806
911 830
911 836
911 845
911 848
911 874
911 992
912 23
912 59
912 135
912 181
912 249
912 274
912 391
912 448
912 454
912 456
912 477
912 613
912 703
912 807
912 902
912 923
912 932
912 961
912 984
913 55
913 57
913 61
913 127
913 171
913 219
913 355
913 359
913 367
913 386
913 586
913 590
913 759
913 775
913 784
913 803
913 827
913 884
913 901
913 924
914 56
914 86
914 153
914 240
914 253
914 258
914 274
914 286
914 328
914 334
914 338
914 367
914 433
914 480
914 551
914 561
914 762
914 844
914 879
915 0
915 81
915 91
915 121
915 248
915 255
915 342
915 497
915 552
915 560
915 670
915 767
915 833
915 967
916 101
916 155
916 176
916 211
916 253
916 284
916 378
916 487
916 506
916 764
916 802
916 813
916 885
916 924
916 941
916 949
916 972
917 0
917 17
917 18
917 75
917 88
917 94
917 102
917 111
917 118
917 316
917 321
917 332
917 335
917 336
917 412
917 434
917 460
917 477
917 682
917 755
917 759
917 838
917 910
918 2
918 27
918 91
918 97
918 125
918 167
918 217
918 243
918 244
918 246
918 249
918 262
918 305
918 321
918 330
918 370
918 424
918 615
918 633
918 669
918 698
918 836
918 910
918 916
918 919
918 950
919 1
919 33
919 67
919 272
919 351
919 401
919 431
919 435
919 454
919 472
919 488
919 490
919 502
919 512
919 536
919 549
919 564
919 652
919 654
919 685
919 824
919 827
919 856
919 876
919 900
919 916
920 198
920 219
920 247
920 339
920 441
920 485
920 587
920 715
920 729
920 760
920 773
920 857
920 869
920 918
920 963
920 968
921 135
921 272
921 304
921 381
921 385
921 407
921 508
921 514
921 524
921 525
921 546
921 585
921 629
921 631
921 667
921 700
921 703
921 715
921 790
921 802
921 823
921 884
921 908
921 913
921 928
921 934
921 968
922 105
922 178
922 201
922 284
922 299
922 354
922 385
922 524
922 532
922 551
922 610
922 631
922 712
922 740
922 757
922 764
922 863
922 909
923 104
923 132
923 155
923 158
923 172
923 268
923 405
923 419
923 446
923 651
923 661
923 667
923 680
923 702
923 719
923 729
923 732
923 758
923 761
923 762
923 772
923 787
923 797
923 932
923 984
924 62
924 97
924 117
924 162
924 197
924 223
924 303
924 387
924 431
924 508
924 667
924 680
924 698
924 709
924 794
924 803
924 866
924 869
924 920
924 950
924 977
924 990
925 91
925 132
925 140
925 143
925 161
925 163
925 237
925 273
925 676
925 684
925 698
925 783
925 793
925 807
925 808
925 832
925 862
925 905
925 907
925 929
925 952
926 66
926 136
926 162
926 165
926 187
926 260
926 296
926 386
926 458
926 496
926 529
926 557
926 590
926 637
926 803
926 806
926 830
926 865
926 881
926 991
927 107
927 290
927 412
927 425
927 480
927 492
927 602
927 673
927 685
927 785
927 845
927 909
927 925
927 939
927 963
927 985
928 10
928 178
928 189
928 260
928 272
928 293
928 364
928 376
928 380
928 476
928 487
928 506
928 579
928 619
928 734
928 822
928 854
928 886
929 72
929 97
929 137
929 153
929 212
929 270
929 283
929 292
929 314
929 441
929 443
929 448
929 577
929 604
929 613
929 748
929 767
929 921
929 938
929 960
929 978
930 116
930 212
930 312
930 367
930 412
930 449
930 500
930 539
930 646
930 727
930 786
930 947
931 44
931 62
931 86
931 99
931 181
931 184
931 259
931 364
931 379
931 387
931 429
931 463
931 528
931 566
931 589
931 809
931 820
931 926
931 939
932 3
932 45
932 142
932 202
932 207
932 293
932 326
932 405
932 514
932 521
932 644
932 670
932 712
932 738
932 741
932 789
932 824
932 941
933 88
933 107
933 193
933 204
933 219
933 227
933 341
933 416
933 525
933 545
933 587
933 595
933 639
933 680
933 704
933 752
933 796
933 873
933 891
933 947
933 954
934 38
934 95
934 114
934 292
934 298
934 347
934 348
934 349
934 378
934 379
934 382
934 458
934 503
934 516
934 641
934 680
934 911
934 950
934 980
935 41
935 117
935 162
935 233
935 277
935 322
935 380
935 382
935 475
935 505
935 620
935 674
935 714
935 741
935 750
935 771
935 804
935 832
935 982
936 2
936 65
936 91
936 183
936 206
936 272
936 449
936 480
936 498
936 503
936 511
936 519
936 575
936 602
936 791
936 830
936 835
936 992
937 11
937 24
937 91
937 200
937 212
937 278
937 359
937 394
937 437
937 609
937 619
937 637
937 647
937 706
937 760
937 775
937 785
937 847
937 863
937 891
937 903
937 927
937 976
938 49
938 95
938 101
938 127
938 212
938 258
938 326
938 360
938 547
938 566
938 578
938 609
938 740
938 762
938 877
938 889
938 908
939 6
939 71
939 85
939 145
939 214
939 223
939 238
939 340
939 435
939 487
939 536
939 636
939 733
939 762
939 934
939 966
939 973
940 60
940 90
940 132
940 150
940 164
940 216
940 245
940 280
940 511
940 534
940 567
940 661
940 706
940 824
940 895
940 985
940 997
941 110
941 128
941 134
941 257
941 343
941 381
941 415
941 498
941 524
941 537
941 620
941 646
941 698
941 710
941 733
941 882
942 33
942 79
942 130
942 186
942 271
942 299
942 354
942 381
942 395
942 481
942 539
942 543
942 659
942 677
942 714
942 812
942 816
942 819
942 845
942 852
942 984
942 987
943 120
943 175
943 188
943 216
943 292
943 352
943 433
943 481
943 503
943 571
943 579
943 659
943 717
943 722
943 741
943 896
943 927
943 931
943 957
943 975
944 39
944 44
944 52
944 100
944 108
944 111
944 124
944 221
944 228
944 300
944 448
944 456
944 602
944 646
944 857
944 892
944 901
944 945
944 966
945 26
945 57
945 58
945 70
945 135
945 183
945 238
945 249
945 254
945 359
945 471
945 496
945 526
945 570
945 574
945 579
945 602
945 675
945 682
945 743
945 770
945 849
945 911
945 986
945 987
946 91
946 124
946 126
946 233
946 248
946 378
946 423
946 432
946 486
946 492
946 523
946 530
946 566
946 580
946 706
946 707
946 744
946 767
946 789
946 831
946 880
946 955
946 966
947 50
947 52
947 186
947 236
947 267
947 268
947 300
947 304
947 312
947 322
947 379
947 425
947 606
947 743
947 839
947 894
947 983
948 88
948 90
948 303
948 375
948 444
948 524
948 532
948 592
948 595
948 739
948 808
948 873
948 875
949 14
949 21
949 57
949 91
949 169
949 219
949 246
949 303
949 337
949 478
949 508
949 588
949 633
949 690
949 759
949 776
949 936
949 979
949 997
950 28
950 38
950 105
950 148
950 150
950 180
950 487
950 506
950 663
950 679
950 696
950 713
950 787
950 802
950 866
950 868
950 893
951 2
951 10
951 88
951 102
951 117
951 171
951 219
951 271
951 323
951 328
951 331
951 359
951 440
951 473
951 585
951 610
951 632
951 759
951 790
952 4
952 46
952 68
952 70
952 78
952 125
952 140
952 164
952 170
952 182
952 218
952 324
952 335
952 367
952 403
952 408
952 439
952 723
952 835
952 855
952 891
952 893
952 979
953 24
953 195
953 253
953 270
953 278
953 565
953 586
953 609
953 617
953 647
953 661
953 699
953 725
953 764
953 797
953 800
953 847
953 854
953 902
953 905
953 963
953 973
954 99
954 106
954 108
954 122
954 194
954 195
954 205
954 209
954 212
954 230
954 249
954 272
954 328
954 378
954 385
954 399
954 480
954 525
954 579
954 715
954 739
954 742
954 750
954 922
955 32
955 63
955 73
955 152
955 167
955 196
955 199
955 205
955 255
955 265
955 271
955 278
955 286
955 305
955 362
955 377
955 458
955 460
955 467
955 543
955 561
955 652
955 654
955 703
955 902
955 905
955 930
955 931
955 973
956 2
956 31
956 136
956 202
956 229
956 277
956 280
956 452
956 725
956 777
956 843
956 867
956 876
956 878
957 9
957 81
957 100
957 122
957 158
957 286
957 328
957 361
957 455
957 536
957 686
957 712
957 728
957 785
957 876
957 913
957 947
957 954
958 20
958 55
958 115
958 145
958 177
958 213
958 215
958 227
958 252
958 263
958 271
958 297
958 319
958 378
958 467
958 515
958 532
958 605
958 626
958 638
958 660
958 669
958 680
958 832
958 870
959 34
959 113
959 190
959 415
959 436
959 512
959 530
959 539
959 567
959 601
959 626
959 675
959 695
959 707
959 713
959 764
959 944
959 950
959 977
960 20
960 31
960 89
960 91
960 108
960 166
960 180
960 249
960 252
960 302
960 480
960 671
960 686
960 745
960 751
960 791
960 817
961 1
961 18
961 43
961 45
961 124
961 198
961 255
961 282
961 350
961 362
961 364
961 400
961 612
961 678
961 680
961 753
961 761
961 866
961 875
961 883
961 889
961 942
962 65
962 150
962 254
962 258
962 276
962 311
962 336
962 344
962 368
962 372
962 377
962 518
962 716
962 727
962 748
962 767
962 771
962 782
962 808
962 836
962 837
962 912
962 977
962 984
963 128
963 187
963 225
963 272
963 295
963 298
963 326
963 460
963 556
963 650
963 818
963 826
963 835
963 842
963 848
964 62
964 132
964 281
964 283
964 351
964 436
964 447
964 465
964 503
964 529
964 532
964 582
964 589
964 673
964 678
964 722
964 784
964 917
964 991
965 15
965 162
965 167
965 173
965 202
965 206
965 280
965 353
965 361
965 403
965 438
965 439
965 601
965 696
965 771
965 777
965 825
965 826
965 851
965 867
965 949
965 967
966 190
966 383
966 435
966 469
966 488
966 489
966 536
966 706
966 785
966 792
966 838
966 872
966 994
967 81
967 98
967 202
967 203
967 262
967 273
967 326
967 328
967 333
967 365
967 381
967 425
967 440
967 459
967 468
967 491
967 523
967 529
967 784
967 840
967 945
967 947
967 964
968 32
968 65
968 95
968 119
968 127
968 128
968 168
968 181
968 232
968 311
968 370
968 547
968 575
968 660
968 689
968 693
968 700
968 712
968 753
968 754
968 789
968 813
969 15
969 184
969 313
969 434
969 517
969 601
969 717
969 757
969 866
969 978
970 21
970 37
970 127
970 211
970 316
970 319
970 369
970 391
970 396
970 539
970 573
970 675
970 727
970 732
970 805
970 824
970 897
970 952
971 138
971 141
971 165
971 177
971 275
971 409
971 438
971 825
971 894
971 966
971 978
972 88
972 93
972 248
972 311
972 313
972 470
972 651
972 830
972 899
972 911
972 982
972 988
973 127
973 168
973 279
973 283
973 352
973 374
973 518
973 552
973 563
973 595
973 623
973 688
973 753
973 777
973 816
973 818
973 863
973 876
973 970
973 985
974 21
974 31
974 126
974 136
974 164
974 209
974 248
974 250
974 328
974 359
974 388
974 467
974 489
974 496
974 664
974 707
974 750
974 853
974 899
974 934
974 963
975 15
975 33
975 58
975 209
975 212
975 275
975 282
975 299
975 325
975 390
975 402
975 426
975 427
975 512
975 534
975 551
975 685
975 740
975 787
975 802
975 845
975 991
976 19
976 59
976 104
976 121
976 153
976 203
976 263
976 294
976 300
976 347
976 418
976 488
976 564
976 583
976 662
976 687
976 702
976 704
976 738
976 780
976 819
976 824
976 826
976 829
976 876
976 993
977 103
977 158
977 190
977 194
977 402
977 620
977 683
977 694
977 755
977 778
977 824
977 968
977 982
977 983
977 985
978 17
978 47
978 48
978 50
978 56
978 206
978 289
978 408
978 428
978 472
978 487
978 490
978 530
978 540
978 564
978 673
978 751
978 766
978 780
978 814
978 856
978 910
978 953
979 6
979 9
979 31
979 102
979 180
979 332
979 335
979 347
979 426
979 510
979 713
979 718
979 759
979 793
979 832
979 837
979 922
979 942
980 73
980 77
980 162
980 170
980 273
980 284
980 308
980 317
980 320
980 350
980 447
980 488
980 517
980 579
980 602
980 627
980 645
980 761
980 801
980 848
980 892
980 913
980 915
981 37
981 53
981 59
981 196
981 234
981 298
981 303
981 305
981 335
981 453
981 475
981 561
981 583
981 634
981 643
981 648
981 832
981 848
982 31
982 74
982 209
982 274
982 277
982 341
982 351
982 386
982 415
982 490
982 612
982 678
982 711
982 750
982 780
982 810
982 821
982 873
982 983
982 986
982 995
983 45
983 85
983 90
983 116
983 120
983 138
983 158
983 172
983 248
983 286
983 328
983 334
983 340
983 346
983 368
983 399
983 483
983 553
983 611
983 614
983 744
983 814
983 818
983 855
983 904
983 930
983 969
984 9
984 13
984 73
984 140
984 143
984 150
984 164
984 172
984 209
984 236
984 287
984 311
984 348
984 415
984 463
984 494
984 539
984 543
984 784
984 878
984 910
984 917
985 61
985 63
985 119
985 135
985 259
985 293
985 397
985 410
985 474
985 514
985 540
985 597
985 821
985 861
985 868
986 283
986 304
986 324
986 335
986 421
986 427
986 482
986 493
986 506
986 655
986 761
986 806
986 849
986 909
986 912
986 993
987 72
987 75
987 100
987 103
987 107
987 196
987 226
987 259
987 298
987 334
987 414
987 476
987 542
987 577
987 648
987 677
987 713
987 768
987 770
987 858
987 940
988 21
988 55
988 72
988 92
988 95
988 159
988 280
988 350
988 367
988 406
988 604
988 631
988 674
988 730
988 757
988 781
988 813
988 849
988 857
988 878
988 913
989 9
989 37
989 48
989 83
989 96
989 131
989 175
989 181
989 190
989 254
989 370
989 386
989 387
989 403
989 447
989 486
989 515
989 547
989 572
989 605
989 686
989 733
989 738
989 827
989 832
989 848
989 850
989 988
990 126
990 185
990 203
990 222
990 293
990 324
990 359
990 372
990 386
990 436
990 509
990 551
990 630
990 682
990 737
990 811
990 812
990 927
991 25
991 91
991 117
991 168
991 178
991 251
991 387
991 406
991 450
991 507
991 606
991 653
991 800
991 812
991 838
991 886
991 890
991 927
991 957
992 19
992 131
992 285
992 286
992 308
992 321
992 364
992 386
992 470
992 582
992 678
992 680
992 715
992 806
992 870
992 892
992 911
992 953
992 989
993 22
993 27
993 35
993 43
993 50
993 110
993 174
993 188
993 292
993 324
993 483
993 498
993 600
993 642
993 652
993 657
993 695
993 743
993 745
993 763
993 943
994 141
994 147
994 156
994 171
994 297
994 344
994 354
994 373
994 395
994 410
994 467
994 502
994 575
994 578
994 600
994 654
994 659
994 747
994 801
994 817
994 842
994 868
995 13
995 71
995 83
995 99
995 163
995 212
995 230
995 258
995 484
995 488
995 540
995 612
995 615
995 704
995 706
995 887
995 926
996 22
996 234
996 253
996 268
996 296
996 381
996 408
996 409
996 419
996 469
996 588
996 589
996 612
996 651
996 698
996 702
996 733
996 739
996 770
996 901
996 961
996 977
996 982
997 20
997 23
997 88
997 92
997 323
997 433
997 452
997 456
997 504
997 731
997 754
997 769
997 798
997 803
997 805
997 812
997 914
997 920
997 926
997 994
998 11
998 13
998 14
998 130
998 160
998 311
998 386
998 401
998 501
998 536
998 538
998 641
998 692
998 861
998 864
998 903
998 999
999 44
999 61
999 65
999 72
999 93
999 156
999 170
999 176
999 177
999 187
999 225
999 305
999 386
999 394
999 407
999 477
999 480
999 656
999 695
999 755
999 795
999 806
999 868
999 905
999 908
999 927
999 980
999 981
