992 19840
0 907
0 908
0 979
0 872
0 984
0 60
0 914
0 64
0 903
0 61
0 988
0 897
0 951
0 1
0 893
0 950
0 883
0 977
0 941
0 865
1 945
1 35
1 33
1 958
1 985
1 96
1 933
1 976
1 36
1 990
1 971
1 65
1 62
1 3
1 947
1 954
1 955
1 975
1 989
1 949
2 981
2 952
2 969
2 100
2 98
2 979
2 99
2 988
2 980
2 935
2 943
2 949
2 32
2 38
2 961
2 31
2 978
2 95
2 968
2 955
3 966
3 982
3 101
3 987
3 968
3 979
3 34
3 0
3 31
3 38
3 98
3 986
3 35
3 131
3 7
3 99
3 130
3 964
3 974
3 30
4 39
4 6
4 164
4 70
4 0
4 102
4 100
4 5
4 37
4 40
4 66
4 31
4 2
4 7
4 36
4 35
4 98
4 65
4 68
4 71
5 132
5 10
5 70
5 66
5 6
5 72
5 1
5 68
5 2
5 103
5 102
5 33
5 67
5 9
5 36
5 133
5 100
5 0
5 69
5 71
6 166
6 10
6 72
6 3
6 101
6 71
6 2
6 36
6 42
6 104
6 8
6 35
6 68
6 133
6 39
6 4
6 70
6 34
6 1
6 9
7 40
7 2
7 39
7 42
7 11
7 167
7 6
7 38
7 134
7 70
7 8
7 5
7 68
7 136
7 43
7 10
7 12
7 101
7 35
7 103
8 41
8 137
8 38
8 102
8 10
8 3
8 40
8 105
8 73
8 135
8 106
8 71
8 36
8 168
8 75
8 72
8 44
8 37
8 11
8 12
9 13
9 38
9 37
9 40
9 107
9 104
9 8
9 136
9 137
9 45
9 138
9 11
9 105
9 5
9 73
9 103
9 7
9 72
9 71
9 76
10 108
10 137
10 15
10 138
10 5
10 46
10 45
10 105
10 72
10 106
10 9
10 75
10 11
10 76
10 8
10 139
10 39
10 73
10 42
10 13
11 108
11 40
11 46
11 171
11 42
11 41
11 107
11 16
11 47
11 43
11 15
11 76
11 13
11 138
11 9
11 6
11 10
11 44
11 139
11 77
12 106
12 13
12 11
12 109
12 172
12 41
12 7
12 139
12 141
12 46
12 14
12 75
12 45
12 79
12 48
12 73
12 78
12 8
12 43
12 74
13 47
13 111
13 74
13 11
13 142
13 48
13 76
13 140
13 10
13 17
13 41
13 14
13 109
13 42
13 45
13 80
13 18
13 12
13 79
13 15
14 15
14 108
14 9
14 141
14 78
14 142
14 49
14 42
14 81
14 143
14 18
14 48
14 174
14 12
14 16
14 19
14 111
14 80
14 50
14 45
15 109
15 16
15 17
15 142
15 12
15 48
15 111
15 47
15 79
15 49
15 10
15 44
15 50
15 11
15 51
15 45
15 46
15 112
15 81
15 82
16 44
16 77
16 48
16 82
16 21
16 50
16 51
16 47
16 19
16 15
16 14
16 112
16 176
16 144
16 17
16 80
16 78
16 12
16 114
16 46
17 113
17 14
17 114
17 13
17 12
17 82
17 20
17 47
17 49
17 19
17 51
17 18
17 48
17 21
17 16
17 145
17 22
17 45
17 50
17 115
18 53
18 15
18 145
18 80
18 17
18 22
18 147
18 79
18 20
18 52
18 16
18 48
18 146
18 46
18 13
18 114
18 23
18 115
18 54
18 47
19 148
19 49
19 113
19 47
19 48
19 24
19 55
19 83
19 16
19 54
19 22
19 21
19 82
19 14
19 117
19 18
19 50
19 84
19 85
19 116
20 148
20 180
20 51
20 117
20 23
20 149
20 54
20 87
20 24
20 15
20 82
20 50
20 114
20 115
20 116
20 16
20 49
20 52
20 53
20 147
21 119
21 53
21 23
21 52
21 87
21 150
21 55
21 17
21 57
21 49
21 25
21 50
21 22
21 116
21 24
21 118
21 51
21 88
21 16
21 54
22 25
22 52
22 23
22 151
22 120
22 150
22 20
22 149
22 19
22 84
22 27
22 17
22 53
22 21
22 85
22 58
22 86
22 56
22 18
22 88
23 59
23 20
23 84
23 56
23 28
23 53
23 119
23 51
23 27
23 90
23 25
23 87
23 55
23 117
23 52
23 19
23 18
23 54
23 21
23 118
24 20
24 152
24 151
24 88
24 52
24 118
24 56
24 22
24 122
24 29
24 58
24 54
24 23
24 60
24 26
24 87
24 85
24 21
24 19
24 153
25 59
25 119
25 56
25 154
25 153
25 30
25 91
25 55
25 92
25 22
25 152
25 88
25 61
25 89
25 53
25 60
25 21
25 58
25 29
25 90
26 153
26 57
26 123
26 30
26 25
26 56
26 58
26 23
26 29
26 92
26 27
26 89
26 54
26 31
26 28
26 87
26 121
26 122
26 21
26 120
27 125
27 0
27 122
27 55
27 29
27 60
27 156
27 93
27 57
27 24
27 92
27 23
27 154
27 88
27 90
27 91
27 89
27 94
27 25
27 63
28 125
28 156
28 123
28 92
28 62
28 90
28 61
28 24
28 26
28 155
28 56
28 30
28 63
28 57
28 60
28 124
28 126
28 89
28 91
28 122
29 60
29 988
29 971
29 63
29 157
29 31
29 976
29 62
29 125
29 2
29 970
29 987
29 984
29 980
29 972
29 968
29 978
29 90
29 24
29 975
30 61
30 988
30 929
30 975
30 954
30 60
30 935
30 986
30 0
30 974
30 3
30 59
30 126
30 957
30 939
30 159
30 125
30 978
30 942
30 980
31 932
31 949
31 962
31 968
31 950
31 93
31 940
31 916
31 4
31 65
31 961
31 909
31 906
31 972
31 1
31 915
31 0
31 947
31 191
31 29
32 879
32 970
32 958
32 863
32 928
32 832
32 939
32 125
32 917
32 883
32 837
32 842
32 160
32 37
32 924
32 969
32 887
32 34
32 962
32 880
33 920
33 915
33 945
33 937
33 989
33 909
33 30
33 35
33 901
33 32
33 925
33 941
33 924
33 910
33 126
33 94
33 912
33 922
33 890
33 913
34 924
34 907
34 913
34 161
34 908
34 970
34 979
34 903
34 949
34 5
34 921
34 931
34 986
34 954
34 987
34 38
34 973
34 988
34 98
34 96
35 100
35 941
35 957
35 954
35 986
35 1
35 102
35 929
35 38
35 974
35 5
35 101
35 950
35 164
35 945
35 937
35 961
35 963
35 988
35 936
36 98
36 987
36 38
36 963
36 103
36 967
36 4
36 0
36 973
36 165
36 68
36 97
36 7
36 966
36 6
36 5
36 163
36 100
36 130
36 978
37 71
37 38
37 164
37 67
37 135
37 6
37 134
37 166
37 99
37 98
37 5
37 1
37 32
37 40
37 4
37 65
37 41
37 104
37 8
37 70
38 102
38 8
38 6
38 39
38 2
38 68
38 105
38 132
38 136
38 134
38 198
38 43
38 9
38 35
38 42
38 5
38 40
38 67
38 74
38 133
39 135
39 74
39 41
39 44
39 106
39 3
39 105
39 67
39 100
39 103
39 68
39 37
39 71
39 10
39 72
39 36
39 34
39 199
39 42
39 9
40 102
40 44
40 74
40 103
40 136
40 11
40 37
40 68
40 7
40 35
40 43
40 169
40 6
40 135
40 107
40 72
40 38
40 69
40 106
40 36
41 9
41 5
41 105
41 108
41 12
41 37
41 40
41 106
41 104
41 136
41 169
41 135
41 107
41 44
41 139
41 11
41 36
41 138
41 10
41 6
42 45
42 136
42 140
42 139
42 109
42 72
42 74
42 6
42 43
42 10
42 39
42 40
42 7
42 169
42 106
42 8
42 77
42 171
42 73
42 46
43 108
43 104
43 77
43 141
43 106
43 40
43 73
43 138
43 15
43 139
43 10
43 140
43 7
43 170
43 13
43 72
43 79
43 41
43 47
43 71
44 141
44 72
44 74
44 46
44 76
44 171
44 75
44 107
44 110
44 111
44 138
44 77
44 11
44 108
44 139
44 12
44 106
44 78
44 14
44 105
45 139
45 46
45 41
45 108
45 172
45 205
45 12
45 9
45 141
45 110
45 47
45 73
45 77
45 15
45 13
45 74
45 79
45 142
45 42
45 78
46 74
46 18
46 49
46 75
46 12
46 76
46 47
46 44
46 144
46 13
46 109
46 108
46 42
46 82
46 78
46 80
46 14
46 112
46 206
46 140
47 174
47 79
47 144
47 75
47 83
47 17
47 81
47 145
47 15
47 52
47 12
47 48
47 111
47 108
47 45
47 109
47 18
47 76
47 80
47 141
48 111
48 44
48 49
48 50
48 84
48 78
48 143
48 113
48 79
48 77
48 15
48 146
48 83
48 177
48 76
48 52
48 45
48 43
48 46
48 175
49 54
49 45
49 52
49 80
49 143
49 84
49 53
49 44
49 16
49 15
49 47
49 20
49 114
49 85
49 46
49 48
49 112
49 146
49 82
49 115
50 111
50 55
50 85
50 210
50 52
50 116
50 21
50 148
50 51
50 179
50 78
50 45
50 145
50 53
50 80
50 114
50 49
50 144
50 81
50 48
51 112
51 20
51 49
51 55
51 115
51 18
51 48
51 146
51 79
51 16
51 53
51 211
51 46
51 179
51 87
51 85
51 116
51 149
51 84
51 56
52 180
52 48
52 114
52 23
52 18
52 117
52 56
52 24
52 57
52 119
52 87
52 88
52 22
52 146
52 113
52 49
52 16
52 81
52 54
52 53
53 213
53 114
53 18
53 25
53 120
53 150
53 20
53 56
53 51
53 19
53 89
53 88
53 82
53 116
53 58
53 180
53 49
53 86
53 151
53 117
54 150
54 26
54 151
54 183
54 52
54 55
54 18
54 149
54 148
54 181
54 118
54 117
54 19
54 20
54 116
54 56
54 22
54 90
54 182
54 121
55 149
55 121
55 60
55 52
55 51
55 91
55 184
55 23
55 151
55 57
55 56
55 54
55 116
55 58
55 183
55 27
55 90
55 26
55 215
55 86
56 26
56 121
56 91
56 22
56 150
56 84
56 122
56 123
56 61
56 53
56 92
56 23
56 58
56 21
56 154
56 87
56 90
56 89
56 52
56 57
57 21
57 217
57 121
57 27
57 124
57 60
57 92
57 22
57 186
57 26
57 89
57 154
57 61
57 122
57 91
57 85
57 93
57 118
57 24
57 29
58 92
58 55
58 93
58 153
58 120
58 86
58 89
58 62
58 60
58 25
58 156
58 63
58 152
58 125
58 88
58 61
58 186
58 30
58 54
58 119
59 54
59 32
59 188
59 87
59 23
59 57
59 157
59 187
59 94
59 120
59 93
59 55
59 63
59 89
59 124
59 24
59 56
59 31
59 125
59 123
60 966
60 971
60 981
60 91
60 977
60 188
60 125
60 988
60 961
60 187
60 27
60 974
60 964
60 32
60 975
60 31
60 33
60 64
60 24
60 984
61 936
61 34
61 943
61 95
61 938
61 933
61 971
61 985
61 157
61 966
61 972
61 64
61 25
61 26
61 156
61 123
61 949
61 968
61 969
61 953
62 125
62 937
62 953
62 959
62 64
62 128
62 26
62 95
62 941
62 916
62 127
62 984
62 926
62 958
62 914
62 903
62 966
62 975
62 980
62 929
63 907
63 881
63 892
63 932
63 946
63 34
63 868
63 874
63 925
63 878
63 127
63 191
63 91
63 975
63 958
63 124
63 158
63 98
63 867
63 916
64 882
64 161
64 886
64 127
64 983
64 31
64 126
64 95
64 877
64 990
64 899
64 864
64 964
64 871
64 933
64 0
64 926
64 67
64 869
64 36
65 929
65 911
65 225
65 62
65 94
65 3
65 951
65 934
65 902
65 953
65 129
65 1
65 950
65 924
65 193
65 939
65 979
65 127
65 899
65 192
66 954
66 95
66 69
66 966
66 62
66 193
66 964
66 957
66 936
66 960
66 929
66 943
66 932
66 195
66 971
66 63
66 94
66 102
66 990
66 989
67 32
67 128
67 990
67 33
67 68
67 94
67 988
67 962
67 164
67 967
67 964
67 989
67 973
67 963
67 986
67 972
67 987
67 132
67 66
67 1
68 33
68 130
68 103
68 67
68 102
68 129
68 97
68 4
68 165
68 163
68 65
68 95
68 34
68 35
68 134
68 39
68 36
68 2
68 133
68 6
69 41
69 197
69 74
69 2
69 73
69 70
69 35
69 103
69 65
69 135
69 163
69 198
69 166
69 130
69 38
69 104
69 167
69 132
69 97
69 3
70 106
70 103
70 74
70 133
70 72
70 9
70 134
70 38
70 136
70 8
70 4
70 75
70 37
70 101
70 73
70 99
70 104
70 66
70 35
70 36
71 35
71 137
71 75
71 102
71 138
71 40
71 105
71 200
71 136
71 135
71 231
71 69
71 76
71 41
71 134
71 67
71 99
71 74
71 68
71 166
72 104
72 69
72 134
72 8
72 137
72 166
72 136
72 6
72 105
72 74
72 168
72 40
72 37
72 138
72 5
72 71
72 44
72 70
72 232
72 10
73 10
73 8
73 171
73 40
73 202
73 109
73 136
73 75
73 12
73 140
73 170
73 41
73 137
73 102
73 43
73 39
73 68
73 108
73 167
73 101
74 46
74 168
74 135
74 9
74 38
74 12
74 136
74 8
74 69
74 43
74 171
74 76
74 104
74 7
74 109
74 107
74 71
74 42
74 10
74 45
75 106
75 76
75 42
75 47
75 171
75 39
75 111
75 74
75 14
75 172
75 79
75 73
75 137
75 169
75 203
75 140
75 204
75 108
75 142
75 138
76 105
76 9
76 108
76 81
76 109
76 77
76 44
76 48
76 111
76 79
76 204
76 106
76 142
76 74
76 170
76 80
76 11
76 112
76 143
76 137
77 75
77 78
77 172
77 112
77 141
77 15
77 72
77 12
77 44
77 82
77 74
77 81
77 113
77 42
77 206
77 138
77 106
77 171
77 11
77 110
78 83
78 13
78 82
78 48
78 106
78 16
78 145
78 111
78 43
78 205
78 73
78 173
78 17
78 47
78 172
78 12
78 77
78 238
78 108
78 46
79 145
79 109
79 142
79 82
79 140
79 48
79 114
79 110
79 174
79 111
79 51
79 143
79 144
79 173
79 146
79 47
79 206
79 15
79 43
79 18
80 50
80 174
80 15
80 207
80 82
80 44
80 208
80 79
80 18
80 146
80 84
80 108
80 114
80 177
80 175
80 240
80 13
80 16
80 78
80 109
81 144
81 241
81 116
81 178
81 14
81 76
81 17
81 18
81 177
81 48
81 147
81 79
81 113
81 78
81 51
81 46
81 85
81 19
81 52
81 45
82 87
82 50
82 146
82 21
82 148
82 211
82 81
82 114
82 46
82 83
82 18
82 51
82 179
82 209
82 147
82 49
82 178
82 149
82 116
82 84
83 177
83 114
83 19
83 78
83 211
83 178
83 149
83 21
83 88
83 49
83 54
83 180
83 148
83 179
83 52
83 17
83 50
83 117
83 150
83 145
84 22
84 55
84 21
84 49
84 88
84 150
84 87
84 52
84 114
84 80
84 118
84 19
84 145
84 112
84 81
84 146
84 51
84 53
84 83
84 116
85 82
85 151
85 52
85 49
85 116
85 90
85 180
85 50
85 115
85 118
85 150
85 117
85 24
85 88
85 21
85 182
85 55
85 149
85 56
85 87
86 55
86 114
86 25
86 54
86 214
86 53
86 152
86 115
86 121
86 21
86 213
86 23
86 22
86 180
86 150
86 87
86 122
86 151
86 120
86 246
87 215
87 117
87 23
87 86
87 149
87 92
87 54
87 85
87 154
87 153
87 91
87 51
87 89
87 57
87 58
87 88
87 150
87 115
87 118
87 84
88 21
88 53
88 118
88 89
88 119
88 120
88 83
88 87
88 153
88 184
88 151
88 57
88 60
88 86
88 26
88 155
88 150
88 122
88 85
88 59
89 153
89 84
89 27
89 88
89 122
89 85
89 216
89 152
89 58
89 25
89 123
89 187
89 151
89 217
89 185
89 54
89 121
89 92
89 183
89 28
90 185
90 120
90 154
90 156
90 184
90 124
90 88
90 126
90 92
90 23
90 125
90 157
90 58
90 61
90 95
90 119
90 93
90 121
90 59
90 26
91 64
91 155
91 121
91 60
91 189
91 124
91 90
91 220
91 156
91 95
91 88
91 122
91 58
91 157
91 119
91 123
91 94
91 26
91 24
91 30
92 64
92 26
92 91
92 89
92 90
92 220
92 159
92 221
92 124
92 59
92 56
92 127
92 158
92 188
92 58
92 123
92 187
92 28
92 121
92 95
93 156
93 968
93 969
93 63
93 980
93 33
93 220
93 154
93 155
93 121
93 221
93 124
93 965
93 65
93 983
93 97
93 28
93 157
93 189
93 966
94 986
94 122
94 28
94 961
94 937
94 991
94 989
94 61
94 956
94 159
94 127
94 60
94 979
94 933
94 93
94 965
94 190
94 978
94 98
94 90
95 33
95 124
95 126
95 32
95 896
95 981
95 985
95 921
95 947
95 959
95 943
95 916
95 914
95 903
95 96
95 158
95 908
95 59
95 980
95 98
96 956
96 899
96 189
96 100
96 921
96 942
96 943
96 978
96 977
96 967
96 127
96 126
96 959
96 93
96 256
96 190
96 903
96 124
96 934
96 954
97 99
97 126
97 990
97 981
97 980
97 164
97 935
97 62
97 947
97 939
97 974
97 163
97 934
97 226
97 951
97 161
97 946
97 932
97 977
97 942
98 969
98 962
98 986
98 66
98 226
98 63
98 988
98 128
98 34
98 70
98 195
98 95
98 980
98 130
98 981
98 961
98 191
98 32
98 973
98 258
99 70
99 101
99 159
99 38
99 67
99 34
99 68
99 97
99 166
99 69
99 165
99 5
99 126
99 227
99 161
99 66
99 64
99 36
99 132
99 127
100 71
100 130
100 64
100 166
100 36
100 104
100 101
100 129
100 197
100 136
100 162
100 102
100 167
100 98
100 97
100 70
100 33
100 260
100 67
100 127
101 4
101 6
101 166
101 196
101 99
101 7
101 39
101 105
101 136
101 36
101 106
101 229
101 198
101 67
101 69
101 134
101 5
101 162
101 135
101 195
102 198
102 196
102 72
102 100
102 73
102 164
102 66
102 138
102 103
102 137
102 165
102 169
102 41
102 106
102 5
102 69
102 197
102 168
102 40
102 107
103 197
103 98
103 166
103 201
103 36
103 137
103 198
103 40
103 107
103 38
103 5
103 139
103 263
103 8
103 131
103 231
103 230
103 99
103 132
103 165
104 40
104 106
104 101
104 73
104 43
104 136
104 137
104 170
104 105
104 76
104 109
104 42
104 201
104 166
104 108
104 171
104 68
104 38
104 132
104 200
105 265
105 138
105 43
105 133
105 201
105 233
105 100
105 106
105 77
105 11
105 103
105 172
105 166
105 200
105 40
105 42
105 167
105 70
105 171
105 170
106 76
106 137
106 234
106 104
106 8
106 203
106 202
106 138
106 141
106 75
106 40
106 43
106 168
106 173
106 105
106 74
106 235
106 139
106 9
106 107
107 203
107 142
107 10
107 76
107 235
107 72
107 171
107 110
107 170
107 79
107 73
107 202
107 140
107 205
107 267
107 102
107 108
107 137
107 42
107 104
108 11
108 206
108 78
108 111
108 106
108 104
108 79
108 41
108 172
108 237
108 44
108 173
108 202
108 43
108 175
108 203
108 137
108 103
108 14
108 204
109 145
109 43
109 74
109 48
109 11
109 141
109 106
109 171
109 176
109 138
109 81
109 269
109 140
109 107
109 172
109 203
109 170
109 105
109 79
109 12
110 138
110 82
110 74
110 76
110 79
110 144
110 13
110 81
110 45
110 77
110 49
110 113
110 44
110 75
110 114
110 141
110 108
110 176
110 143
110 107
111 109
111 176
111 75
111 239
111 142
111 147
111 175
111 209
111 172
111 16
111 113
111 177
111 140
111 240
111 208
111 79
111 238
111 114
111 17
111 207
112 76
112 51
112 46
112 272
112 176
112 78
112 179
112 178
112 77
112 206
112 174
112 146
112 81
112 116
112 113
112 143
112 239
112 144
112 18
112 84
113 84
113 51
113 273
113 77
113 208
113 49
113 47
113 145
113 175
113 18
113 143
113 81
113 211
113 144
113 112
113 109
113 115
113 174
113 180
113 116
114 111
114 118
114 148
114 142
114 49
114 47
114 85
114 274
114 147
114 144
114 80
114 50
114 241
114 150
114 79
114 243
114 16
114 175
114 84
114 48
115 178
115 144
115 210
115 80
115 117
115 211
115 244
115 177
115 119
115 146
115 84
115 147
115 85
115 54
115 81
115 182
115 87
115 148
115 150
115 111
116 149
116 146
116 212
116 213
116 148
116 55
116 18
116 147
116 54
116 118
116 52
116 112
116 20
116 145
116 83
116 243
116 144
116 50
116 88
116 120
117 246
117 115
117 245
117 53
117 116
117 244
117 84
117 81
117 147
117 148
117 150
117 83
117 149
117 85
117 212
117 82
117 51
117 145
117 214
117 181
118 122
118 22
118 89
118 21
118 185
118 179
118 247
118 87
118 148
118 85
118 117
118 245
118 82
118 56
118 86
118 119
118 154
118 180
118 212
118 120
119 180
119 54
119 114
119 83
119 115
119 185
119 24
119 89
119 91
119 246
119 186
119 150
119 149
119 147
119 22
119 84
119 148
119 120
119 248
119 215
120 118
120 89
120 59
120 155
120 156
120 57
120 218
120 187
120 186
120 86
120 151
120 90
120 214
120 249
120 54
120 148
120 125
120 280
120 154
120 116
121 185
121 85
121 90
121 117
121 27
121 92
121 155
121 118
121 56
121 281
121 125
121 152
121 122
121 116
121 126
121 187
121 249
121 87
121 149
121 93
122 153
122 184
122 25
122 150
122 126
122 216
122 61
122 220
122 121
122 251
122 24
122 189
122 89
122 87
122 91
122 123
122 58
122 219
122 86
122 117
123 218
123 90
123 220
123 153
123 29
123 121
123 250
123 89
123 122
123 57
123 27
123 119
123 96
123 158
123 120
123 155
123 94
123 187
123 190
123 125
124 58
124 93
124 158
124 91
124 154
124 97
124 127
124 123
124 29
124 26
124 60
124 251
124 88
124 64
124 189
124 126
124 152
124 252
124 155
124 63
125 30
125 58
125 95
125 129
125 252
125 128
125 189
125 60
125 97
125 253
125 122
125 156
125 219
125 124
125 61
125 187
125 160
125 62
125 190
125 27
126 222
126 61
126 223
126 983
126 253
126 96
126 128
126 127
126 960
126 192
126 961
126 985
126 64
126 124
126 977
126 991
126 191
126 978
126 66
126 90
127 970
127 976
127 979
127 943
127 62
127 969
127 1
127 67
127 156
127 255
127 162
127 958
127 60
127 949
127 947
127 971
127 957
127 930
127 944
127 987
128 98
128 961
128 129
128 941
128 99
128 194
128 979
128 943
128 224
128 963
128 937
128 160
128 973
128 193
128 987
128 163
128 929
128 991
128 225
128 978
129 159
129 189
129 66
129 164
129 95
129 193
129 32
129 255
129 99
129 133
129 961
129 161
129 986
129 63
129 987
129 165
129 968
129 974
129 256
129 101
130 228
130 191
130 67
130 96
130 36
130 1
130 64
130 197
130 157
130 226
130 190
130 164
130 95
130 127
130 196
130 97
130 133
130 126
130 102
130 32
131 2
131 64
131 33
131 226
131 163
131 129
131 164
131 68
131 132
131 165
131 135
131 197
131 160
131 227
131 229
131 101
131 198
131 161
131 195
131 98
132 163
132 167
132 71
132 137
132 230
132 194
132 134
132 5
132 97
132 34
132 160
132 99
132 4
132 98
132 260
132 133
132 226
132 196
132 102
132 199
133 35
133 262
133 130
133 68
133 99
133 104
133 167
133 199
133 71
133 293
133 36
133 72
133 161
133 261
133 197
133 138
133 162
133 132
133 198
133 4
134 69
134 133
134 37
134 5
134 68
134 162
134 102
134 132
134 39
134 104
134 72
134 261
134 197
134 167
134 198
134 263
134 200
134 137
134 71
134 138
135 167
135 136
135 68
135 40
135 169
135 295
135 262
135 132
135 41
135 71
135 7
135 229
135 103
135 138
135 232
135 74
135 133
135 200
135 165
135 105
136 200
136 70
136 72
136 172
136 105
136 8
136 108
136 74
136 38
136 103
136 7
136 197
136 100
136 171
136 201
136 202
136 69
136 230
136 41
136 73
137 165
137 203
137 135
137 134
137 202
137 139
137 107
137 108
137 109
137 106
137 199
137 105
137 170
137 168
137 142
137 71
137 132
137 265
137 75
137 173
138 205
138 9
138 43
138 107
138 167
138 134
138 106
138 73
138 142
138 135
138 141
138 77
138 11
138 169
138 234
138 10
138 199
138 204
138 202
138 201
139 170
139 106
139 77
139 206
139 138
139 41
139 236
139 110
139 74
139 11
139 174
139 235
139 144
139 168
139 12
139 234
139 237
139 111
139 205
139 44
140 144
140 42
140 78
140 108
140 234
140 111
140 109
140 45
140 235
140 112
140 77
140 79
140 141
140 204
140 172
140 206
140 46
140 44
140 106
140 139
141 113
141 144
141 107
141 206
141 235
141 110
141 44
141 142
141 268
141 170
141 109
141 239
141 169
141 137
141 75
141 47
141 238
141 45
141 108
141 236
142 106
142 107
142 239
142 108
142 177
142 111
142 139
142 208
142 113
142 141
142 76
142 137
142 75
142 175
142 204
142 110
142 206
142 48
142 172
142 205
143 206
143 147
143 271
143 237
143 78
143 272
143 46
143 77
143 14
143 241
143 172
143 174
143 76
143 114
143 209
143 177
143 110
143 80
143 144
143 113
144 80
144 140
144 241
144 142
144 177
144 16
144 47
144 273
144 113
144 176
144 110
144 173
144 77
144 146
144 180
144 174
144 81
144 46
144 205
144 50
145 206
145 50
145 207
145 173
145 241
145 305
145 18
145 148
145 175
145 109
145 181
145 239
145 112
145 140
145 17
145 243
145 273
145 242
145 51
145 47
146 148
146 242
146 17
146 207
146 118
146 240
146 112
146 181
146 143
146 142
146 174
146 83
146 244
146 80
146 274
146 175
146 48
146 306
146 210
146 144
147 151
147 176
147 183
147 210
147 244
147 142
147 49
147 85
147 211
147 115
147 80
147 243
147 86
147 51
147 143
147 145
147 52
147 175
147 177
147 275
148 117
148 211
148 214
148 82
148 213
148 178
148 151
148 209
148 114
148 179
148 183
148 85
148 54
148 244
148 86
148 210
148 84
148 308
148 113
148 116
149 83
149 216
149 148
149 152
149 117
149 210
149 184
149 212
149 51
149 116
149 115
149 153
149 154
149 183
149 147
149 84
149 20
149 246
149 180
149 213
150 120
150 178
150 149
150 52
150 248
150 154
150 84
150 247
150 182
150 146
150 153
150 87
150 83
150 89
150 115
150 185
150 53
150 213
150 122
150 180
151 180
151 55
151 182
151 24
151 57
151 88
151 146
151 280
151 117
151 279
151 150
151 218
151 147
151 181
151 179
151 156
151 123
151 122
151 213
151 118
152 214
152 184
152 23
152 279
152 24
152 149
152 118
152 155
152 312
152 217
152 56
152 86
152 58
152 151
152 123
152 157
152 185
152 148
152 91
152 116
153 186
153 123
153 56
153 282
153 247
153 87
153 120
153 183
153 91
153 281
153 248
153 86
153 214
153 280
153 155
153 158
153 150
153 217
153 26
153 148
154 216
154 92
154 121
154 282
154 190
154 183
154 119
154 89
154 182
154 283
154 155
154 91
154 157
154 122
154 186
154 156
154 59
154 27
154 159
154 152
155 156
155 284
155 125
155 250
155 151
155 253
155 283
155 315
155 93
155 249
155 122
155 26
155 185
155 251
155 121
155 57
155 28
155 219
155 128
155 191
156 221
156 157
156 220
156 129
156 125
156 160
156 121
156 254
156 217
156 250
156 187
156 154
156 62
156 29
156 91
156 316
156 152
156 27
156 93
156 94
157 30
157 60
157 190
157 62
157 92
157 61
157 185
157 63
157 93
157 97
157 186
157 221
157 286
157 160
157 191
157 255
157 223
157 59
157 251
157 95
158 189
158 130
158 98
158 155
158 31
158 30
158 285
158 91
158 156
158 95
158 154
158 123
158 125
158 162
158 129
158 192
158 29
158 92
158 60
158 159
159 222
159 982
159 31
159 254
159 221
159 991
159 963
159 33
159 220
159 971
159 61
159 984
159 129
159 193
159 962
159 93
159 156
159 225
159 981
159 255
160 320
160 255
160 164
160 158
160 979
160 288
160 971
160 130
160 94
160 159
160 126
160 99
160 961
160 974
160 986
160 32
160 190
160 963
160 968
160 225
161 226
161 290
161 228
161 1
161 126
161 321
161 223
161 190
161 95
161 255
161 162
161 100
161 65
161 159
161 288
161 221
161 188
161 227
161 96
161 196
162 129
162 222
162 258
162 225
162 197
162 163
162 35
162 160
162 127
162 132
162 67
162 224
162 34
162 134
162 64
162 227
162 259
162 159
162 195
162 158
163 102
163 133
163 191
163 130
163 165
163 193
163 135
163 258
163 259
163 101
163 291
163 168
163 225
163 199
163 198
163 229
163 192
163 323
163 166
163 159
164 228
164 99
164 102
164 37
164 66
164 324
164 36
164 131
164 200
164 97
164 258
164 163
164 35
164 191
164 132
164 100
164 194
164 135
164 166
164 130
165 196
165 135
165 36
165 38
165 168
165 230
165 67
165 166
165 136
165 5
165 232
165 132
165 228
165 263
165 262
165 68
165 100
165 261
165 164
165 137
166 232
166 170
166 138
166 294
166 165
166 194
166 135
166 195
166 101
166 196
166 262
166 69
166 199
166 71
166 260
166 132
166 167
166 197
166 227
166 198
167 163
167 136
167 165
167 264
167 263
167 166
167 201
167 261
167 172
167 131
167 71
167 230
167 196
167 38
167 295
167 132
167 200
167 169
167 229
167 69
168 266
168 106
168 201
168 40
168 196
168 73
168 39
168 8
168 202
168 234
168 230
168 203
168 140
168 231
168 263
168 102
168 204
168 296
168 232
168 165
169 166
169 138
169 267
169 106
169 231
169 199
169 171
169 297
169 72
169 234
169 40
169 232
169 135
169 168
169 204
169 75
169 104
169 298
169 141
169 202
170 200
170 166
170 268
170 231
170 137
170 235
170 134
170 169
170 202
170 139
170 75
170 172
170 107
170 266
170 140
170 136
170 76
170 171
170 198
170 108
171 205
171 109
171 174
171 168
171 267
171 43
171 235
171 201
171 265
171 331
171 175
171 137
171 142
171 42
171 167
171 169
171 166
171 76
171 75
171 77
172 269
172 200
172 300
172 110
172 138
172 236
172 332
172 74
172 111
172 299
172 170
172 75
172 109
172 201
172 270
172 108
172 12
172 139
172 239
172 77
173 44
173 174
173 175
173 205
173 208
173 239
173 267
173 269
173 169
173 108
173 201
173 203
173 141
173 145
173 301
173 76
173 112
173 77
173 238
173 206
174 334
174 173
174 175
174 138
174 177
174 144
174 140
174 239
174 178
174 14
174 146
174 203
174 268
174 46
174 110
174 142
174 235
174 236
174 107
174 205
175 46
175 114
175 171
175 211
175 108
175 240
175 335
175 210
175 81
175 111
175 180
175 140
175 204
175 179
175 236
175 238
175 139
175 303
175 78
175 47
176 82
176 305
176 271
176 148
176 80
176 206
176 171
176 16
176 48
176 238
176 243
176 49
176 272
176 142
176 172
176 175
176 274
176 304
176 204
176 212
177 205
177 80
177 111
177 178
177 175
177 242
177 275
177 180
177 241
177 212
177 82
177 79
177 304
177 176
177 17
177 209
177 142
177 213
177 174
177 238
178 176
178 276
178 115
178 18
178 305
178 145
178 207
178 143
178 244
178 274
178 113
178 82
178 117
178 50
178 242
178 80
178 306
178 83
178 338
178 182
179 50
179 214
179 212
179 81
179 307
179 213
179 182
179 118
179 113
179 151
179 181
179 146
179 240
179 117
179 82
179 274
179 207
179 277
179 339
179 114
180 146
180 148
180 145
180 20
180 51
180 241
180 82
180 152
180 185
180 118
180 276
180 144
180 183
180 211
180 244
180 117
180 245
180 247
180 246
180 86
181 216
181 147
181 151
181 176
181 178
181 243
181 215
181 179
181 114
181 83
181 149
181 209
181 212
181 180
181 242
181 117
181 248
181 247
181 85
181 276
182 309
182 22
182 181
182 186
182 310
182 153
182 154
182 121
182 146
182 116
182 87
182 245
182 214
182 211
182 120
182 115
182 217
182 54
182 152
182 311
183 310
183 149
183 219
183 121
183 122
183 85
183 215
183 247
183 281
183 187
183 217
183 150
183 120
183 181
183 311
183 155
183 218
183 184
183 246
183 86
184 153
184 216
184 155
184 189
184 181
184 281
184 148
184 87
184 154
184 246
184 251
184 311
184 312
184 247
184 282
184 217
184 151
184 118
184 24
184 248
185 119
185 188
185 280
185 184
185 180
185 282
185 183
185 219
185 87
185 186
185 90
185 250
185 189
185 190
185 281
185 121
185 246
185 151
185 181
185 279
186 191
186 251
186 91
186 189
186 250
186 90
186 315
186 283
186 157
186 219
186 215
186 185
186 188
186 121
186 313
186 182
186 123
186 284
186 253
186 125
187 248
187 155
187 252
187 185
187 156
187 250
187 160
187 92
187 221
187 285
187 281
187 158
187 157
187 90
187 159
187 222
187 215
187 60
187 182
187 315
188 190
188 216
188 158
188 286
188 91
188 61
188 285
188 254
188 317
188 252
188 185
188 219
188 316
188 128
188 191
188 124
188 218
188 217
188 183
188 127
189 253
189 190
189 223
189 94
189 162
189 221
189 222
189 186
189 316
189 283
189 184
189 127
189 250
189 224
189 255
189 349
189 287
189 156
189 60
189 124
190 129
190 222
190 185
190 161
190 192
190 159
190 318
190 126
190 96
190 254
190 127
190 160
190 317
190 125
190 225
190 253
190 220
190 157
190 93
190 187
191 257
191 128
191 288
191 129
191 252
191 127
191 286
191 98
191 222
191 62
191 126
191 157
191 189
191 221
191 130
191 131
191 164
191 94
191 162
191 160
192 321
192 95
192 222
192 131
192 290
192 228
192 193
192 126
192 160
192 285
192 319
192 254
192 98
192 196
192 286
192 223
192 351
192 221
192 96
192 159
193 162
193 195
193 319
193 258
193 99
193 191
193 322
193 259
193 130
193 353
193 225
193 129
193 253
193 197
193 255
193 128
193 260
193 64
193 223
193 229
194 66
194 322
194 193
194 97
194 292
194 260
194 132
194 224
194 290
194 99
194 323
194 291
194 259
194 100
194 165
194 196
194 198
194 230
194 34
194 160
195 324
195 133
195 193
195 292
195 255
195 35
195 229
195 227
195 323
195 230
195 191
195 225
195 101
195 130
195 164
195 228
195 97
195 256
195 197
195 289
196 164
196 36
196 229
196 257
196 162
196 224
196 258
196 130
196 166
196 259
196 325
196 99
196 160
196 168
196 323
196 129
196 293
196 133
196 161
196 192
197 198
197 294
197 194
197 202
197 226
197 258
197 200
197 162
197 70
197 201
197 225
197 133
197 166
197 324
197 164
197 168
197 69
197 228
197 196
197 260
198 162
198 293
198 70
198 230
198 262
198 260
198 71
198 193
198 103
198 137
198 200
198 232
198 358
198 169
198 327
198 69
198 165
198 102
198 101
198 325
199 262
199 135
199 200
199 293
199 235
199 266
199 232
199 265
199 101
199 103
199 137
199 233
199 134
199 327
199 359
199 203
199 71
199 326
199 231
199 166
200 135
200 265
200 139
200 71
200 40
200 137
200 168
200 136
200 133
200 196
200 231
200 234
200 169
200 267
200 230
200 327
200 204
200 264
200 232
200 72
201 171
201 236
201 299
201 136
201 166
201 168
201 232
201 298
201 268
201 73
201 74
201 202
201 103
201 139
201 230
201 204
201 170
201 264
201 237
201 172
202 197
202 299
202 268
202 264
202 104
202 232
202 235
202 141
202 234
202 207
202 233
202 137
202 230
202 108
202 138
202 204
202 267
202 139
202 173
202 167
203 74
203 270
203 109
203 141
203 204
203 105
203 239
203 136
203 200
203 137
203 363
203 140
203 269
203 76
203 205
203 232
203 236
203 265
203 207
203 264
204 169
204 364
204 270
204 173
204 199
204 110
204 235
204 75
204 265
204 109
204 239
204 205
204 141
204 208
204 200
204 143
204 301
204 142
204 174
204 202
205 270
205 171
205 177
205 234
205 269
205 239
205 207
205 109
205 176
205 169
205 210
205 209
205 138
205 236
205 203
205 233
205 174
205 266
205 78
205 108
206 46
206 301
206 209
206 270
206 174
206 141
206 237
206 142
206 269
206 271
206 203
206 202
206 139
206 144
206 145
206 175
206 110
206 240
206 208
206 234
207 202
207 145
207 203
207 271
207 270
207 78
207 204
207 301
207 269
207 367
207 109
207 206
207 112
207 143
207 175
207 144
207 303
207 173
207 243
207 235
208 203
208 270
208 79
208 177
208 172
208 335
208 142
208 304
208 303
208 143
208 110
208 211
208 81
208 145
208 146
208 178
208 238
208 244
208 112
208 175
209 336
209 205
209 214
209 238
209 80
209 212
209 242
209 181
209 179
209 177
209 273
209 178
209 244
209 148
209 173
209 272
209 180
209 304
209 338
209 211
210 82
210 238
210 144
210 240
210 182
210 205
210 176
210 306
210 308
210 275
210 241
210 338
210 304
210 209
210 307
210 206
210 50
210 212
210 273
210 114
211 306
211 210
211 208
211 207
211 83
211 176
211 241
211 309
211 117
211 273
211 340
211 183
211 182
211 239
211 243
211 278
211 178
211 84
211 215
211 145
212 176
212 210
212 148
212 179
212 214
212 341
212 114
212 279
212 150
212 247
212 151
212 207
212 83
212 372
212 246
212 309
212 182
212 147
212 339
212 307
213 241
213 246
213 146
213 177
213 243
213 280
213 217
213 279
213 86
213 84
213 277
213 115
213 151
213 212
213 274
213 180
213 311
213 209
213 373
213 278
214 212
214 312
214 310
214 186
214 280
214 178
214 151
214 250
214 118
214 150
214 247
214 343
214 243
214 147
214 210
214 117
214 279
214 148
214 278
214 276
215 279
215 216
215 243
215 86
215 313
215 247
215 214
215 179
215 249
215 246
215 184
215 55
215 277
215 343
215 213
215 88
215 210
215 150
215 187
215 153
216 282
216 211
216 252
216 184
216 186
216 314
216 313
216 188
216 214
216 280
216 155
216 281
216 120
216 244
216 153
216 283
216 185
216 247
216 215
216 219
217 251
217 344
217 283
217 249
217 119
217 187
217 245
217 182
217 345
217 221
217 218
217 152
217 278
217 222
217 252
217 312
217 88
217 282
217 346
217 121
218 284
218 316
218 282
218 217
218 222
218 91
218 312
218 157
218 122
218 215
218 280
218 223
218 121
218 185
218 58
218 345
218 152
218 219
218 187
218 220
219 153
219 186
219 222
219 122
219 90
219 217
219 286
219 123
219 284
219 283
219 285
219 220
219 223
219 183
219 252
219 187
219 125
219 185
219 317
219 313
220 156
220 221
220 380
220 284
220 189
220 222
220 254
220 160
220 314
220 348
220 60
220 122
220 252
220 187
220 315
220 190
220 255
220 158
220 282
220 191
221 161
221 283
221 190
221 254
221 193
221 348
221 159
221 92
221 249
221 216
221 124
221 315
221 93
221 223
221 94
221 123
221 189
221 284
221 158
221 191
222 284
222 127
222 96
222 257
222 283
222 129
222 226
222 187
222 221
222 160
222 155
222 93
222 193
222 225
222 288
222 350
222 286
222 220
222 251
222 126
223 257
223 285
223 319
223 320
223 189
223 128
223 227
223 156
223 159
223 158
223 222
223 219
223 195
223 318
223 190
223 218
223 192
223 94
223 127
223 383
224 351
224 190
224 256
224 130
224 258
224 289
224 128
224 317
224 257
224 195
224 159
224 290
224 227
224 259
224 161
224 254
224 189
224 129
224 229
224 352
225 98
225 96
225 259
225 260
225 288
225 131
225 319
225 222
225 351
225 254
225 285
225 161
225 261
225 129
225 290
225 256
225 253
225 258
225 292
225 190
226 198
226 291
226 224
226 258
226 193
226 191
226 354
226 128
226 386
226 163
226 323
226 257
226 99
226 160
226 290
226 353
226 254
226 260
226 288
226 261
227 322
227 193
227 225
227 254
227 100
227 355
227 356
227 223
227 321
227 259
227 354
227 199
227 262
227 131
227 294
227 290
227 198
227 195
227 387
227 166
228 130
228 257
228 195
228 260
228 322
228 133
228 194
228 161
228 356
228 100
228 198
228 231
228 233
228 192
228 293
228 263
228 225
228 131
228 164
228 134
229 162
229 168
229 201
229 228
229 263
229 195
229 69
229 326
229 292
229 389
229 324
229 327
229 224
229 357
229 265
229 102
229 167
229 230
229 194
229 164
230 297
230 328
230 235
230 195
230 357
230 232
230 225
230 202
230 227
230 234
230 262
230 168
230 167
230 265
230 164
230 163
230 292
230 264
230 325
230 102
231 295
231 196
231 266
231 359
231 235
231 226
231 234
231 164
231 259
231 327
231 267
231 230
231 233
231 325
231 165
231 134
231 329
231 201
231 169
231 293
232 231
232 361
232 392
232 326
232 104
232 135
232 105
232 168
232 235
232 294
232 171
232 72
232 237
232 234
232 134
232 236
232 170
232 268
232 293
232 203
233 228
233 205
233 201
233 167
233 232
233 327
233 237
233 231
233 197
233 137
233 263
233 267
233 172
233 264
233 362
233 268
233 262
233 266
233 169
233 265
234 233
234 297
234 361
234 295
234 169
234 205
234 200
234 237
234 267
234 167
234 168
234 230
234 74
234 301
234 264
234 232
234 201
234 105
234 299
234 270
235 364
235 271
235 108
235 296
235 331
235 329
235 301
235 170
235 240
235 75
235 297
235 205
235 206
235 141
235 332
235 298
235 263
235 232
235 238
235 204
236 76
236 241
236 142
236 233
236 232
236 332
236 140
236 172
236 269
236 331
236 204
236 231
236 239
236 364
236 205
236 301
236 234
236 271
236 299
236 171
237 397
237 202
237 235
237 208
237 174
237 272
237 273
237 142
237 298
237 239
237 209
237 299
237 242
237 334
237 234
237 170
237 201
237 206
237 207
237 204
238 300
238 142
238 242
238 208
238 235
238 274
238 332
238 367
238 267
238 333
238 239
238 140
238 210
238 206
238 177
238 335
238 175
238 205
238 270
238 172
239 173
239 366
239 234
239 333
239 242
239 268
239 244
239 334
239 145
239 271
239 175
239 300
239 303
239 172
239 207
239 110
239 210
239 204
239 274
239 144
240 175
240 112
240 208
240 206
240 304
240 113
240 242
240 143
240 272
240 210
240 273
240 368
240 268
240 80
240 174
240 335
240 400
240 271
240 145
240 146
241 240
241 369
241 244
241 113
241 276
241 143
241 303
241 337
241 243
241 245
241 210
241 305
241 277
241 307
241 174
241 114
241 246
241 211
241 208
241 269
242 241
242 147
242 339
242 146
242 337
242 276
242 245
242 371
242 207
242 275
242 181
242 237
242 113
242 244
242 369
242 243
242 175
242 177
242 239
242 309
243 178
243 278
243 403
243 310
243 339
243 371
243 246
243 181
243 244
243 149
243 337
243 372
243 211
243 277
243 239
243 341
243 242
243 115
243 148
243 309
244 180
244 213
244 277
244 372
244 305
244 278
244 307
244 247
244 214
244 308
244 212
244 147
244 279
244 177
244 211
244 273
244 280
244 148
244 210
244 240
245 217
245 117
245 151
245 372
245 182
245 280
245 244
245 341
245 373
245 210
245 307
245 276
245 150
245 181
245 247
245 213
245 209
245 342
245 183
245 242
246 274
246 183
246 179
246 242
246 282
246 180
246 241
246 374
246 310
246 181
246 312
246 245
246 182
246 152
246 342
246 244
246 311
246 309
246 250
246 243
247 283
247 120
247 181
247 119
247 246
247 186
247 213
247 152
247 250
247 249
247 153
247 313
247 341
247 343
247 280
247 244
247 182
247 281
247 374
247 218
248 249
248 186
248 215
248 252
248 185
248 283
248 253
248 213
248 343
248 250
248 344
248 120
248 119
248 281
248 408
248 313
248 217
248 376
248 277
248 309
249 345
249 247
249 154
249 409
249 344
249 279
249 347
249 377
249 277
249 248
249 182
249 122
249 252
249 155
249 121
249 310
249 254
249 89
249 153
249 280
250 217
250 184
250 218
250 214
250 346
250 255
250 154
250 313
250 315
250 377
250 183
250 312
250 152
250 189
250 344
250 247
250 285
250 215
250 253
250 90
251 190
251 348
251 216
251 280
251 246
251 223
251 156
251 154
251 282
251 378
251 349
251 254
251 279
251 155
251 248
251 217
251 221
251 281
251 286
251 124
252 220
252 315
252 317
252 158
252 192
252 281
252 155
252 92
252 255
252 156
252 379
252 350
252 217
252 285
252 218
252 157
252 224
252 348
252 346
252 251
253 224
253 158
253 252
253 287
253 155
253 225
253 222
253 381
253 186
253 248
253 218
253 314
253 93
253 221
253 380
253 281
253 256
253 126
253 254
253 284
254 350
254 128
254 288
254 220
254 414
254 319
254 286
254 381
254 285
254 193
254 351
254 224
254 252
254 289
254 188
254 383
254 127
254 222
254 160
254 218
255 227
255 319
255 250
255 350
255 158
255 284
255 254
255 320
255 157
255 382
255 195
255 192
255 316
255 190
255 219
255 290
255 288
255 251
255 224
255 318
256 193
256 159
256 194
256 349
256 291
256 192
256 353
256 222
256 287
256 354
256 284
256 191
256 322
256 283
256 288
256 289
256 290
256 384
256 286
256 190
257 253
257 259
257 386
257 383
257 287
257 322
257 319
257 353
257 354
257 163
257 193
257 255
257 129
257 321
257 318
257 256
257 195
257 226
257 320
257 222
258 293
258 292
258 192
258 259
258 162
258 161
258 323
258 354
258 290
258 351
258 288
258 387
258 322
258 98
258 255
258 131
258 294
258 386
258 227
258 356
259 356
259 261
259 99
259 287
259 326
259 162
259 291
259 319
259 325
259 256
259 263
259 194
259 286
259 258
259 165
259 293
259 231
259 320
259 419
259 386
260 228
260 197
260 263
260 354
260 292
260 198
260 295
260 100
260 420
260 287
260 227
260 296
260 131
260 165
260 259
260 231
260 322
260 321
260 193
260 261
261 328
261 133
261 323
261 293
261 101
261 195
261 225
261 264
261 389
261 228
261 259
261 233
261 388
261 356
261 194
261 327
261 134
261 163
261 325
261 390
262 292
262 229
262 195
262 257
262 196
262 329
262 198
262 328
262 167
262 357
262 135
262 200
262 390
262 267
262 389
262 133
262 358
262 293
262 168
262 290
263 294
263 200
263 390
263 326
263 391
263 231
263 327
263 296
263 260
263 135
263 199
263 198
263 298
263 165
263 234
263 258
263 233
263 360
263 292
263 361
264 235
264 391
264 136
264 197
264 198
264 266
264 262
264 230
264 169
264 261
264 170
264 293
264 203
264 294
264 269
264 424
264 265
264 135
264 360
264 361
265 198
265 229
265 266
265 300
265 293
265 328
265 264
265 359
265 168
265 203
265 393
265 201
265 202
265 360
265 267
265 330
265 363
265 326
265 297
265 230
266 236
266 263
266 296
266 364
266 362
266 204
266 331
266 298
266 237
266 202
266 200
266 363
266 271
266 267
266 138
266 264
266 295
266 393
266 137
266 294
267 334
267 170
267 237
267 330
267 395
267 271
267 232
267 300
267 201
267 333
267 139
267 298
267 362
267 171
267 268
267 206
267 299
267 332
267 269
267 264
268 303
268 271
268 139
268 333
268 233
268 238
268 332
268 266
268 265
268 240
268 239
268 269
268 232
268 174
268 235
268 296
268 207
268 362
268 364
268 366
269 235
269 266
269 240
269 203
269 142
269 265
269 140
269 363
269 396
269 241
269 398
269 301
269 171
269 237
269 304
269 141
269 331
269 206
269 272
269 267
270 267
270 176
270 272
270 239
270 236
270 235
270 240
270 238
270 271
270 206
270 305
270 209
270 172
270 397
270 299
270 303
270 237
270 337
270 365
270 336
271 238
271 400
271 268
271 300
271 338
271 237
271 275
271 367
271 273
271 142
271 302
271 177
271 176
271 334
271 206
271 306
271 301
271 335
271 431
271 174
272 302
272 366
272 277
272 432
272 241
272 305
272 207
272 210
272 274
272 304
272 174
272 238
272 370
272 243
272 205
272 237
272 176
272 112
272 206
272 306
273 339
273 113
273 303
273 244
273 242
273 144
273 245
273 307
273 272
273 176
273 207
273 208
273 301
273 210
273 243
273 369
273 269
273 239
273 145
273 270
274 177
274 278
274 403
274 308
274 179
274 271
274 209
274 273
274 304
274 211
274 306
274 339
274 337
274 310
274 212
274 401
274 146
274 147
274 303
274 176
275 177
275 373
275 403
275 307
275 372
275 341
275 210
275 271
275 370
275 310
275 146
275 148
275 247
275 245
275 274
275 338
275 339
275 308
275 404
275 208
276 214
276 272
276 372
276 309
276 342
276 211
276 242
276 338
276 405
276 244
276 337
276 308
276 274
276 311
276 210
276 275
276 240
276 241
276 280
276 271
277 246
277 180
277 309
277 305
277 374
277 279
277 341
277 340
277 247
277 243
277 281
277 280
277 245
277 214
277 282
277 338
277 278
277 404
277 273
277 405
278 249
278 275
278 247
278 311
278 250
278 340
278 312
278 245
278 438
278 306
278 314
278 310
278 242
278 215
278 280
278 244
278 246
278 277
278 339
278 405
279 218
279 311
279 282
279 314
279 341
279 181
279 408
279 276
279 183
279 250
279 184
279 214
279 274
279 307
279 340
279 342
279 243
279 247
279 439
279 213
280 314
280 341
280 409
280 279
280 440
280 312
280 182
280 186
280 276
280 408
280 316
280 151
280 346
280 248
280 120
280 152
280 185
280 216
280 375
280 344
281 314
281 252
281 245
281 246
281 247
281 248
281 310
281 377
281 378
281 277
281 278
281 183
281 285
281 312
281 218
281 375
281 219
281 276
281 214
281 346
282 377
282 313
282 284
282 287
282 279
282 122
282 411
282 249
282 347
282 343
282 248
282 216
282 217
282 317
282 185
282 318
282 184
282 316
282 285
282 246
283 281
283 249
283 377
283 154
283 187
283 216
283 279
283 318
283 219
283 316
283 252
283 380
283 222
283 248
283 344
283 381
283 255
283 250
283 188
283 189
284 253
284 217
284 187
284 282
284 413
284 378
284 286
284 283
284 190
284 411
284 223
284 317
284 288
284 157
284 287
284 348
284 155
284 252
284 285
284 444
285 254
285 157
285 318
285 414
285 253
285 349
285 224
285 125
285 191
285 381
285 283
285 250
285 379
285 223
285 256
285 192
285 347
285 221
285 319
285 317
286 259
286 380
286 220
286 226
286 158
286 221
286 352
286 252
286 160
286 250
286 318
286 257
286 347
286 225
286 188
286 189
286 287
286 159
286 315
286 314
287 286
287 322
287 221
287 225
287 381
287 189
287 255
287 384
287 319
287 226
287 382
287 258
287 191
287 316
287 288
287 415
287 160
287 222
287 352
287 318
288 289
288 324
288 348
288 194
288 224
288 350
288 259
288 257
288 448
288 193
288 255
288 258
288 292
288 319
288 355
288 287
288 226
288 317
288 385
288 318
289 129
289 321
289 290
289 225
289 417
289 320
289 386
289 195
289 350
289 351
289 349
289 317
289 415
289 287
289 228
289 260
289 160
289 383
289 261
289 255
290 293
290 256
290 383
290 255
290 289
290 355
290 130
290 260
290 163
290 258
290 352
290 291
290 227
290 417
290 324
290 357
290 262
290 261
290 229
290 326
291 195
291 323
291 326
291 293
291 262
291 389
291 227
291 260
291 354
291 196
291 420
291 193
291 290
291 229
291 162
291 325
291 388
291 292
291 261
291 358
292 324
292 132
292 257
292 388
292 320
292 452
292 326
292 226
292 260
292 354
292 229
292 421
292 261
292 228
292 357
292 263
292 294
292 291
292 288
292 227
293 165
293 290
293 166
293 260
293 196
293 289
293 327
293 421
293 360
293 294
293 229
293 329
293 324
293 265
293 262
293 420
293 263
293 257
293 232
293 321
294 293
294 423
294 297
294 231
294 261
294 299
294 289
294 292
294 264
294 199
294 265
294 359
294 259
294 134
294 388
294 200
294 228
294 326
294 357
294 233
295 296
295 390
295 392
295 265
295 326
295 168
295 327
295 424
295 261
295 198
295 231
295 259
295 200
295 135
295 229
295 263
295 166
295 393
295 167
295 330
296 234
296 293
296 292
296 332
296 264
296 393
296 326
296 425
296 456
296 298
296 168
296 301
296 231
296 299
296 201
296 424
296 267
296 136
296 392
296 233
297 331
297 333
297 358
297 202
297 296
297 203
297 326
297 300
297 268
297 457
297 168
297 391
297 330
297 267
297 302
297 424
297 235
297 261
297 200
297 169
298 359
298 360
298 171
298 332
298 296
298 295
298 235
298 394
298 202
298 169
298 362
298 327
298 330
298 270
298 334
298 396
298 300
298 363
298 425
298 263
299 266
299 300
299 139
299 363
299 331
299 303
299 232
299 269
299 329
299 428
299 296
299 459
299 238
299 204
299 236
299 332
299 361
299 202
299 362
299 201
300 336
300 267
300 171
300 239
300 299
300 205
300 272
300 203
300 395
300 269
300 330
300 428
300 173
300 398
300 302
300 206
300 460
300 396
300 366
300 394
301 397
301 265
301 335
301 268
301 269
301 203
301 239
301 428
301 396
301 236
301 368
301 306
301 240
301 235
301 172
301 272
301 141
301 333
301 334
301 332
302 336
302 238
302 364
302 332
302 267
302 331
302 304
302 272
302 365
302 430
302 299
302 431
302 305
302 366
302 397
302 338
302 337
302 240
302 398
302 274
303 268
303 273
303 401
303 298
303 206
303 332
303 333
303 301
303 431
303 367
303 240
303 207
303 176
303 174
303 338
303 267
303 274
303 143
303 271
303 209
304 369
304 240
304 400
304 366
304 368
304 238
304 301
304 275
304 339
304 306
304 367
304 274
304 300
304 336
304 335
304 242
304 302
304 269
304 365
304 206
305 336
305 367
305 300
305 434
305 242
305 307
305 465
305 176
305 399
305 369
305 433
305 276
305 403
305 370
305 335
305 368
305 432
305 277
305 208
305 274
306 179
306 239
306 307
306 404
306 244
306 367
306 339
306 370
306 403
306 309
306 243
306 245
306 303
306 241
306 240
306 342
306 305
306 337
306 433
306 211
307 212
307 371
307 405
307 340
307 271
307 277
307 339
307 274
307 402
307 276
307 312
307 302
307 209
307 272
307 213
307 467
307 341
307 436
307 246
307 310
308 337
308 374
308 148
308 212
308 309
308 437
308 372
308 312
308 241
308 369
308 370
308 275
308 242
308 244
308 342
308 210
308 375
308 402
308 436
308 403
309 404
309 181
309 342
309 340
309 180
309 276
309 214
309 304
309 242
309 436
309 373
309 274
309 211
309 344
309 313
309 337
309 245
309 247
309 374
309 371
310 437
310 280
310 374
310 406
310 408
310 470
310 311
310 312
310 342
310 346
310 309
310 344
310 279
310 150
310 315
310 407
310 275
310 305
310 373
310 246
311 280
311 310
311 248
311 217
311 215
311 312
311 307
311 342
311 315
311 408
311 340
311 438
311 439
311 376
311 182
311 213
311 151
311 377
311 346
311 373
312 248
312 246
312 185
312 250
312 280
312 214
312 283
312 472
312 440
312 152
312 311
312 215
312 344
312 441
312 409
312 410
312 341
312 407
312 346
312 278
313 153
313 346
313 311
313 442
313 317
313 279
313 348
313 342
313 374
313 252
313 246
313 218
313 408
313 249
313 308
313 315
313 347
313 185
313 411
313 375
314 187
314 316
314 381
314 313
314 410
314 318
314 247
314 346
314 474
314 218
314 217
314 310
314 375
314 441
314 286
314 412
314 219
314 348
314 154
314 379
315 313
315 283
315 376
315 254
315 186
315 285
315 286
315 311
315 343
315 220
315 316
315 219
315 443
315 413
315 442
315 248
315 279
315 280
315 475
315 187
316 312
316 220
316 348
316 287
316 347
316 187
316 379
316 443
316 414
316 319
316 156
316 411
316 314
316 250
316 350
316 313
316 349
316 346
316 380
316 412
317 477
317 219
317 251
317 314
317 250
317 254
317 346
317 348
317 222
317 312
317 321
317 257
317 281
317 313
317 256
317 224
317 411
317 319
317 351
317 316
318 319
318 415
318 322
318 346
318 255
318 315
318 251
318 321
318 290
318 382
318 189
318 446
318 282
318 289
318 225
318 379
318 314
318 258
318 284
318 413
319 416
319 353
319 381
319 192
319 254
319 288
319 252
319 350
319 221
319 191
319 315
319 314
319 291
319 253
319 380
319 447
319 286
319 190
319 223
319 160
320 479
320 380
320 322
320 447
320 286
320 415
320 348
320 258
320 381
320 225
320 321
320 350
320 256
320 223
320 418
320 347
320 290
320 259
320 384
320 354
321 355
321 415
321 481
321 449
321 387
321 382
321 192
321 450
321 385
321 419
321 388
321 386
321 384
321 383
321 416
321 319
321 350
321 324
321 291
321 288
322 326
322 385
322 294
322 287
322 415
322 224
322 416
322 324
322 291
322 289
322 258
322 350
322 449
322 388
322 387
322 194
322 260
322 195
322 227
322 451
323 226
323 418
323 225
323 228
323 293
323 352
323 325
323 350
323 256
323 319
323 384
323 261
323 321
323 260
323 357
323 258
323 294
323 322
323 257
323 390
324 388
324 197
324 385
324 421
324 390
324 290
324 360
324 355
324 420
324 295
324 327
324 351
324 389
324 293
324 323
324 418
324 228
324 353
324 260
324 291
325 263
325 359
325 388
325 289
325 229
325 328
325 198
325 291
325 355
325 353
325 262
325 322
325 392
325 292
325 323
325 295
325 260
325 230
325 386
325 361
326 357
326 197
326 264
326 294
326 296
326 228
326 355
326 354
326 291
326 232
326 292
326 453
326 423
326 259
326 392
326 329
326 295
326 297
326 420
326 229
327 200
327 360
327 297
327 199
327 324
327 391
327 233
327 229
327 265
327 357
327 394
327 198
327 456
327 332
327 296
327 299
327 261
327 295
327 388
327 322
328 360
328 267
328 389
328 358
328 357
328 394
328 199
328 295
328 331
328 262
328 392
328 324
328 200
328 488
328 391
328 330
328 292
328 231
328 456
328 364
329 268
329 360
329 327
329 294
329 265
329 296
329 458
329 295
329 489
329 300
329 424
329 293
329 392
329 359
329 358
329 202
329 201
329 169
329 457
329 426
330 328
330 360
330 393
330 298
330 232
330 427
330 391
330 458
330 362
330 235
330 325
330 365
330 331
330 294
330 361
330 201
330 170
330 333
330 363
330 236
331 428
331 236
331 364
331 336
331 266
331 458
331 366
331 264
331 303
331 392
331 269
331 237
331 397
331 332
331 396
331 333
331 265
331 270
331 361
331 363
332 327
332 300
332 328
332 429
332 368
332 399
332 267
332 426
332 336
332 397
332 396
332 427
332 364
332 235
332 265
332 203
332 269
332 362
332 303
332 430
333 332
333 271
333 336
333 363
333 238
333 398
333 173
333 368
333 236
333 431
333 400
333 269
333 361
333 428
333 395
333 305
333 297
333 429
333 328
333 493
334 237
334 332
334 396
334 362
334 401
334 301
334 174
334 364
334 305
334 337
334 494
334 397
334 330
334 431
334 370
334 367
334 369
334 273
334 398
334 306
335 363
335 207
335 274
335 371
335 268
335 272
335 270
335 396
335 304
335 398
335 273
335 208
335 307
335 369
335 206
335 400
335 305
335 175
335 401
335 433
336 334
336 433
336 400
336 241
336 270
336 307
336 176
336 371
336 306
336 274
336 275
336 305
336 308
336 403
336 207
336 366
336 273
336 341
336 208
336 238
337 270
337 177
337 241
337 334
337 309
337 239
337 342
337 464
337 434
337 368
337 305
337 369
337 432
337 366
337 431
337 338
337 333
337 273
337 400
337 243
338 366
338 402
338 242
338 433
338 432
338 335
338 373
338 434
338 367
338 368
338 308
338 272
338 243
338 277
338 306
338 209
338 435
338 336
338 405
338 273
339 406
339 433
339 468
339 337
339 212
339 466
339 274
339 303
339 307
339 368
339 309
339 401
339 343
339 340
339 467
339 305
339 375
339 374
339 367
339 210
340 469
340 312
340 343
340 274
340 405
340 374
340 468
340 368
340 434
340 376
340 243
340 307
340 401
340 437
340 370
340 245
340 341
340 278
340 345
340 406
341 244
341 376
341 373
341 405
341 470
341 469
341 305
341 342
341 245
341 247
341 438
341 313
341 243
341 212
341 279
341 375
341 377
341 435
341 369
341 408
342 244
342 344
342 404
342 312
342 280
342 307
342 408
342 281
342 278
342 469
342 378
342 406
342 438
342 314
342 310
342 247
342 245
342 338
342 309
342 403
343 307
343 348
343 376
343 341
343 371
343 281
343 340
343 183
343 372
343 472
343 309
343 470
343 373
343 214
343 313
343 308
343 404
343 280
343 282
343 471
344 312
344 380
344 308
344 409
344 215
344 345
344 378
344 246
344 250
344 346
344 376
344 471
344 348
344 440
344 249
344 349
344 247
344 374
344 340
344 280
345 185
345 407
345 342
345 343
345 249
345 505
345 279
345 443
345 410
345 282
345 473
345 248
345 251
345 341
345 378
345 380
345 474
345 412
345 375
345 408
346 442
346 444
346 350
346 378
346 312
346 250
346 310
346 407
346 318
346 473
346 219
346 252
346 218
346 474
346 341
346 342
346 315
346 313
346 283
346 382
347 218
347 250
347 378
347 443
347 315
347 219
347 281
347 346
347 251
347 313
347 474
347 284
347 383
347 318
347 320
347 412
347 377
347 345
347 285
347 410
348 383
348 410
348 313
348 254
348 508
348 284
348 352
348 317
348 475
348 221
348 443
348 477
348 444
348 380
348 346
348 376
348 314
348 251
348 282
348 345
349 381
349 288
349 351
349 446
349 316
349 282
349 415
349 314
349 444
349 287
349 478
349 476
349 345
349 443
349 346
349 315
349 313
349 317
349 412
349 509
350 383
350 346
350 317
350 318
350 478
350 290
350 351
350 349
350 379
350 285
350 411
350 444
350 319
350 222
350 252
350 288
350 256
350 190
350 257
350 315
351 315
351 354
351 381
351 347
351 254
351 448
351 258
351 222
351 379
351 285
351 257
351 348
351 321
351 416
351 350
351 479
351 382
351 386
351 256
351 284
352 512
352 415
352 319
352 225
352 383
352 356
352 418
352 324
352 382
352 387
352 381
352 385
352 479
352 256
352 478
352 450
352 384
352 417
352 255
352 386
353 323
353 320
353 416
353 480
353 356
353 381
353 352
353 449
353 385
353 291
353 482
353 355
353 256
353 446
353 384
353 479
353 382
353 450
353 448
353 350
354 416
354 256
354 293
354 383
354 325
354 385
354 324
354 451
354 386
354 227
354 381
354 320
354 421
354 322
354 289
354 288
354 359
354 319
354 387
354 225
355 418
355 483
355 260
355 325
355 288
355 323
355 358
355 259
355 421
355 390
355 359
355 386
355 391
355 327
355 385
355 450
355 322
355 389
355 453
355 417
356 228
356 390
356 291
356 419
356 327
356 294
356 354
356 422
356 229
356 451
356 385
356 516
356 485
356 326
356 324
356 392
356 259
356 227
356 359
356 196
357 452
357 260
357 386
357 387
357 322
357 296
357 353
357 424
357 197
357 323
357 391
357 355
357 356
357 421
357 389
357 361
357 230
357 325
357 228
357 326
358 456
358 392
358 263
358 322
358 323
358 387
358 229
358 357
358 455
358 354
358 393
358 325
358 394
358 363
358 355
358 386
358 324
358 297
358 423
358 362
359 487
359 425
359 230
359 298
359 294
359 265
359 232
359 356
359 264
359 296
359 261
359 424
359 389
359 361
359 330
359 362
359 426
359 454
359 293
359 263
360 392
360 294
360 487
360 359
360 358
360 394
360 326
360 520
360 355
360 455
360 457
360 265
360 427
360 262
360 489
360 295
360 361
360 330
360 331
360 327
361 424
361 457
361 297
361 425
361 366
361 489
361 330
361 362
361 390
361 363
361 326
361 300
361 396
361 389
361 521
361 488
361 266
361 333
361 331
361 395
362 456
362 491
362 365
362 233
362 265
362 332
362 359
362 458
362 364
362 423
362 358
362 424
362 426
362 459
362 394
362 395
362 361
362 367
362 393
362 328
363 426
363 236
363 368
363 330
363 367
363 393
363 458
363 266
363 360
363 392
363 429
363 269
363 425
363 430
363 358
363 268
363 428
363 399
363 333
363 267
364 458
364 461
364 334
364 270
364 462
364 328
364 399
364 392
364 303
364 335
364 204
364 236
364 369
364 267
364 268
364 300
364 266
364 297
364 397
364 428
365 399
365 268
365 334
365 401
365 492
365 431
365 427
365 394
365 395
365 428
365 270
365 459
365 332
365 362
365 299
365 494
365 396
365 237
365 460
365 360
366 493
366 397
366 238
366 362
366 338
366 396
366 369
366 399
366 430
366 463
366 332
366 302
366 428
366 431
366 395
366 433
366 402
366 367
366 337
366 301
367 300
367 464
367 271
367 397
367 364
367 401
367 333
367 429
367 371
367 372
367 399
367 463
367 402
367 207
367 302
367 301
367 369
367 335
367 362
367 338
368 272
368 396
368 302
368 371
368 274
368 401
368 239
368 431
368 434
368 373
368 433
368 340
368 363
368 301
368 367
368 372
368 528
368 273
368 429
368 463
369 399
369 304
369 365
369 403
369 371
369 209
369 400
369 401
369 306
369 336
369 271
369 333
369 335
369 274
369 397
369 465
369 341
369 273
369 308
369 405
370 467
370 404
370 243
370 210
370 401
370 530
370 375
370 308
370 400
370 365
370 341
370 433
370 498
370 275
370 241
370 334
370 372
370 373
370 242
370 402
371 243
371 407
371 400
371 466
371 340
371 367
371 273
371 341
371 375
371 465
371 468
371 467
371 244
371 304
371 401
371 335
371 309
371 376
371 372
371 436
372 274
372 408
372 433
372 373
372 245
372 344
372 309
372 367
372 470
372 308
372 439
372 310
372 377
372 437
372 400
372 435
372 436
372 277
372 469
372 407
373 467
373 279
373 370
373 401
373 309
373 337
373 406
373 344
373 310
373 245
373 311
373 500
373 341
373 533
373 409
373 244
373 345
373 339
373 213
373 434
374 439
374 278
374 342
374 246
374 276
374 403
374 372
374 435
374 373
374 369
374 441
374 313
374 279
374 309
374 409
374 472
374 406
374 405
374 471
374 402
375 248
375 409
375 309
375 341
375 442
375 278
375 347
375 247
375 502
375 345
375 280
375 314
375 246
375 370
375 405
375 279
375 376
375 380
375 472
375 379
376 409
376 341
376 407
376 348
376 442
376 470
376 411
376 247
376 438
376 377
376 309
376 471
376 279
376 380
376 311
376 282
376 473
376 371
376 216
376 474
377 283
377 444
377 410
377 441
377 344
377 311
377 376
377 349
377 504
377 375
377 440
377 379
377 249
377 248
377 380
377 217
377 316
377 505
377 348
377 413
378 379
378 312
378 281
378 383
378 316
378 407
378 346
378 344
378 406
378 409
378 506
378 507
378 505
378 380
378 314
378 439
378 441
378 373
378 345
378 249
379 380
379 347
379 376
379 352
379 446
379 314
379 408
379 281
379 348
379 442
379 381
379 477
379 475
379 507
379 413
379 383
379 382
379 283
379 345
379 409
380 441
380 376
380 283
380 384
380 442
380 344
380 381
380 251
380 352
380 378
380 285
380 540
380 509
380 410
380 413
380 508
380 353
380 475
380 446
380 382
381 410
381 319
381 444
381 318
381 350
381 321
381 414
381 383
381 314
381 446
381 283
381 379
381 288
381 377
381 317
381 285
381 349
381 252
381 384
381 479
382 287
382 511
382 222
382 348
382 416
382 286
382 448
382 384
382 319
382 288
382 352
382 444
382 510
382 410
382 351
382 320
382 446
382 413
382 355
382 316
383 320
383 449
383 511
383 349
383 354
383 444
383 289
383 378
383 321
383 350
383 416
383 224
383 287
383 480
383 418
383 355
383 446
383 288
383 382
383 417
384 481
384 512
384 319
384 320
384 448
384 416
384 352
384 449
384 479
384 447
384 478
384 386
384 445
384 257
384 382
384 383
384 418
384 387
384 385
384 450
385 319
385 290
385 514
385 386
385 351
385 321
385 482
385 323
385 478
385 513
385 418
385 446
385 447
385 350
385 384
385 320
385 258
385 257
385 415
385 414
386 421
386 322
386 323
386 514
386 482
386 354
386 388
386 420
386 291
386 546
386 382
386 446
386 384
386 448
386 226
386 385
386 357
386 452
386 449
386 320
387 357
387 353
387 384
387 325
387 514
387 386
387 449
387 292
387 322
387 293
387 451
387 515
387 392
387 419
387 450
387 418
387 354
387 388
387 259
387 417
388 294
388 385
388 419
388 422
388 484
388 386
388 291
388 357
388 517
388 290
388 421
388 420
388 452
388 293
388 325
388 358
388 354
388 486
388 424
388 392
389 419
389 358
389 484
389 323
389 261
389 394
389 486
389 393
389 324
389 361
389 423
389 516
389 384
389 454
389 549
389 517
389 420
389 424
389 229
389 357
390 261
390 517
390 422
390 393
390 488
390 487
390 325
390 420
390 394
390 359
390 328
390 324
390 385
390 389
390 356
390 355
390 418
390 354
390 395
390 323
391 356
391 362
391 387
391 330
391 293
391 388
391 485
391 389
391 424
391 426
391 419
391 355
391 295
391 551
391 420
391 395
391 396
391 296
391 455
391 489
392 420
392 423
392 453
392 297
392 427
392 519
392 358
392 357
392 359
392 428
392 364
392 329
392 296
392 521
392 394
392 393
392 422
392 458
392 263
392 390
393 296
393 299
393 329
393 394
393 459
393 423
393 395
393 490
393 298
393 522
393 332
393 429
393 422
393 362
393 361
393 428
393 455
393 265
393 454
393 553
394 428
394 425
394 265
394 426
394 358
394 362
394 366
394 422
394 455
394 461
394 392
394 460
394 492
394 523
394 363
394 430
394 330
394 395
394 300
394 266
395 364
395 493
395 328
395 393
395 359
395 330
395 462
395 397
395 333
395 428
395 334
395 398
395 460
395 491
395 391
395 332
395 399
395 431
395 459
395 361
396 299
396 393
396 330
396 366
396 491
396 524
396 458
396 368
396 365
396 332
396 424
396 428
396 269
396 398
396 364
396 425
396 301
396 426
396 432
396 268
397 428
397 334
397 270
397 395
397 461
397 427
397 491
397 460
397 364
397 431
397 399
397 367
397 393
397 335
397 269
397 402
397 459
397 401
397 398
397 525
398 463
398 394
398 464
398 526
398 370
398 334
398 402
398 269
398 300
398 525
398 270
398 301
398 459
398 335
398 332
398 431
398 336
398 434
398 362
398 363
399 528
399 370
399 336
399 338
399 364
399 429
399 396
399 368
399 463
399 403
399 434
399 559
399 404
399 397
399 461
399 496
399 400
399 435
399 304
399 427
400 527
400 435
400 402
400 430
400 369
400 338
400 240
400 461
400 395
400 462
400 436
400 463
400 431
400 335
400 371
400 465
400 337
400 334
400 398
400 405
401 336
401 405
401 369
401 368
401 528
401 337
401 306
401 497
401 273
401 340
401 462
401 304
401 404
401 372
401 468
401 365
401 496
401 402
401 429
401 371
402 305
402 400
402 496
402 407
402 498
402 466
402 463
402 306
402 307
402 372
402 530
402 341
402 464
402 497
402 531
402 406
402 339
402 368
402 373
402 274
403 407
403 372
403 373
403 501
403 408
403 433
403 497
403 468
403 341
403 276
403 274
403 464
403 530
403 406
403 432
403 498
403 531
403 435
403 367
403 405
404 309
404 471
404 275
404 409
404 277
404 564
404 433
404 502
404 307
404 375
404 531
404 401
404 343
404 501
404 244
404 499
404 440
404 306
404 373
404 342
405 310
405 371
405 309
405 277
405 433
405 472
405 470
405 565
405 308
405 408
405 503
405 532
405 278
405 440
405 466
405 369
405 404
405 501
405 534
405 500
406 401
406 278
406 408
406 341
406 503
406 410
406 437
406 467
406 439
406 472
406 402
406 500
406 311
406 375
406 342
406 405
406 378
406 470
406 501
406 371
407 567
407 441
407 435
407 438
407 402
407 409
407 403
407 534
407 345
407 346
407 378
407 410
407 279
407 474
407 473
407 379
407 468
407 340
407 443
407 472
408 443
408 412
408 568
408 279
408 440
408 502
408 470
408 311
408 342
408 379
408 380
408 413
408 406
408 504
408 378
408 506
408 372
408 473
408 441
408 411
409 344
409 313
409 440
409 505
409 503
409 404
409 412
409 506
409 346
409 471
409 536
409 475
409 537
409 476
409 474
409 343
409 311
409 413
409 437
409 470
410 315
410 348
410 476
410 475
410 349
410 472
410 471
410 382
410 445
410 537
410 444
410 409
410 316
410 505
410 438
410 377
410 282
410 446
410 312
410 376
411 540
411 384
411 414
411 442
411 383
411 379
411 446
411 509
411 476
411 314
411 439
411 408
411 444
411 475
411 348
411 474
411 508
411 406
411 315
411 345
412 506
412 384
412 315
412 413
412 252
412 540
412 346
412 478
412 348
412 383
412 284
412 345
412 411
412 416
412 408
412 407
412 441
412 380
412 382
412 442
413 383
413 479
413 379
413 573
413 441
413 541
413 317
413 445
413 318
413 410
413 412
413 442
413 444
413 348
413 411
413 540
413 382
413 320
413 316
413 284
414 476
414 442
414 381
414 446
414 443
414 383
414 510
414 379
414 387
414 316
414 415
414 410
414 411
414 347
414 574
414 542
414 477
414 380
414 444
414 378
415 321
415 352
415 414
415 478
415 417
415 443
415 387
415 383
415 418
415 479
415 382
415 288
415 380
415 322
415 510
415 449
415 353
415 354
415 511
415 386
416 355
416 542
416 512
416 319
416 544
416 576
416 545
416 482
416 510
416 418
416 445
416 478
416 479
416 575
416 421
416 446
416 383
416 443
416 480
416 351
417 515
417 290
417 352
417 513
417 512
417 514
417 415
417 351
417 448
417 543
417 388
417 420
417 418
417 321
417 383
417 289
417 451
417 546
417 356
417 414
418 385
418 354
418 423
418 454
418 483
418 480
418 387
418 414
418 578
418 421
418 416
418 446
418 512
418 320
418 258
418 485
418 291
418 417
418 383
418 356
419 389
419 515
419 548
419 450
419 358
419 454
419 482
419 357
419 484
419 322
419 388
419 354
419 415
419 390
419 323
419 483
419 391
419 455
419 324
419 423
420 291
420 451
420 390
420 452
420 391
420 481
420 580
420 392
420 417
420 359
420 421
420 292
420 487
420 385
420 453
420 388
420 447
420 323
420 515
420 419
421 549
421 457
421 418
421 323
421 449
421 326
421 354
421 390
421 391
421 518
421 484
421 487
421 420
421 425
421 355
421 424
421 360
421 261
421 485
421 325
422 359
422 451
422 423
422 456
422 386
422 389
422 520
422 518
422 391
422 295
422 486
422 453
422 390
422 516
422 418
422 294
422 489
422 358
422 517
422 455
423 455
423 359
423 393
423 358
423 325
423 517
423 357
423 387
423 457
423 362
423 520
423 424
423 451
423 518
423 487
423 583
423 389
423 418
423 428
423 551
424 426
424 422
424 485
424 518
424 389
424 326
424 419
424 486
424 458
424 453
424 457
424 361
424 297
424 395
424 362
424 363
424 425
424 328
424 522
424 452
425 455
425 427
425 328
425 429
425 421
425 390
425 361
425 393
425 394
425 453
425 489
425 265
425 554
425 396
425 389
425 428
425 488
425 552
425 296
425 492
426 328
426 362
426 422
426 364
426 520
426 554
426 361
426 492
426 365
426 488
426 425
426 555
426 459
426 431
426 392
426 456
426 421
426 390
426 299
426 360
427 456
427 425
427 426
427 298
427 361
427 397
427 493
427 587
427 431
427 428
427 461
427 424
427 391
427 399
427 460
427 492
427 364
427 462
427 524
427 396
428 397
428 426
428 462
428 493
428 301
428 522
428 400
428 491
428 332
428 424
428 460
428 523
428 427
428 299
428 364
428 556
428 366
428 334
428 489
428 555
429 397
429 459
429 394
429 333
429 302
429 558
429 334
429 526
429 424
429 395
429 463
429 430
429 399
429 431
429 524
429 400
429 362
429 365
429 492
429 523
430 460
430 399
430 367
430 463
430 559
430 497
430 270
430 400
430 461
430 465
430 458
430 402
430 432
430 397
430 427
430 431
430 334
430 369
430 434
430 495
431 336
431 337
431 402
431 464
431 496
431 497
431 367
431 368
431 528
431 398
431 460
431 395
431 333
431 334
431 467
431 397
431 494
431 526
431 492
431 399
432 403
432 336
432 529
432 367
432 466
432 429
432 464
432 435
432 337
432 338
432 561
432 434
432 427
432 366
432 397
432 493
432 398
432 272
432 365
432 495
433 368
433 434
433 404
433 527
433 405
433 273
433 370
433 337
433 397
433 399
433 428
433 372
433 468
433 402
433 431
433 398
433 495
433 369
433 494
433 467
434 438
434 561
434 466
434 563
434 337
434 369
434 496
434 406
434 529
434 528
434 398
434 403
434 436
434 404
434 338
434 368
434 532
434 497
434 498
434 499
435 564
435 406
435 529
435 595
435 340
435 371
435 532
435 467
435 464
435 497
435 338
435 402
435 370
435 437
435 500
435 306
435 373
435 341
435 399
435 403
436 435
436 373
436 369
436 464
436 432
436 531
436 400
436 466
436 403
436 497
436 472
436 374
436 438
436 470
436 503
436 530
436 565
436 404
436 370
436 534
437 468
437 533
437 434
437 441
437 341
437 502
437 471
437 439
437 469
437 403
437 339
437 438
437 564
437 499
437 407
437 565
437 531
437 277
437 503
437 309
438 344
438 439
438 377
438 404
438 567
438 435
438 407
438 409
438 443
438 505
438 504
438 376
438 532
438 371
438 403
438 534
438 408
438 309
438 598
438 373
439 535
439 373
439 344
439 279
439 343
439 311
439 567
439 503
439 434
439 469
439 407
439 442
439 467
439 436
439 435
439 443
439 599
439 568
439 536
439 377
440 444
440 506
440 472
440 468
440 407
440 538
440 375
440 504
440 568
440 474
440 537
440 445
440 600
440 408
440 373
440 379
440 534
440 473
440 443
440 435
441 345
441 346
441 410
441 440
441 413
441 407
441 445
441 504
441 343
441 438
441 374
441 472
441 508
441 406
441 568
441 437
441 507
441 471
441 446
441 378
442 379
442 406
442 537
442 571
442 410
442 412
442 509
442 506
442 540
442 470
442 447
442 472
442 507
442 409
442 441
442 347
442 446
442 346
442 440
442 378
443 471
443 378
443 475
443 376
443 416
443 442
443 380
443 349
443 445
443 315
443 444
443 409
443 414
443 346
443 504
443 381
443 379
443 507
443 411
443 316
444 383
444 442
444 408
444 474
444 380
444 439
444 415
444 384
444 573
444 506
444 378
444 508
444 416
444 475
444 443
444 409
444 414
444 350
444 284
444 349
445 348
445 409
445 475
445 415
445 379
445 574
445 448
445 418
445 543
445 447
445 349
445 316
445 412
445 449
445 541
445 380
445 416
445 378
445 540
445 508
446 317
446 481
446 383
446 380
446 448
446 450
446 443
446 477
446 480
446 348
446 410
446 416
446 411
446 445
446 507
446 478
446 385
446 386
446 542
446 384
447 413
447 544
447 607
447 509
447 318
447 418
447 479
447 415
447 542
447 385
447 349
447 450
447 382
447 287
447 513
447 449
447 420
447 442
447 478
447 351
448 447
448 414
448 546
448 542
448 508
448 449
448 545
448 607
448 446
448 419
448 511
448 477
448 353
448 445
448 543
448 509
448 288
448 451
448 417
448 351
449 485
449 575
449 576
449 609
449 479
449 451
449 385
449 448
449 477
449 547
449 512
449 478
449 354
449 386
449 388
449 483
449 482
449 416
449 384
449 453
450 419
450 447
450 356
450 421
450 352
450 485
450 354
450 386
450 486
450 415
450 353
450 477
450 418
450 578
450 387
450 452
450 543
450 516
450 511
450 512
451 518
451 611
451 479
451 517
451 480
451 515
451 548
451 481
451 416
451 485
451 419
451 449
451 354
451 421
451 546
451 388
451 486
451 456
451 514
451 420
452 547
452 579
452 391
452 325
452 488
452 387
452 513
452 419
452 323
452 448
452 423
452 389
452 480
452 580
452 518
452 483
452 485
452 417
452 486
452 515
453 451
453 325
453 456
453 580
453 514
453 482
453 390
453 518
453 418
453 582
453 389
453 485
453 613
453 454
453 420
453 520
453 551
453 450
453 422
453 481
454 360
454 387
454 485
454 583
454 552
454 455
454 452
454 424
454 459
454 549
454 520
454 421
454 453
454 420
454 449
454 326
454 359
454 515
454 482
454 550
455 584
455 488
455 394
455 451
455 583
455 358
455 582
455 393
455 328
455 423
455 452
455 357
455 550
455 390
455 391
455 392
455 521
455 453
455 427
455 420
456 523
456 395
456 485
456 392
456 491
456 425
456 358
456 426
456 362
456 327
456 420
456 454
456 359
456 455
456 422
456 361
456 550
456 391
456 486
456 520
457 429
457 422
457 523
457 329
457 460
457 452
457 519
457 359
457 362
457 489
457 330
457 486
457 585
457 520
457 521
457 518
457 363
457 395
457 360
457 490
458 488
458 391
458 362
458 455
458 586
458 486
458 460
458 456
458 364
458 492
458 490
458 363
458 523
458 520
458 585
458 524
458 397
458 428
458 487
458 463
459 487
459 495
459 428
459 361
459 330
459 457
459 332
459 464
459 492
459 525
459 426
459 520
459 394
459 429
459 425
459 521
459 522
459 363
459 331
459 619
460 554
460 300
460 365
460 393
460 396
460 428
460 394
460 465
460 496
460 587
460 456
460 332
460 364
460 521
460 397
460 425
460 429
460 399
460 489
460 493
461 363
461 332
461 367
461 559
461 399
461 398
461 395
461 495
461 460
461 493
461 525
461 489
461 527
461 428
461 497
461 334
461 433
461 431
461 558
461 464
462 459
462 556
462 430
462 432
462 495
462 397
462 366
462 428
462 498
462 523
462 467
462 396
462 496
462 461
462 400
462 526
462 365
462 458
462 525
462 431
463 526
463 467
463 460
463 560
463 557
463 496
463 464
463 493
463 398
463 303
463 402
463 429
463 396
463 558
463 465
463 491
463 529
463 492
463 365
463 462
464 593
464 466
464 336
464 428
464 436
464 558
464 468
464 462
464 369
464 492
464 463
464 335
464 500
464 525
464 560
464 494
464 397
464 430
464 592
464 498
465 563
465 403
465 336
465 370
465 432
465 528
465 593
465 501
465 436
465 429
465 592
465 530
465 430
465 463
465 493
465 559
465 468
465 368
465 305
465 562
466 400
466 462
466 501
466 532
466 405
466 495
466 529
466 467
466 337
466 339
466 527
466 402
466 494
466 403
466 434
466 499
466 436
466 370
466 404
466 528
467 439
467 470
467 498
467 564
467 502
467 433
467 530
467 372
467 533
467 402
467 495
467 405
467 369
467 462
467 432
467 528
467 562
467 466
467 499
467 464
468 469
468 440
468 529
468 439
468 496
468 435
468 628
468 498
468 471
468 407
468 403
468 372
468 370
468 405
468 465
468 401
468 473
468 308
468 339
468 341
469 403
469 535
469 406
469 533
469 504
469 440
469 566
469 408
469 503
469 438
469 505
469 471
469 530
469 433
469 498
469 407
469 499
469 404
469 531
469 502
470 343
470 501
470 597
470 598
470 440
470 475
470 405
470 406
470 437
470 566
470 472
470 407
470 506
470 375
470 469
470 564
470 537
470 310
470 505
470 376
471 502
471 469
471 436
471 507
471 600
471 373
471 439
471 466
471 535
471 476
471 567
471 408
471 467
471 631
471 505
471 598
471 405
471 375
471 475
471 437
472 535
472 345
472 408
472 343
472 467
472 411
472 439
472 534
472 436
472 599
472 444
472 475
472 567
472 537
472 506
472 568
472 474
472 569
472 440
472 405
473 509
473 502
473 537
473 602
473 376
473 375
473 476
473 441
473 508
473 377
473 472
473 503
473 344
473 569
473 633
473 468
473 411
473 474
473 571
473 379
474 510
474 535
474 568
474 445
474 379
474 347
474 502
474 380
474 444
474 541
474 540
474 410
474 314
474 346
474 378
474 407
474 507
474 471
474 441
474 411
475 603
475 444
475 472
475 410
475 604
475 508
475 476
475 346
475 380
475 602
475 440
475 474
475 509
475 442
475 473
475 411
475 381
475 378
475 471
475 537
476 570
476 511
476 542
476 477
476 440
476 445
476 573
476 382
476 537
476 506
476 412
476 541
476 505
476 472
476 380
476 479
476 316
476 474
476 409
476 574
477 379
477 506
477 543
477 350
477 572
477 442
477 512
477 449
477 541
477 539
477 441
477 508
477 605
477 472
477 507
477 417
477 473
477 542
477 476
477 411
478 572
478 479
478 540
478 574
478 607
478 444
478 416
478 418
478 508
478 443
478 573
478 384
478 510
478 449
478 446
478 318
478 509
478 481
478 476
478 480
479 508
479 573
479 607
479 350
479 383
479 482
479 639
479 511
479 540
479 477
479 476
479 386
479 413
479 447
479 446
479 541
479 384
479 414
479 543
479 351
480 541
480 514
480 419
480 576
480 543
480 540
480 414
480 479
480 418
480 546
480 508
480 451
480 573
480 450
480 449
480 640
480 383
480 445
480 320
480 511
481 543
481 517
481 542
481 477
481 610
481 579
481 387
481 641
481 446
481 541
481 419
481 415
481 544
481 509
481 508
481 575
481 479
481 452
481 418
481 484
482 609
482 575
482 544
482 322
482 517
482 454
482 515
482 418
482 516
482 419
482 485
482 518
482 513
482 447
482 549
482 386
482 448
482 511
482 421
482 542
483 485
483 417
483 386
483 452
483 549
483 419
483 448
483 482
483 518
483 517
483 488
483 512
483 387
483 579
483 486
483 511
483 481
483 515
483 581
483 418
484 550
484 423
484 420
484 551
484 548
484 418
484 545
484 324
484 512
484 514
484 449
484 518
484 480
484 488
484 389
484 519
484 357
484 489
484 421
484 455
485 548
485 579
485 418
485 487
485 388
485 582
485 519
485 550
485 515
485 484
485 613
485 451
485 387
485 421
485 581
485 549
485 453
485 580
485 452
485 480
486 553
486 581
486 614
486 357
486 420
486 391
486 488
486 517
486 326
486 453
486 583
486 389
486 485
486 549
486 491
486 522
486 457
486 390
486 358
486 421
487 521
487 425
487 550
487 458
487 457
487 647
487 392
487 581
487 482
487 548
487 523
487 585
487 423
487 459
487 489
487 492
487 520
487 614
487 552
487 486
488 328
488 423
488 549
488 453
488 522
488 424
488 585
488 391
488 493
488 616
488 555
488 582
488 648
488 490
488 360
488 359
488 584
488 427
488 485
488 455
489 455
489 520
489 423
489 458
489 522
489 556
489 329
489 487
489 393
489 454
489 490
489 554
489 586
489 394
489 453
489 488
489 523
489 424
489 518
489 492
490 553
490 523
490 494
490 392
490 518
490 427
490 619
490 456
490 362
490 454
490 552
490 587
490 489
490 423
490 424
490 650
490 519
490 486
490 495
490 557
491 362
491 426
491 651
491 331
491 458
491 618
491 558
491 494
491 493
491 619
491 425
491 363
491 492
491 489
491 396
491 461
491 586
491 495
491 519
491 589
492 487
492 428
492 489
492 463
492 460
492 426
492 620
492 494
492 395
492 520
492 652
492 398
492 528
492 524
492 495
492 497
492 427
492 553
492 525
492 526
493 621
493 427
493 491
493 430
493 396
493 494
493 399
493 461
493 428
493 460
493 521
493 526
493 432
493 556
493 589
493 555
493 620
493 590
493 525
493 522
494 499
494 558
494 432
494 559
494 654
494 522
494 590
494 463
494 555
494 561
494 556
494 398
494 396
494 431
494 588
494 459
494 429
494 466
494 462
494 495
495 622
495 531
495 623
495 499
495 401
495 493
495 434
495 429
495 498
495 461
495 591
495 398
495 523
495 593
495 428
495 558
495 400
495 560
495 366
495 432
496 461
496 430
496 369
496 435
496 400
496 563
496 558
496 465
496 497
496 491
496 467
496 466
496 432
496 494
496 525
496 336
496 493
496 625
496 367
496 561
497 500
497 498
497 432
497 369
497 626
497 399
497 533
497 469
497 591
497 337
497 403
497 370
497 434
497 561
497 594
497 563
497 368
497 465
497 528
497 624
498 534
498 501
498 401
498 625
498 626
498 404
498 531
498 559
498 596
498 469
498 494
498 562
498 497
498 499
498 465
498 434
498 369
498 403
498 436
498 496
499 436
499 527
499 372
499 564
499 401
499 566
499 339
499 659
499 405
499 467
499 404
499 498
499 463
499 469
499 535
499 593
499 595
499 563
499 501
499 597
500 403
500 436
500 528
500 467
500 437
500 434
500 439
500 567
500 563
500 566
500 495
500 598
500 503
500 402
500 438
500 472
500 534
500 502
500 535
500 596
501 595
501 530
501 469
501 473
501 372
501 438
501 567
501 499
501 597
501 629
501 498
501 661
501 496
501 436
501 468
501 536
501 374
501 471
501 472
501 434
502 470
502 472
502 469
502 506
502 566
502 342
502 500
502 504
502 600
502 629
502 563
502 597
502 564
502 536
502 534
502 537
502 505
502 538
502 437
502 501
503 598
503 506
503 442
503 501
503 600
503 565
503 470
503 439
503 375
503 374
503 531
503 568
503 438
503 407
503 500
503 601
503 663
503 632
503 567
503 408
504 598
504 507
504 566
504 406
504 499
504 470
504 534
504 536
504 571
504 500
504 601
504 438
504 469
504 442
504 472
504 476
504 410
504 535
504 440
504 474
505 601
505 477
505 566
505 502
505 506
505 476
505 536
505 440
505 408
505 441
505 376
505 407
505 345
505 471
505 439
505 411
505 500
505 504
505 444
505 378
506 540
506 443
506 503
506 470
506 507
506 412
506 510
506 476
506 600
506 572
506 604
506 409
506 472
506 601
506 474
506 537
506 541
506 570
506 445
506 478
507 409
507 510
507 504
507 603
507 570
507 378
507 476
507 475
507 440
507 509
507 602
507 502
507 508
507 413
507 634
507 471
507 472
507 503
507 539
507 446
508 511
508 572
508 446
508 541
508 604
508 474
508 542
508 442
508 575
508 573
508 381
508 411
508 380
508 503
508 636
508 505
508 536
508 448
508 569
508 476
509 415
509 513
509 537
509 570
509 542
509 607
509 413
509 473
509 445
509 382
509 571
509 512
509 476
509 510
509 449
509 444
509 507
509 543
509 604
509 349
510 475
510 445
510 382
510 381
510 541
510 538
510 545
510 639
510 539
510 482
510 604
510 444
510 543
510 542
510 477
510 449
510 540
510 637
510 481
510 638
511 385
511 383
511 482
511 507
511 484
511 577
511 382
511 515
511 448
511 544
511 513
511 539
511 608
511 546
511 572
511 512
511 475
511 480
511 542
511 417
512 671
512 573
512 546
512 610
512 606
512 608
512 516
512 641
512 480
512 478
512 517
512 577
512 578
512 511
512 548
512 509
512 609
512 416
512 576
512 672
513 673
513 511
513 611
513 540
513 385
513 542
513 546
513 607
513 447
513 573
513 543
513 480
513 384
513 512
513 548
513 417
513 541
513 544
513 576
513 416
514 576
514 578
514 550
514 452
514 418
514 419
514 549
514 513
514 512
514 518
514 515
514 610
514 484
514 354
514 480
514 450
514 486
514 449
514 577
514 483
515 486
515 546
515 576
515 417
515 518
515 419
515 581
515 611
515 613
515 644
515 548
515 450
515 451
515 487
515 485
515 516
515 388
515 512
515 610
515 575
516 514
516 545
516 388
516 552
516 450
516 582
516 420
516 421
516 455
516 485
516 482
516 551
516 579
516 483
516 612
516 611
516 517
516 676
516 550
516 449
517 512
517 615
517 519
517 423
517 450
517 646
517 584
517 454
517 518
517 481
517 456
517 521
517 583
517 613
517 545
517 451
517 546
517 549
517 614
517 611
518 420
518 550
518 580
518 516
518 514
518 358
518 579
518 552
518 546
518 457
518 489
518 453
518 523
518 584
518 582
518 454
518 421
518 390
518 521
518 456
519 486
519 550
519 551
519 547
519 359
519 524
519 425
519 516
519 455
519 522
519 646
519 458
519 582
519 491
519 390
519 549
519 422
519 552
519 514
519 679
520 456
520 393
520 649
520 555
520 585
520 360
520 454
520 487
520 525
520 614
520 425
520 581
520 550
520 680
520 392
520 516
520 426
520 518
520 453
520 485
521 585
521 493
521 456
521 492
521 617
521 556
521 522
521 583
521 488
521 649
521 427
521 525
521 526
521 555
521 485
521 549
521 520
521 517
521 392
521 551
522 488
522 493
522 585
522 551
522 526
522 455
522 586
522 556
522 425
522 458
522 427
522 583
522 362
522 494
522 456
522 524
522 682
522 554
522 428
522 651
523 395
523 620
523 621
523 527
523 425
523 651
523 558
523 552
523 617
523 461
523 489
523 619
523 588
523 525
523 519
523 458
523 492
523 426
523 427
523 520
524 620
524 652
524 651
524 520
524 492
524 590
524 491
524 528
524 395
524 430
524 588
524 555
524 427
524 364
524 557
524 462
524 559
524 429
524 619
524 489
525 491
525 555
525 588
525 497
525 591
525 652
525 587
525 520
525 431
525 493
525 619
525 396
525 492
525 623
525 495
525 530
525 527
525 622
525 556
525 462
526 496
526 653
526 591
526 620
526 495
526 554
526 557
526 429
526 686
526 588
526 494
526 623
526 459
526 529
526 530
526 525
526 461
526 397
526 624
526 592
527 491
527 461
527 497
527 499
527 463
527 496
527 429
527 399
527 528
527 462
527 588
527 559
527 493
527 431
527 622
527 460
527 624
527 524
527 625
527 526
528 466
528 493
528 531
528 594
528 525
528 558
528 497
528 589
528 562
528 498
528 656
528 556
528 688
528 465
528 557
528 400
528 626
528 500
528 467
528 559
529 560
529 596
529 527
529 528
529 500
529 501
529 524
529 400
529 656
529 464
529 530
529 497
529 494
529 432
529 623
529 562
529 531
529 595
529 533
529 369
530 401
530 527
530 495
530 564
530 657
530 463
530 436
530 466
530 497
530 496
530 594
530 559
530 533
530 464
530 499
530 500
530 596
530 432
530 467
530 434
531 497
531 500
531 527
531 628
531 562
531 526
531 627
531 464
531 496
531 592
531 597
531 595
531 598
531 465
531 532
531 529
531 468
531 469
531 534
531 470
532 528
532 437
532 438
532 372
532 534
532 497
532 500
532 435
532 465
532 471
532 566
532 627
532 659
532 468
532 564
532 628
532 597
532 561
532 531
532 405
533 528
533 503
533 599
533 629
533 504
533 569
533 436
533 500
533 471
533 534
533 598
533 498
533 564
533 470
533 468
533 561
533 406
533 600
533 530
533 596
534 661
534 500
534 467
534 562
534 532
534 503
534 439
534 570
534 438
534 663
534 569
534 406
534 598
534 563
534 440
534 499
534 629
534 631
534 405
534 506
535 663
535 473
535 469
535 532
535 539
535 505
535 499
535 439
535 406
535 632
535 568
535 530
535 502
535 438
535 565
535 437
535 538
535 501
535 570
535 596
536 531
536 506
536 602
536 439
536 504
536 567
536 603
536 566
536 502
536 508
536 696
536 598
536 507
536 537
536 503
536 473
536 505
536 564
536 409
536 601
537 569
537 635
537 632
537 600
537 441
537 541
537 533
537 568
537 472
537 409
537 509
537 542
537 539
537 573
537 532
537 633
537 566
537 506
537 540
537 504
538 573
538 474
538 410
538 537
538 440
538 503
538 378
538 533
538 603
538 632
538 570
538 473
538 442
538 411
538 510
538 636
538 568
538 635
538 633
538 476
539 477
539 536
539 444
539 602
539 506
539 511
539 441
539 573
539 504
539 604
539 601
539 476
539 475
539 474
539 634
539 507
539 568
539 569
539 668
539 443
540 637
540 510
540 569
540 479
540 446
540 638
540 571
540 539
540 512
540 572
540 573
540 537
540 575
540 574
540 380
540 634
540 668
540 544
540 602
540 543
541 635
541 480
541 574
541 606
541 447
541 505
541 444
541 479
541 538
541 543
541 511
541 476
541 636
541 512
541 414
541 412
541 537
541 569
541 475
541 639
542 481
542 478
542 477
542 513
542 574
542 670
542 511
542 506
542 604
542 482
542 448
542 702
542 413
542 539
542 512
542 515
542 570
542 537
542 510
542 508
543 479
543 481
543 480
543 450
543 546
543 572
543 606
543 547
543 449
543 478
543 417
543 507
543 605
543 508
543 383
543 514
543 573
543 415
543 384
543 476
544 576
544 449
544 510
544 480
544 641
544 703
544 577
544 573
544 549
544 416
544 417
544 704
544 509
544 547
544 611
544 447
544 513
544 578
544 481
544 671
545 512
545 418
545 673
545 672
545 542
545 605
545 449
545 606
545 580
545 517
545 611
545 483
545 641
545 450
545 548
545 385
545 417
545 607
545 549
545 574
546 573
546 574
546 608
546 575
546 578
546 485
546 513
546 484
546 674
546 548
546 483
546 448
546 609
546 542
546 516
546 550
546 514
546 419
546 640
546 386
547 581
547 452
547 450
547 515
547 614
547 549
547 516
547 551
547 484
547 419
547 641
547 481
547 418
547 611
547 613
547 453
547 608
547 485
547 545
547 480
548 512
548 614
548 454
548 515
548 420
548 547
548 516
548 677
548 421
548 544
548 549
548 451
548 615
548 613
548 610
548 486
548 578
548 519
548 482
548 545
549 484
549 676
549 422
549 545
549 553
549 521
549 577
549 544
549 611
549 482
549 485
549 516
549 647
549 554
549 451
549 646
549 453
549 612
549 677
549 580
550 452
550 522
550 551
550 390
550 580
550 454
550 549
550 579
550 521
550 648
550 489
550 552
550 646
550 487
550 554
550 423
550 421
550 488
550 584
550 583
551 613
551 556
551 617
551 521
551 679
551 649
551 454
551 587
551 583
551 554
551 585
551 678
551 582
551 391
551 488
551 549
551 648
551 680
551 711
551 546
552 681
552 616
552 458
552 488
552 588
552 557
552 519
552 457
552 522
552 487
552 649
552 547
552 516
552 520
552 582
552 619
552 650
552 489
552 523
552 555
553 582
553 554
553 521
553 457
553 650
553 426
553 614
553 519
553 615
553 525
553 682
553 455
553 618
553 616
553 552
553 558
553 620
553 486
553 548
553 549
554 493
554 523
554 549
554 551
554 556
554 618
554 492
554 459
554 522
554 558
554 460
554 587
554 521
554 652
554 621
554 590
554 714
554 394
554 589
554 617
555 395
555 526
555 618
555 621
555 552
555 558
555 622
555 520
555 550
555 525
555 649
555 589
555 682
555 519
555 560
555 492
555 715
555 460
555 490
555 527
556 654
556 623
556 525
556 462
556 650
556 428
556 683
556 493
556 716
556 619
556 495
556 618
556 494
556 560
556 491
556 521
556 427
556 551
556 461
556 558
557 524
557 529
557 561
557 459
557 556
557 585
557 552
557 522
557 588
557 651
557 623
557 624
557 521
557 463
557 654
557 717
557 558
557 560
557 496
557 621
558 653
558 526
558 625
558 528
558 494
558 523
558 556
558 398
558 554
558 592
558 656
558 589
558 530
558 560
558 655
558 685
558 524
558 462
558 493
558 619
559 592
559 623
559 688
559 525
559 687
559 524
559 430
559 621
559 528
559 498
559 588
559 465
559 531
559 527
559 464
559 530
559 564
559 557
559 555
559 654
560 557
560 499
560 720
560 466
560 493
560 655
560 657
560 688
560 625
560 431
560 531
560 496
560 465
560 562
560 400
560 527
560 689
560 433
560 558
560 623
561 432
561 595
561 496
561 495
561 626
561 525
561 465
561 532
561 655
561 494
561 589
561 563
561 528
561 721
561 590
561 565
561 596
561 656
561 533
561 624
562 567
562 592
562 561
562 596
562 722
562 529
562 563
562 564
562 590
562 534
562 625
562 623
562 497
562 565
562 597
562 468
562 627
562 465
562 559
562 598
563 691
563 533
563 527
563 501
563 564
563 535
563 531
563 592
563 502
563 626
563 596
563 723
563 565
563 530
563 591
563 657
563 628
563 567
563 598
563 568
564 626
564 596
564 658
564 592
564 404
564 500
564 501
564 568
564 470
564 566
564 499
564 630
564 594
564 529
564 497
564 535
564 469
564 597
564 724
564 436
565 561
565 600
565 563
565 500
565 597
565 438
565 502
565 470
565 501
565 630
565 596
565 631
565 593
565 436
565 660
565 437
565 569
565 536
565 599
565 560
566 571
566 538
566 501
566 504
566 536
566 535
566 471
566 629
566 660
566 569
566 631
566 570
566 598
566 565
566 505
566 600
566 439
566 662
566 470
566 596
567 601
567 535
567 598
567 662
567 597
567 570
567 500
567 566
567 502
567 533
567 539
567 505
567 634
567 503
567 600
567 630
567 572
567 571
567 471
567 661
568 631
568 565
568 534
568 472
568 539
568 630
568 632
568 634
568 666
568 535
568 440
568 536
568 569
568 663
568 598
568 533
568 633
568 563
568 600
568 662
569 697
569 598
569 666
569 603
569 503
569 574
569 537
569 502
569 472
569 633
569 572
569 441
569 540
569 534
569 473
569 571
569 636
569 597
569 565
569 570
570 566
570 473
570 507
570 476
570 606
570 603
570 535
570 472
570 536
570 534
570 633
570 668
570 509
570 474
570 538
570 601
570 699
570 567
570 697
570 540
571 600
571 604
571 698
571 632
571 442
571 570
571 536
571 476
571 633
571 444
571 669
571 535
571 731
571 538
571 509
571 474
571 635
571 567
571 542
571 699
572 507
572 603
572 637
572 544
572 475
572 667
572 568
572 443
572 574
572 540
572 512
572 670
572 543
572 537
572 571
572 508
572 569
572 732
572 575
572 444
573 540
573 607
573 508
573 544
573 413
573 509
573 577
573 572
573 637
573 477
573 639
573 541
573 571
573 575
573 507
573 670
573 476
573 669
573 635
573 667
574 640
574 513
574 546
574 638
574 573
574 448
574 635
574 476
574 545
574 547
574 605
574 514
574 606
574 609
574 607
574 445
574 602
574 603
574 540
574 507
575 577
575 607
575 571
575 539
575 670
575 545
575 608
575 482
575 579
575 573
575 735
575 610
575 546
575 415
575 547
575 512
575 548
575 604
575 541
575 570
576 572
576 548
576 669
576 578
576 643
576 639
576 513
576 604
576 544
576 579
576 574
576 581
576 449
576 481
576 670
576 416
576 607
576 672
576 735
576 640
577 672
577 544
577 670
577 513
577 512
577 448
577 705
577 673
577 737
577 547
577 674
577 643
577 573
577 515
577 578
577 706
577 613
577 611
577 639
577 511
578 608
578 483
578 675
578 579
578 642
578 576
578 671
578 583
578 644
578 484
578 543
578 548
578 549
578 643
578 614
578 580
578 672
578 638
578 517
578 515
579 644
579 518
579 450
579 615
579 516
579 517
579 452
579 576
579 548
579 609
579 515
579 577
579 419
579 677
579 707
579 613
579 676
579 512
579 584
579 582
580 616
580 452
580 610
580 740
580 585
580 582
580 516
580 614
580 611
580 641
580 544
580 486
580 482
580 581
580 514
580 579
580 548
580 551
580 676
580 545
581 549
581 614
581 642
581 644
581 545
581 585
581 678
581 584
581 454
581 550
581 421
581 645
581 452
581 647
581 615
581 519
581 579
581 708
581 486
581 583
582 516
582 711
582 547
582 679
582 577
582 584
582 553
582 677
582 676
582 678
582 613
582 488
582 585
582 515
582 517
582 586
582 648
582 709
582 617
582 554
583 486
583 612
583 516
583 680
583 551
583 581
583 488
583 550
583 646
583 578
583 456
583 547
583 520
583 712
583 619
583 679
583 548
583 616
583 455
583 489
584 489
584 648
584 456
584 744
584 615
584 612
584 713
584 650
584 555
584 585
584 455
584 553
584 549
584 520
584 586
584 522
584 617
584 580
584 618
584 521
585 680
585 557
585 683
585 487
585 613
585 616
585 679
585 649
585 619
585 714
585 552
585 588
585 615
585 523
585 549
585 550
585 490
585 555
585 581
585 457
586 489
586 618
586 622
586 589
586 587
586 525
586 557
586 681
586 553
586 619
586 620
586 590
586 492
586 554
586 591
586 521
586 520
586 653
586 457
586 615
587 623
587 682
587 558
587 620
587 493
587 747
587 521
587 555
587 619
587 459
587 651
587 649
587 589
587 585
587 460
587 525
587 654
587 685
587 427
587 582
588 522
588 586
588 558
588 652
588 490
588 527
588 559
588 587
588 653
588 684
588 524
588 584
588 583
588 460
588 592
588 715
588 717
588 589
588 621
588 716
589 591
589 462
589 617
589 461
589 525
589 593
589 652
589 493
589 553
589 650
589 620
589 558
589 561
589 653
589 557
589 586
589 656
589 687
589 594
589 460
590 463
590 523
590 561
590 527
590 719
590 625
590 493
590 559
590 619
590 589
590 555
590 626
590 654
590 591
590 655
590 494
590 657
590 652
590 556
590 618
591 596
591 619
591 555
591 751
591 493
591 624
591 652
591 589
591 560
591 497
591 586
591 719
591 495
591 590
591 627
591 530
591 593
591 620
591 594
591 562
592 494
592 721
592 591
592 655
592 720
592 526
592 752
592 597
592 588
592 658
592 656
592 528
592 589
592 622
592 561
592 496
592 688
592 687
592 464
592 620
593 465
593 688
593 592
593 624
593 628
593 590
593 659
593 433
593 562
593 655
593 594
593 658
593 563
593 597
593 529
593 496
593 560
593 596
593 532
593 623
594 466
594 660
594 559
594 563
594 657
594 622
594 630
594 598
594 722
594 688
594 592
594 754
594 496
594 434
594 623
594 595
594 561
594 531
594 498
594 692
595 468
595 562
595 498
595 723
595 692
595 724
595 528
595 467
595 563
595 559
595 722
595 661
595 659
595 597
595 657
595 435
595 499
595 596
595 755
595 561
596 629
596 692
596 560
596 693
596 533
596 600
596 500
596 561
596 531
596 593
596 659
596 501
596 691
596 661
596 601
596 567
596 568
596 756
596 657
596 631
597 468
597 628
597 627
597 566
597 561
597 534
597 596
597 563
597 691
597 598
597 725
597 600
597 629
597 437
597 602
597 694
597 501
597 499
597 595
597 601
598 695
598 634
598 438
598 567
598 665
598 564
598 594
598 504
598 692
598 664
598 758
598 569
598 501
598 629
598 566
598 565
598 562
598 536
598 630
598 603
599 538
599 472
599 566
599 604
599 594
599 633
599 571
599 660
599 598
599 595
599 664
599 569
599 694
599 564
599 470
599 536
599 535
599 629
599 601
599 728
600 727
600 598
600 538
600 599
600 603
600 663
600 695
600 569
600 694
600 565
600 698
600 472
600 536
600 570
600 595
600 535
600 502
600 566
600 662
600 632
601 565
601 631
601 668
601 534
601 696
601 729
601 761
601 665
601 504
601 728
601 503
601 605
601 630
601 730
601 566
601 474
601 568
601 604
601 536
601 629
602 697
602 600
602 474
602 630
602 632
602 539
602 507
602 538
602 598
602 505
602 569
602 473
602 536
602 475
602 666
602 667
602 508
602 567
602 572
602 668
603 572
603 668
603 475
603 606
603 633
603 601
603 542
603 600
603 731
603 634
603 507
603 699
603 732
603 570
603 701
603 509
603 574
603 665
603 598
603 537
604 698
604 701
604 575
604 476
604 636
604 599
604 540
604 574
604 733
604 543
604 700
604 541
604 510
604 638
604 572
604 668
604 544
604 444
604 601
604 600
605 539
605 569
605 639
605 732
605 608
605 509
605 607
605 671
605 634
605 638
605 543
605 574
605 604
605 477
605 700
605 640
605 666
605 540
605 445
605 573
606 540
606 446
606 512
606 667
606 579
606 543
606 701
606 702
606 670
606 571
606 734
606 541
606 513
606 671
606 572
606 510
606 601
606 700
606 605
606 607
607 545
607 541
607 611
607 509
607 640
607 480
607 635
607 668
607 447
607 513
607 701
607 606
607 702
607 579
607 609
607 735
607 636
607 478
607 479
607 610
608 481
608 604
608 544
608 612
608 675
608 670
608 578
608 737
608 637
608 668
608 580
608 673
608 705
608 734
608 573
608 574
608 703
608 641
608 735
608 706
609 480
609 738
609 548
609 543
609 575
609 643
609 514
609 610
609 640
609 612
609 579
609 608
609 611
609 544
609 702
609 605
609 706
609 578
609 644
609 645
610 576
610 641
610 607
610 612
610 544
610 582
610 579
610 643
610 547
610 673
610 482
610 739
610 640
610 615
610 516
610 705
610 670
610 608
610 642
610 545
611 771
611 674
611 515
611 451
611 579
611 549
611 582
611 638
611 580
611 516
611 581
611 577
611 616
611 545
611 614
611 578
611 612
611 671
611 608
611 676
612 580
612 677
612 584
612 545
612 707
612 741
612 547
612 514
612 546
612 548
612 516
612 710
612 611
612 518
612 579
612 550
612 674
612 645
612 617
612 608
613 709
613 548
613 583
613 740
613 579
613 710
613 549
613 742
613 577
613 585
613 646
613 608
613 517
613 612
613 515
613 550
613 677
613 617
613 484
613 551
614 584
614 553
614 611
614 774
614 518
614 581
614 579
614 646
614 613
614 610
614 520
614 615
614 643
614 681
614 650
614 618
614 709
614 741
614 712
614 485
615 587
615 486
615 610
615 680
615 549
615 711
615 645
615 678
615 518
615 643
615 744
615 554
615 519
615 579
615 709
615 552
615 585
615 742
615 650
615 551
616 617
616 487
616 489
616 679
616 613
616 650
616 581
616 651
616 713
616 586
616 553
616 555
616 612
616 677
616 521
616 552
616 615
616 649
616 580
616 551
617 678
617 619
617 586
617 520
617 519
617 684
617 645
617 553
617 457
617 621
617 587
617 616
617 551
617 490
617 615
617 614
617 682
617 550
617 683
617 681
618 524
618 623
618 552
618 685
618 622
618 621
618 585
618 620
618 520
618 649
618 586
618 652
618 681
618 554
618 587
618 651
618 716
618 745
618 617
618 551
619 683
619 653
619 585
619 588
619 558
619 555
619 491
619 680
619 647
619 590
619 591
619 650
619 655
619 779
619 617
619 614
619 589
619 554
619 623
619 713
620 652
620 493
620 651
620 650
620 682
620 715
620 625
620 590
620 587
620 524
620 747
620 714
620 492
620 684
620 685
620 683
620 584
620 618
620 588
620 555
621 461
621 684
621 688
621 683
621 654
621 593
621 750
621 748
621 560
621 652
621 554
621 523
621 686
621 556
621 526
621 622
621 623
621 590
621 591
621 588
622 686
622 689
622 719
622 651
622 717
622 528
622 591
622 592
622 750
622 654
622 493
622 618
622 560
622 782
622 557
622 751
622 594
622 525
622 588
622 593
623 618
623 588
623 495
623 621
623 684
623 595
623 626
623 717
623 559
623 721
623 627
623 560
623 625
623 622
623 655
623 496
623 783
623 619
623 690
623 628
624 625
624 653
624 620
624 496
624 691
624 687
624 690
624 659
624 784
624 686
624 588
624 589
624 464
624 621
624 526
624 660
624 656
624 718
624 560
624 629
625 563
625 594
625 596
625 465
625 687
625 497
625 624
625 592
625 530
625 626
625 689
625 661
625 686
625 560
625 627
625 564
625 655
625 558
625 719
625 688
626 658
626 691
626 560
626 596
626 622
626 531
626 564
626 655
626 720
626 656
626 593
626 498
626 528
626 662
626 630
626 595
626 561
626 724
626 755
626 562
627 721
627 626
627 562
627 529
627 630
627 694
627 692
627 560
627 566
627 467
627 724
627 498
627 623
627 597
627 595
627 693
627 628
627 722
627 689
627 596
628 660
628 723
628 659
628 530
628 726
628 694
628 661
628 631
628 625
628 663
628 656
628 658
628 592
628 664
628 725
628 593
628 468
628 690
628 689
628 600
629 657
629 567
629 568
629 532
629 725
629 600
629 601
629 598
629 695
629 694
629 789
629 469
629 693
629 692
629 663
629 566
629 595
629 502
629 659
629 723
630 534
630 625
630 602
630 470
630 726
630 628
630 727
630 594
630 691
630 725
630 697
630 627
630 532
630 759
630 758
630 569
630 595
630 568
630 565
630 660
631 597
631 536
631 595
631 725
631 636
631 634
631 697
631 727
631 666
631 791
631 629
631 598
631 569
631 694
631 635
631 698
631 663
631 692
631 602
631 696
632 534
632 665
632 628
632 602
632 634
632 695
632 696
632 596
632 759
632 565
632 601
632 729
632 728
632 698
632 792
632 726
632 603
632 663
632 472
632 536
633 634
633 699
633 636
633 632
633 662
633 663
633 601
633 600
633 628
633 603
633 731
633 637
633 696
633 599
633 728
633 638
633 698
633 570
633 665
633 569
634 507
634 571
634 700
634 599
634 729
634 604
634 695
634 538
634 569
634 629
634 601
634 474
634 698
634 728
634 632
634 730
634 570
634 572
634 537
634 669
635 603
635 573
635 762
635 700
635 537
635 638
635 702
635 508
635 604
635 729
635 574
635 732
635 667
635 475
635 605
635 606
635 795
635 764
635 572
635 666
636 634
636 635
636 703
636 605
636 607
636 602
636 637
636 507
636 574
636 670
636 697
636 573
636 667
636 732
636 699
636 571
636 640
636 540
636 476
636 733
637 732
637 634
637 734
637 604
637 605
637 797
637 640
637 641
637 607
637 733
637 635
637 572
637 508
637 602
637 632
637 670
637 666
637 672
637 576
637 509
638 635
638 633
638 611
638 671
638 735
638 604
638 767
638 666
638 540
638 511
638 639
638 703
638 672
638 733
638 571
638 545
638 603
638 574
638 572
638 668
639 635
639 673
639 641
639 543
639 674
639 578
639 701
639 546
639 638
639 575
639 603
639 700
639 703
639 671
639 609
639 799
639 610
639 735
639 611
639 510
640 608
640 546
640 767
640 671
640 577
640 703
640 673
640 607
640 702
640 605
640 611
640 643
640 706
640 737
640 636
640 701
640 675
640 512
640 704
640 644
641 672
641 701
641 545
641 513
641 738
641 670
641 643
641 675
641 671
641 735
641 608
641 704
641 705
641 703
641 737
641 514
641 673
641 767
641 579
641 708
642 580
642 613
642 640
642 644
642 736
642 515
642 514
642 646
642 678
642 576
642 671
642 513
642 674
642 608
642 546
642 670
642 740
642 708
642 482
642 704
643 581
643 670
643 770
643 647
643 645
643 677
643 547
643 611
643 678
643 703
643 579
643 545
643 578
643 576
643 675
643 549
643 613
643 580
643 740
643 706
644 741
644 616
644 582
644 648
644 583
644 611
644 579
644 640
644 646
644 609
644 548
644 517
644 708
644 738
644 676
644 804
644 680
644 649
644 711
644 709
645 678
645 774
645 579
645 617
645 648
645 674
645 584
645 550
645 680
645 772
645 673
645 742
645 711
645 610
645 741
645 613
645 516
645 641
645 709
645 580
646 584
646 581
646 643
646 645
646 744
646 710
646 709
646 644
646 773
646 676
646 650
646 677
646 678
646 743
646 518
646 615
646 616
646 679
646 712
646 675
647 650
647 619
647 642
647 649
647 644
647 774
647 678
647 708
647 744
647 742
647 743
647 679
647 677
647 807
647 617
647 714
647 613
647 681
647 713
647 710
648 645
648 649
648 586
648 617
648 776
648 652
648 620
648 808
648 651
648 715
648 646
648 614
648 746
648 745
648 616
648 552
648 680
648 647
648 711
648 681
649 681
649 711
649 650
649 654
649 618
649 621
649 520
649 582
649 587
649 489
649 616
649 745
649 555
649 679
649 809
649 743
649 685
649 648
649 647
649 522
650 684
650 587
650 777
650 523
650 651
650 779
650 553
650 714
650 678
650 654
650 679
650 716
650 619
650 744
650 645
650 521
650 522
650 711
650 552
650 681
651 522
651 589
651 811
651 615
651 716
651 586
651 684
651 524
651 648
651 746
651 554
651 718
651 590
651 687
651 618
651 714
651 745
651 685
651 650
651 623
652 556
652 781
652 558
652 656
652 590
652 492
652 681
652 750
652 749
652 812
652 687
652 648
652 622
652 714
652 684
652 586
652 688
652 624
652 654
652 588
653 687
653 559
653 649
653 781
653 717
653 648
653 591
653 780
653 658
653 625
653 620
653 716
653 657
653 525
653 621
653 715
653 592
653 556
653 619
653 750
654 624
654 559
654 657
654 623
654 717
654 685
654 718
654 752
654 721
654 655
654 682
654 494
654 715
654 558
654 592
654 593
654 653
654 749
654 689
654 557
655 659
655 783
655 622
655 650
655 721
655 559
655 561
655 716
655 623
655 625
655 620
655 495
655 686
655 718
655 526
655 657
655 749
655 560
655 619
655 652
656 655
656 658
656 589
656 657
656 684
656 690
656 687
656 496
656 527
656 754
656 720
656 686
656 623
656 560
656 626
656 627
656 722
656 594
656 592
656 653
657 720
657 721
657 752
657 529
657 754
657 592
657 689
657 724
657 690
657 785
657 655
657 755
657 723
657 654
657 559
657 659
657 722
657 560
657 591
657 623
658 724
658 754
658 660
658 531
658 594
658 624
658 659
658 721
658 595
658 752
658 630
658 687
658 786
658 623
658 755
658 686
658 592
658 657
658 529
658 692
659 565
659 531
659 788
659 726
659 687
659 630
659 499
659 724
659 722
659 596
659 562
659 753
659 695
659 563
659 592
659 690
659 786
659 627
659 694
659 662
660 725
660 665
660 627
660 789
660 626
660 689
660 624
660 566
660 691
660 723
660 663
660 563
660 657
660 533
660 754
660 595
660 755
660 787
660 695
660 788
661 659
661 755
661 625
661 658
661 533
661 756
661 563
661 788
661 628
661 694
661 594
661 565
661 599
661 695
661 564
661 691
661 666
661 631
661 664
661 697
662 697
662 725
662 698
662 630
662 757
662 599
662 533
662 728
662 692
662 791
662 601
662 664
662 724
662 663
662 634
662 693
662 726
662 789
662 627
662 659
663 791
663 664
663 597
663 790
663 569
663 694
663 668
663 662
663 598
663 693
663 726
663 660
663 567
663 536
663 730
663 503
663 792
663 696
663 566
663 627
664 759
664 792
664 633
664 700
664 697
664 599
664 699
664 695
664 601
664 661
664 629
664 696
664 758
664 762
664 725
664 694
664 793
664 791
664 660
664 634
665 761
665 731
665 727
665 726
665 697
665 536
665 698
665 667
665 603
665 793
665 666
665 670
665 567
665 631
665 760
665 570
665 669
665 660
665 699
665 696
666 537
666 601
666 699
666 760
666 700
666 696
666 538
666 697
666 701
666 694
666 631
666 794
666 568
666 572
666 633
666 605
666 671
666 764
666 698
666 662
667 663
667 701
667 668
667 665
667 699
667 603
667 764
667 538
667 539
667 731
667 604
667 703
667 637
667 730
667 666
667 573
667 669
667 733
667 638
667 728
668 638
668 570
668 634
668 604
668 698
668 701
668 730
668 766
668 606
668 762
668 733
668 633
668 508
668 667
668 700
668 540
668 671
668 665
668 828
668 734
669 797
669 603
669 670
669 796
669 574
669 766
669 735
669 733
669 667
669 672
669 636
669 606
669 575
669 635
669 697
669 576
669 704
669 767
669 640
669 730
670 799
670 636
670 573
670 700
670 797
670 544
670 608
670 765
670 638
670 576
670 640
670 610
670 767
670 510
670 671
670 541
670 665
670 735
670 543
670 641
671 766
671 668
671 703
671 609
671 699
671 704
671 667
671 511
671 637
671 604
671 673
671 577
671 705
671 575
671 611
671 666
671 610
671 733
671 736
671 545
672 607
672 799
672 831
672 733
672 674
672 669
672 701
672 577
672 734
672 735
672 738
672 708
672 673
672 736
672 700
672 768
672 608
672 707
672 610
672 668
673 577
673 578
673 739
673 645
673 669
673 768
673 579
673 800
673 799
673 576
673 706
673 770
673 674
673 610
673 676
673 801
673 513
673 705
673 769
673 703
674 640
674 708
674 643
674 741
674 772
674 678
674 646
674 801
674 578
674 547
674 673
674 707
674 545
674 709
674 677
674 834
674 675
674 641
674 612
674 734
675 577
675 672
675 738
675 640
675 705
675 671
675 579
675 771
675 703
675 772
675 678
675 546
675 706
675 802
675 773
675 673
675 646
675 644
675 609
675 680
676 612
676 737
676 516
676 640
676 615
676 680
676 708
676 679
676 579
676 771
676 647
676 678
676 704
676 581
676 681
676 712
676 673
676 710
676 743
676 738
677 739
677 837
677 673
677 580
677 711
677 679
677 672
677 806
677 648
677 682
677 579
677 772
677 675
677 641
677 647
677 613
677 771
677 643
677 707
677 611
678 583
678 742
678 709
678 648
678 807
678 707
678 708
678 675
678 712
678 775
678 682
678 838
678 644
678 679
678 550
678 743
678 612
678 615
678 642
678 584
679 675
679 614
679 648
679 583
679 617
679 682
679 746
679 677
679 649
679 777
679 839
679 681
679 808
679 684
679 745
679 552
679 618
679 615
679 612
679 616
680 743
680 646
680 645
680 552
680 745
680 648
680 677
680 583
680 716
680 746
680 681
680 710
680 685
680 709
680 616
680 684
680 520
680 809
680 553
680 744
681 652
681 678
681 645
681 742
681 521
681 841
681 554
681 646
681 583
681 744
681 680
681 716
681 714
681 777
681 649
681 651
681 650
681 743
681 586
681 715
682 684
682 651
682 686
682 776
682 584
682 718
682 621
682 619
682 717
682 554
682 679
682 744
682 810
682 650
682 715
682 747
682 778
682 716
682 777
682 616
683 711
683 778
683 714
683 621
683 653
683 678
683 556
683 554
683 747
683 812
683 647
683 715
683 586
683 648
683 745
683 712
683 843
683 679
683 684
683 622
684 688
684 655
684 653
684 715
684 557
684 622
684 619
684 586
684 650
684 589
684 813
684 780
684 555
684 556
684 751
684 747
684 778
684 679
684 781
684 681
685 655
685 622
685 814
685 684
685 688
685 748
685 780
685 747
685 749
685 687
685 558
685 587
685 680
685 683
685 750
685 681
685 589
685 779
685 686
685 657
686 557
686 813
686 683
686 722
686 815
686 591
686 752
686 658
686 684
686 714
686 688
686 747
686 716
686 656
686 650
686 814
686 590
686 719
686 781
686 753
687 626
687 752
687 655
687 560
687 847
687 690
687 751
687 558
687 782
687 715
687 651
687 559
687 656
687 719
687 657
687 689
687 691
687 684
687 621
687 688
688 683
688 755
688 655
688 528
688 686
688 786
688 693
688 560
688 594
688 782
688 719
688 815
688 685
688 621
688 753
688 724
688 718
688 754
688 751
688 652
689 717
689 623
689 660
689 661
689 592
689 685
689 626
689 722
689 849
689 750
689 753
689 784
689 561
689 693
689 562
689 756
689 653
689 692
689 624
689 754
690 656
690 723
690 850
690 689
690 623
690 785
690 720
690 685
690 752
690 695
690 624
690 784
690 751
690 757
690 660
690 725
690 755
690 562
690 626
690 754
691 818
691 662
691 686
691 594
691 657
691 723
691 693
691 687
691 787
691 627
691 785
691 752
691 786
691 531
691 789
691 694
691 696
691 624
691 663
691 726
692 755
692 664
692 721
692 821
692 723
692 631
692 758
692 819
692 689
692 759
692 693
692 657
692 756
692 754
692 727
692 691
692 597
692 630
692 724
692 722
693 627
693 754
693 725
693 595
693 630
693 822
693 626
693 663
693 726
693 758
693 689
693 662
693 820
693 629
693 596
693 597
693 728
693 692
693 690
693 658
694 792
694 664
694 761
694 600
694 660
694 663
694 690
694 727
694 628
694 665
694 760
694 755
694 599
694 629
694 854
694 693
694 565
694 823
694 696
694 627
695 599
695 659
695 730
695 660
695 756
695 634
695 663
695 692
695 757
695 729
695 666
695 723
695 664
695 665
695 566
695 629
695 725
695 698
695 724
695 728
696 824
696 725
696 856
696 632
696 567
696 731
696 761
696 663
696 730
696 695
696 660
696 662
696 691
696 732
696 635
696 728
696 758
696 668
696 629
696 763
697 794
697 759
697 764
697 631
697 792
697 568
697 569
697 662
697 692
697 728
697 791
697 695
697 633
697 700
697 826
697 537
697 634
697 601
697 665
697 666
698 796
698 827
698 858
698 693
698 538
698 792
698 695
698 825
698 600
698 569
698 765
698 602
698 729
698 601
698 826
698 794
698 731
698 631
698 665
698 662
699 697
699 634
699 632
699 663
699 732
699 859
699 702
699 795
699 797
699 735
699 633
699 668
699 637
699 636
699 602
699 670
699 728
699 671
699 794
699 694
700 796
700 572
700 604
700 665
700 767
700 669
700 606
700 639
700 731
700 664
700 634
700 798
700 699
700 571
700 672
700 637
700 701
700 766
700 602
700 827
701 605
701 704
701 766
701 668
701 636
701 733
701 700
701 705
701 764
701 603
701 799
701 666
701 830
701 637
701 699
701 732
701 640
701 765
701 639
701 734
702 670
702 766
702 797
702 737
702 542
702 732
702 638
702 705
702 699
702 637
702 763
702 608
702 669
702 668
702 639
702 703
702 575
702 706
702 574
702 576
703 701
703 698
703 700
703 574
703 702
703 672
703 765
703 608
703 671
703 736
703 643
703 676
703 768
703 732
703 575
703 609
703 576
703 605
703 706
703 863
704 769
704 675
704 709
704 544
704 706
704 577
704 638
704 739
704 764
704 640
704 676
704 641
704 863
704 643
704 642
704 738
704 610
704 800
704 672
704 767
705 769
705 770
705 676
705 865
705 704
705 608
705 703
705 577
705 736
705 708
705 576
705 734
705 709
705 710
705 772
705 832
705 765
705 738
705 670
705 766
706 674
706 611
706 737
706 767
706 866
706 770
706 804
706 671
706 835
706 739
706 640
706 736
706 741
706 676
706 579
706 738
706 833
706 834
706 643
706 769
707 712
707 804
707 734
707 640
707 802
707 578
707 610
707 741
707 835
707 579
707 672
707 736
707 613
707 772
707 708
707 801
707 805
707 703
707 645
707 706
708 740
708 742
708 707
708 679
708 705
708 646
708 680
708 673
708 771
708 645
708 709
708 803
708 806
708 804
708 736
708 672
708 743
708 772
708 738
708 611
709 772
709 678
709 679
709 744
709 714
709 580
709 647
709 712
709 836
709 713
709 675
709 806
709 707
709 674
709 745
709 804
709 737
709 773
709 770
709 612
710 677
710 805
710 615
710 837
710 777
710 644
710 775
710 741
710 745
710 674
710 707
710 613
710 614
710 740
710 772
710 612
710 709
710 616
710 771
710 715
711 740
711 871
711 743
711 744
711 809
711 614
711 582
711 707
711 741
711 805
711 683
711 709
711 613
711 713
711 778
711 747
711 777
711 679
711 776
711 838
712 618
712 775
712 614
712 615
712 647
712 872
712 649
712 742
712 745
712 684
712 616
712 709
712 714
712 677
712 707
712 746
712 680
712 552
712 584
712 583
713 709
713 717
713 746
713 714
713 712
713 553
713 585
713 774
713 842
713 745
713 646
713 711
713 776
713 809
713 648
713 652
713 619
713 684
713 649
713 744
714 649
714 808
714 812
714 618
714 775
714 746
714 744
714 681
714 679
714 554
714 648
714 843
714 711
714 653
714 585
714 617
714 745
714 811
714 719
714 778
715 587
715 681
715 747
715 810
715 813
715 618
715 621
715 714
715 842
715 843
715 781
715 687
715 748
715 746
715 649
715 875
715 809
715 652
715 685
715 679
716 680
716 876
716 750
716 780
716 588
716 717
716 621
716 783
716 782
716 845
716 712
716 713
716 781
716 720
716 814
716 810
716 622
716 711
716 681
716 587
717 655
717 778
717 713
717 590
717 746
717 588
717 623
717 745
717 652
717 689
717 814
717 651
717 589
717 811
717 815
717 622
717 683
717 557
717 779
717 716
718 721
718 652
718 689
718 781
718 722
718 657
718 753
718 750
718 783
718 715
718 845
718 749
718 878
718 846
718 720
718 591
718 754
718 751
718 714
718 623
719 748
719 657
719 653
719 715
719 720
719 689
719 782
719 717
719 721
719 623
719 622
719 786
719 685
719 590
719 724
719 752
719 780
719 755
719 658
719 783
720 748
720 782
720 623
720 654
720 688
720 593
720 849
720 591
720 783
720 880
720 752
720 756
720 751
720 622
720 818
720 625
720 690
720 817
720 749
720 787
721 693
721 783
721 686
721 623
721 818
721 754
721 656
721 716
721 624
721 685
721 782
721 786
721 756
721 881
721 784
721 848
721 592
721 850
721 687
721 752
722 817
722 726
722 784
722 595
722 751
722 755
722 789
722 727
722 757
722 692
722 562
722 750
722 723
722 721
722 753
722 783
722 788
722 660
722 819
722 818
723 629
723 820
723 687
723 694
723 660
723 759
723 756
723 718
723 727
723 788
723 728
723 689
723 594
723 692
723 688
723 754
723 786
723 628
723 758
723 789
724 756
724 788
724 564
724 851
724 723
724 688
724 720
724 787
724 629
724 630
724 695
724 727
724 884
724 760
724 755
724 757
724 820
724 752
724 790
724 628
725 692
725 631
725 759
725 695
725 852
725 690
725 694
725 730
725 791
725 597
725 789
725 726
725 788
725 596
725 727
725 691
725 721
725 664
725 819
725 822
726 823
726 762
726 820
726 793
726 759
726 730
726 660
726 728
726 757
726 630
726 754
726 758
726 693
726 597
726 599
726 721
726 695
726 731
726 664
726 756
727 732
727 822
727 756
727 856
727 731
727 698
727 790
727 794
727 663
727 789
727 757
727 824
727 693
727 793
727 887
727 697
727 823
727 759
727 763
727 664
728 601
728 794
728 793
728 791
728 826
728 824
728 695
728 634
728 697
728 825
728 733
728 822
728 761
728 698
728 700
728 667
728 663
728 723
728 568
728 725
729 733
729 762
729 663
729 824
729 726
729 794
729 696
729 734
729 700
729 793
729 889
729 765
729 698
729 728
729 662
729 693
729 825
729 724
729 633
729 667
730 732
730 699
730 634
730 668
730 890
730 665
730 701
730 698
730 825
730 794
730 765
730 759
730 828
730 795
730 824
730 761
730 632
730 666
730 570
730 792
731 571
731 794
731 760
731 634
731 730
731 891
731 763
731 793
731 860
731 795
731 702
731 826
731 797
731 827
731 828
731 859
731 603
731 761
731 733
731 858
732 734
732 859
732 827
732 796
732 704
732 799
732 605
732 793
732 766
732 668
732 698
732 795
732 634
732 705
732 696
732 728
732 667
732 731
732 699
732 763
733 799
733 668
733 829
733 702
733 573
733 862
733 701
733 795
733 796
733 637
733 861
733 767
733 730
733 798
733 640
733 636
733 830
733 729
733 699
733 763
734 737
734 863
734 894
734 671
734 799
734 638
734 862
734 707
734 702
734 698
734 796
734 736
734 731
734 668
734 768
734 795
734 705
734 706
734 729
734 730
735 732
735 733
735 765
735 863
735 641
735 829
735 767
735 668
735 768
735 801
735 799
735 670
735 797
735 702
735 699
735 575
735 796
735 832
735 764
735 704
736 865
736 895
736 771
736 864
736 703
736 831
736 642
736 639
736 735
736 673
736 863
736 737
736 740
736 766
736 739
736 798
736 609
736 706
736 672
736 708
737 863
737 733
737 799
737 739
737 643
737 708
737 577
737 736
737 673
737 764
737 608
737 771
737 735
737 833
737 610
737 707
737 704
737 642
737 767
737 741
738 737
738 771
738 798
738 767
738 834
738 801
738 611
738 804
738 640
738 867
738 833
738 675
738 802
738 768
738 769
738 641
738 866
738 774
738 642
738 741
739 710
739 741
739 801
739 837
739 677
739 744
739 738
739 802
739 899
739 643
739 835
739 579
739 675
739 612
739 737
739 834
739 644
739 775
739 641
739 676
740 772
740 768
740 838
740 767
740 678
740 675
740 801
740 806
740 805
740 673
740 612
740 712
740 679
740 836
740 645
740 776
740 837
740 744
740 676
740 706
741 645
741 739
741 680
741 674
741 803
741 711
741 836
741 742
741 772
741 769
741 835
741 677
741 736
741 676
741 774
741 777
741 707
741 770
741 709
741 805
742 677
742 646
742 775
742 739
742 869
742 770
742 804
742 644
742 809
742 840
742 679
742 647
742 648
742 615
742 712
742 713
742 773
742 676
742 708
742 737
743 777
743 738
743 646
743 614
743 774
743 872
743 741
743 809
743 740
743 747
743 742
743 707
743 710
743 837
743 871
743 616
743 712
743 679
743 680
743 903
744 647
744 774
744 773
744 683
744 809
744 681
744 772
744 775
744 712
744 682
744 805
744 778
744 716
744 842
744 747
744 708
744 713
744 807
744 741
744 749
745 842
745 715
745 746
745 777
745 810
745 616
745 874
745 682
745 776
745 843
745 779
745 618
745 841
745 811
745 683
745 781
745 684
745 780
745 839
745 716
746 741
746 782
746 809
746 648
746 680
746 617
746 586
746 682
746 842
746 716
746 747
746 618
746 744
746 750
746 774
746 841
746 906
746 751
746 844
746 652
747 652
747 683
747 682
747 841
747 743
747 812
747 619
747 587
747 686
747 752
747 783
747 907
747 713
747 842
747 777
747 718
747 650
747 744
747 750
747 746
748 681
748 716
748 814
748 778
748 751
748 619
748 713
748 718
748 653
748 717
748 712
748 621
748 715
748 781
748 720
748 776
748 846
748 752
748 747
748 745
749 745
749 777
749 682
749 655
749 715
749 813
749 781
749 752
749 621
749 684
749 785
749 754
749 810
749 846
749 713
749 686
749 816
749 746
749 714
749 718
750 688
750 879
750 778
750 786
750 844
750 621
750 720
750 785
750 847
750 755
750 684
750 623
750 721
750 715
750 845
750 781
750 717
750 722
750 655
750 622
751 689
751 688
751 779
751 752
751 753
751 655
751 846
751 715
751 815
751 685
751 845
751 686
751 849
751 880
751 684
751 749
751 653
751 911
751 781
751 622
752 848
752 722
752 813
752 756
752 846
752 687
752 623
752 592
752 753
752 685
752 849
752 814
752 719
752 784
752 716
752 723
752 788
752 787
752 720
752 654
753 720
753 913
753 757
753 758
753 786
753 626
753 818
753 718
753 751
753 880
753 658
753 624
753 755
753 754
753 717
753 687
753 820
753 817
753 752
753 686
754 914
754 821
754 782
754 789
754 786
754 719
754 627
754 784
754 659
754 658
754 753
754 850
754 660
754 690
754 755
754 848
754 759
754 749
754 758
754 788
755 850
755 628
755 785
755 719
755 915
755 689
755 752
755 883
755 725
755 693
755 819
755 595
755 754
755 657
755 787
755 791
755 626
755 751
755 784
755 790
756 757
756 728
756 752
756 692
756 689
756 662
756 727
756 693
756 724
756 659
756 884
756 820
756 660
756 694
756 760
756 761
756 722
756 885
756 720
756 817
757 721
757 756
757 728
757 695
757 693
757 597
757 690
757 855
757 788
757 823
757 660
757 628
757 853
757 694
757 852
757 792
757 692
757 819
757 752
757 661
758 789
758 886
758 820
758 660
758 725
758 790
758 694
758 793
758 819
758 823
758 629
758 759
758 856
758 788
758 730
758 824
758 885
758 662
758 724
758 723
759 794
759 855
759 821
759 698
759 731
759 887
759 826
759 824
759 726
759 795
759 755
759 728
759 823
759 729
759 787
759 663
759 888
759 730
759 856
759 661
760 665
760 758
760 795
760 755
760 697
760 666
760 695
760 790
760 765
760 600
760 662
760 791
760 727
760 789
760 756
760 631
760 761
760 854
760 887
760 825
761 732
761 763
761 858
761 888
761 766
761 797
761 890
761 827
761 792
761 632
761 857
761 762
761 667
761 634
761 794
761 921
761 666
761 698
761 795
761 729
762 732
762 667
762 858
762 729
762 797
762 765
762 856
762 889
762 859
762 922
762 696
762 891
762 795
762 825
762 824
762 734
762 860
762 823
762 790
762 766
763 735
763 892
763 830
763 700
763 699
763 861
763 890
763 758
763 794
763 762
763 736
763 767
763 727
763 668
763 666
763 701
763 759
763 923
763 733
763 696
764 792
764 637
764 604
764 669
764 728
764 667
764 794
764 825
764 827
764 737
764 636
764 729
764 635
764 862
764 765
764 702
764 767
764 666
764 798
764 699
765 638
765 667
765 671
765 798
765 766
765 700
765 827
765 699
765 764
765 605
765 733
765 737
765 797
765 892
765 738
765 704
765 736
765 734
765 732
765 831
766 770
766 796
766 761
766 732
766 863
766 705
766 794
766 763
766 828
766 736
766 671
766 702
766 801
766 637
766 926
766 762
766 832
766 769
766 638
766 800
767 735
767 833
767 799
767 801
767 864
767 673
767 828
767 641
767 770
767 702
767 704
767 703
767 796
767 701
767 769
767 894
767 674
767 927
767 671
767 766
768 830
768 833
768 704
768 770
768 772
768 832
768 897
768 866
768 828
768 737
768 804
768 735
768 895
768 862
768 767
768 640
768 834
768 865
768 829
768 641
769 740
769 864
769 805
769 738
769 707
769 867
769 673
769 704
769 641
769 800
769 737
769 866
769 803
769 675
769 770
769 895
769 736
769 765
769 898
769 897
770 675
770 831
770 834
770 798
770 833
770 737
770 769
770 804
770 800
770 801
770 709
770 805
770 898
770 767
770 897
770 641
770 610
770 643
770 766
770 642
771 769
771 798
771 802
771 739
771 806
771 708
771 837
771 767
771 836
771 738
771 741
771 900
771 743
771 931
771 673
771 898
771 675
771 800
771 773
771 677
772 644
772 711
772 643
772 770
772 710
772 806
772 768
772 869
772 870
772 738
772 744
772 705
772 807
772 899
772 773
772 675
772 800
772 612
772 708
772 837
773 840
773 774
773 745
773 743
773 805
773 777
773 679
773 678
773 834
773 742
773 740
773 867
773 676
773 706
773 741
773 644
773 838
773 772
773 803
773 871
774 810
774 769
774 713
774 744
774 777
774 645
774 772
774 803
774 805
774 776
774 778
774 647
774 773
774 709
774 807
774 742
774 868
774 872
774 838
774 839
775 806
775 708
775 709
775 771
775 809
775 740
775 712
775 747
775 777
775 903
775 804
775 841
775 803
775 678
775 713
775 840
775 805
775 744
775 839
775 677
776 678
776 806
776 872
776 740
776 837
776 771
776 840
776 936
776 778
776 810
776 779
776 682
776 841
776 839
776 709
776 743
776 804
776 843
776 748
776 811
777 680
777 841
777 679
777 872
777 715
777 842
777 744
777 683
777 871
777 779
777 811
777 843
777 776
777 904
777 741
777 905
777 812
777 749
777 742
777 844
778 743
778 651
778 840
778 844
778 905
778 749
778 750
778 745
778 711
778 810
778 684
778 774
778 680
778 872
778 808
778 876
778 618
778 748
778 649
778 841
779 712
779 840
779 876
779 777
779 809
779 778
779 717
779 743
779 841
779 748
779 716
779 808
779 751
779 815
779 776
779 746
779 814
779 652
779 812
779 782
780 776
780 940
780 876
780 651
780 684
780 685
780 907
780 713
780 751
780 716
780 874
780 875
780 784
780 777
780 717
780 653
780 846
780 842
780 845
780 877
781 686
781 814
781 683
781 879
781 719
781 845
781 753
781 718
781 752
781 811
781 748
781 685
781 848
781 750
781 877
781 654
781 687
781 844
781 621
781 910
782 848
782 778
782 910
782 813
782 814
782 685
782 787
782 747
782 687
782 817
782 654
782 877
782 781
782 786
782 783
782 655
782 844
782 751
782 846
782 686
783 689
783 718
783 782
783 754
783 880
783 722
783 716
783 688
783 879
783 785
783 850
783 748
783 786
783 749
783 818
783 912
783 788
783 623
783 780
783 779
784 687
784 722
784 818
784 814
784 845
784 816
784 782
784 754
784 756
784 812
784 688
784 656
784 944
784 719
784 781
784 780
784 820
784 911
784 913
784 785
785 912
785 881
785 722
785 724
785 847
785 787
785 658
785 848
785 782
785 817
785 818
785 819
785 781
785 755
785 690
785 913
785 750
785 687
785 851
785 914
786 814
786 881
786 880
786 719
786 785
786 691
786 789
786 819
786 882
786 822
786 752
786 756
786 723
786 782
786 754
786 815
786 659
786 914
786 690
786 751
787 690
787 818
787 759
787 785
787 756
787 782
787 692
787 783
787 752
787 753
787 821
787 757
787 725
787 853
787 792
787 720
787 789
787 722
787 816
787 848
788 756
788 824
788 915
788 755
788 692
788 850
788 849
788 821
788 882
788 853
788 753
788 817
788 785
788 628
788 727
788 725
788 789
788 948
788 819
788 759
789 785
789 726
789 758
789 728
789 662
789 661
789 790
789 817
789 792
789 695
789 818
789 760
789 824
789 724
789 825
789 819
789 887
789 820
789 759
789 756
790 818
790 826
790 825
790 662
790 754
790 950
790 693
790 824
790 788
790 759
790 785
790 757
790 727
790 854
790 762
790 856
790 823
790 786
790 853
790 726
791 825
791 918
791 855
791 852
791 728
791 789
791 724
791 725
791 759
791 856
791 793
791 790
791 664
791 920
791 757
791 824
791 730
791 787
791 888
791 662
792 791
792 761
792 796
792 823
792 797
792 858
792 759
792 794
792 787
792 758
792 698
792 664
792 889
792 826
792 919
792 728
792 663
792 694
792 763
792 730
793 791
793 788
793 920
793 827
793 664
793 797
793 829
793 758
793 854
793 922
793 763
793 759
793 665
793 698
793 891
793 730
793 798
793 666
793 824
793 757
794 793
794 828
794 892
794 732
794 891
794 766
794 733
794 824
794 667
794 666
794 921
794 823
794 822
794 765
794 827
794 696
794 954
794 763
794 829
794 697
795 699
795 830
795 823
795 768
795 827
795 857
795 767
795 728
795 893
795 856
795 890
795 792
795 733
795 860
795 828
795 824
795 698
795 766
795 955
795 859
796 699
796 890
796 795
796 827
796 768
796 731
796 733
796 924
796 799
796 824
796 767
796 735
796 858
796 828
796 956
796 769
796 894
796 764
796 891
796 669
797 858
797 733
797 731
797 701
797 801
797 770
797 796
797 736
797 793
797 831
797 799
797 827
797 700
797 830
797 761
797 925
797 957
797 637
797 829
797 735
798 833
798 958
798 738
798 731
798 793
798 762
798 894
798 703
798 765
798 893
798 763
798 800
798 861
798 925
798 732
798 802
798 892
798 669
798 794
798 766
799 833
799 860
799 765
799 834
799 771
799 864
799 893
799 640
799 639
799 896
799 705
799 959
799 767
799 764
799 732
799 797
799 772
799 827
799 865
799 736
800 831
800 706
800 705
800 897
800 771
800 833
800 737
800 797
800 835
800 867
800 830
800 898
800 863
800 772
800 801
800 893
800 804
800 765
800 926
800 738
801 895
801 929
801 674
801 835
801 768
801 961
801 928
801 735
801 704
801 834
801 737
801 740
801 803
801 772
801 706
801 673
801 705
801 833
801 806
801 736
802 896
802 897
802 869
802 741
802 740
802 837
802 704
802 769
802 801
802 800
802 868
802 832
802 805
802 931
802 773
802 899
802 835
802 900
802 673
802 829
803 930
803 864
803 838
803 768
803 706
803 832
803 831
803 830
803 741
803 805
803 901
803 932
803 709
803 802
803 773
803 801
803 898
803 834
803 869
803 705
804 800
804 737
804 742
804 831
804 743
804 707
804 809
804 901
804 870
804 807
804 806
804 833
804 801
804 644
804 869
804 808
804 871
804 839
804 802
804 708
805 708
805 902
805 932
805 774
805 836
805 743
805 676
805 771
805 866
805 840
805 772
805 770
805 872
805 838
805 903
805 901
805 678
805 833
805 802
805 869
806 811
806 868
806 646
806 837
806 777
806 772
806 810
806 711
806 801
806 778
806 804
806 867
806 900
806 904
806 710
806 805
806 712
806 840
806 933
806 802
807 810
807 904
807 745
807 710
807 742
807 740
807 804
807 841
807 802
807 779
807 905
807 869
807 771
807 868
807 711
807 712
807 772
807 713
807 835
807 871
808 745
808 777
808 968
808 812
808 681
808 711
808 774
808 713
808 741
808 806
808 772
808 648
808 744
808 813
808 680
808 710
808 839
808 903
808 872
808 838
809 649
809 812
809 813
809 873
809 845
809 806
809 875
809 715
809 780
809 747
809 872
809 712
809 938
809 778
809 743
809 807
809 814
809 906
809 810
809 682
810 778
810 682
810 683
810 775
810 839
810 812
810 872
810 776
810 875
810 905
810 908
810 747
810 843
810 842
810 781
810 813
810 970
810 876
810 681
810 841
811 874
811 908
811 875
811 841
811 905
811 971
811 840
811 744
811 878
811 810
811 781
811 746
811 783
811 876
811 939
811 750
811 843
811 749
811 717
811 776
812 940
812 844
812 846
812 751
812 717
812 908
812 784
812 750
812 745
812 810
812 875
812 906
812 779
812 808
812 816
812 847
812 685
812 718
812 746
812 807
813 907
813 747
813 841
813 877
813 751
813 716
813 685
813 843
813 911
813 715
813 880
813 876
813 810
813 748
813 910
813 653
813 779
813 752
813 782
813 973
814 941
814 846
814 881
814 718
814 753
814 908
814 877
814 816
814 750
814 786
814 942
814 848
814 842
814 716
814 778
814 784
814 879
814 875
814 817
814 720
815 942
815 909
815 781
815 782
815 819
815 686
815 749
815 912
815 717
815 880
815 752
815 688
815 850
815 879
815 786
815 820
815 721
815 877
815 810
815 785
816 719
816 814
816 781
816 811
816 788
816 818
816 754
816 914
816 787
816 785
816 821
816 848
816 845
816 687
816 880
816 755
816 851
816 782
816 815
816 850
817 880
817 812
817 818
817 721
817 883
817 756
817 846
817 881
817 848
817 847
817 815
817 754
817 915
817 878
817 884
817 787
817 752
817 853
817 750
817 783
818 790
818 658
818 751
818 912
818 787
818 785
818 823
818 783
818 853
818 882
818 945
818 756
818 883
818 690
818 786
818 915
818 880
818 817
818 851
818 816
819 849
819 758
819 913
819 979
819 722
819 790
819 821
819 848
819 753
819 754
819 914
819 822
819 820
819 948
819 853
819 847
819 783
819 824
819 947
819 855
820 887
820 882
820 785
820 850
820 790
820 660
820 757
820 722
820 691
820 823
820 791
820 947
820 884
820 818
820 692
820 853
820 786
820 885
820 855
820 759
821 816
821 725
821 916
821 822
821 692
821 726
821 915
821 791
821 949
821 819
821 919
821 792
821 754
821 886
821 758
821 723
821 787
821 724
821 852
821 857
822 920
822 755
822 950
822 852
822 853
822 826
822 694
822 885
822 724
822 693
822 756
822 823
822 951
822 854
822 727
822 884
822 825
822 858
822 817
822 794
823 920
823 788
823 890
823 951
823 759
823 762
823 826
823 760
823 917
823 885
823 789
823 851
823 728
823 921
823 853
823 888
823 726
823 790
823 825
823 758
824 761
824 727
824 918
824 885
824 729
824 730
824 855
824 759
824 819
824 793
824 984
824 791
824 890
824 695
824 922
824 953
824 823
824 858
824 888
824 726
825 953
825 858
825 920
825 729
825 696
825 797
825 824
825 790
825 759
825 794
825 764
825 827
825 919
825 892
825 792
825 954
825 760
825 796
825 853
825 985
826 730
826 922
826 666
826 731
826 729
826 860
826 827
826 889
826 924
826 921
826 797
826 791
826 821
826 888
826 954
826 762
826 790
826 824
826 823
826 830
827 700
827 764
827 922
827 825
827 831
827 766
827 667
827 733
827 987
827 732
827 798
827 760
827 855
827 889
827 795
827 956
827 763
827 731
827 698
827 799
828 763
828 767
828 797
828 894
828 765
828 861
828 856
828 823
828 925
828 733
828 832
828 792
828 956
828 668
828 801
828 793
828 924
828 862
828 794
828 863
829 925
829 862
829 828
829 734
829 926
829 669
829 795
829 769
829 833
829 701
829 733
829 956
829 765
829 859
829 826
829 860
829 894
829 801
829 924
829 927
830 926
830 860
830 734
830 895
830 927
830 798
830 704
830 794
830 990
830 801
830 802
830 736
830 957
830 832
830 861
830 766
830 800
830 701
830 863
830 865
831 861
831 737
831 804
831 767
831 702
831 802
831 800
831 738
831 801
831 705
831 959
831 958
831 734
831 766
831 765
831 827
831 764
831 798
831 927
831 928
832 895
832 859
832 865
832 991
832 893
832 894
832 798
832 828
832 835
832 929
832 831
832 771
832 800
832 804
832 799
832 860
832 705
832 736
832 961
832 896
833 927
833 769
833 705
833 900
833 803
833 868
833 926
833 865
833 928
833 771
833 893
833 864
833 837
833 898
833 899
833 772
833 896
833 960
833 929
833 739
834 899
834 900
834 839
834 963
834 768
834 800
834 773
834 866
834 769
834 32
834 674
834 737
834 740
834 896
834 804
834 927
834 863
834 836
834 771
834 830
835 802
835 838
835 862
835 833
835 868
835 840
835 801
835 869
835 899
835 865
835 839
835 707
835 737
835 870
835 930
835 866
835 772
835 770
835 834
835 832
836 933
836 838
836 901
836 742
836 863
836 965
836 930
836 802
836 740
836 840
836 769
836 931
836 899
836 738
836 871
836 773
836 32
836 834
836 832
836 772
837 965
837 871
837 898
837 775
837 902
837 832
837 836
837 869
837 772
837 833
837 935
837 838
837 900
837 903
837 742
837 870
837 708
837 803
837 808
837 873
838 869
838 711
838 965
838 777
838 935
838 843
838 870
838 841
838 837
838 803
838 833
838 874
838 805
838 32
838 904
838 741
838 809
838 742
838 900
838 771
839 712
839 842
839 869
839 837
839 935
839 968
839 711
839 844
839 778
839 710
839 775
839 840
839 872
839 873
839 741
839 774
839 836
839 903
839 834
839 835
840 712
840 876
840 934
840 935
840 906
840 871
840 869
840 875
840 872
840 901
840 902
840 874
840 774
840 811
840 842
840 745
840 905
840 870
840 808
840 746
841 904
841 839
841 808
841 714
841 780
841 774
841 844
841 746
841 812
841 869
841 806
841 744
841 712
841 908
841 970
841 902
841 805
841 846
841 809
841 836
842 811
842 781
842 843
842 875
842 682
842 871
842 779
842 776
842 907
842 841
842 814
842 837
842 813
842 906
842 809
842 838
842 969
842 713
842 846
842 714
843 940
843 809
843 749
843 812
843 879
843 776
843 871
843 971
843 839
843 782
843 814
843 32
843 905
843 808
843 906
843 845
843 875
843 846
843 745
843 844
844 812
844 782
844 841
844 849
844 909
844 811
844 872
844 783
844 684
844 907
844 808
844 938
844 880
844 746
844 842
844 971
844 846
844 843
844 906
844 777
845 875
845 717
845 750
845 877
845 810
845 809
845 846
845 912
845 32
845 812
845 817
845 811
845 815
845 873
845 941
845 685
845 781
845 840
845 908
845 747
846 878
846 719
846 908
846 784
846 941
846 944
846 749
846 842
846 718
846 782
846 748
846 974
846 943
846 877
846 907
846 909
846 686
846 810
846 815
846 817
847 877
847 753
847 812
847 752
847 911
847 914
847 941
847 813
847 883
847 909
847 842
847 719
847 910
847 876
847 750
847 811
847 32
847 844
847 974
847 846
848 843
848 783
848 817
848 914
848 881
848 909
848 820
848 913
848 814
848 846
848 946
848 782
848 752
848 721
848 813
848 847
848 787
848 976
848 786
848 878
849 916
849 943
849 844
849 977
849 721
849 848
849 976
849 914
849 852
849 879
849 817
849 915
849 819
849 883
849 878
849 877
849 755
849 910
849 884
849 854
850 916
850 885
850 784
850 816
850 915
850 785
850 819
850 752
850 815
850 944
850 854
850 848
850 723
850 881
850 32
850 817
850 755
850 789
850 911
850 821
851 823
851 946
851 852
851 978
851 786
851 757
851 853
851 724
851 754
851 880
851 32
851 753
851 979
851 881
851 691
851 948
851 917
851 847
851 850
851 755
852 856
852 791
852 821
852 787
852 886
852 848
852 789
852 818
852 914
852 885
852 755
852 847
852 853
852 32
852 980
852 946
852 949
852 854
852 888
852 758
853 951
853 949
853 881
853 854
853 823
853 848
853 726
853 920
853 693
853 819
853 948
853 791
853 886
853 755
853 759
853 917
853 786
853 857
853 756
853 887
854 887
854 850
854 789
854 916
854 886
854 857
854 883
854 852
854 790
854 818
854 856
854 950
854 791
854 757
854 920
854 725
854 820
854 694
854 793
854 983
855 859
855 759
855 789
855 884
855 824
855 760
855 889
855 761
855 857
855 856
855 850
855 982
855 983
855 820
855 887
855 827
855 727
855 794
855 891
855 920
856 790
856 890
856 886
856 32
856 859
856 922
856 851
856 852
856 950
856 860
856 761
856 758
856 984
856 729
856 952
856 791
856 954
856 822
856 821
856 888
857 791
857 922
857 924
857 890
857 891
857 792
857 821
857 825
857 729
857 923
857 762
857 953
857 920
857 885
857 984
857 796
857 852
857 858
857 728
857 790
858 859
858 921
858 862
858 889
858 731
858 796
858 761
858 890
858 829
858 919
858 987
858 892
858 855
858 894
858 828
858 923
858 893
858 920
858 955
858 797
859 987
859 765
859 764
859 857
859 796
859 953
859 854
859 893
859 861
859 824
859 894
859 922
859 855
859 925
859 921
859 823
859 797
859 762
859 831
859 920
860 829
860 891
860 731
860 795
860 988
860 954
860 958
860 956
860 797
860 889
860 732
860 766
860 830
860 893
860 796
860 892
860 765
860 832
860 924
860 824
861 988
861 895
861 893
861 797
861 958
861 989
861 794
861 865
861 956
861 701
861 856
861 892
861 764
861 959
861 733
861 832
861 798
861 767
861 765
861 860
862 834
862 959
862 890
862 830
862 989
862 927
862 859
862 924
862 764
862 893
862 833
862 858
862 828
862 863
862 923
862 702
862 735
862 768
862 826
862 865
863 770
863 829
863 859
863 832
863 803
863 924
863 858
863 767
863 735
863 892
863 768
863 704
863 959
863 800
863 801
863 861
863 860
863 894
863 893
863 734
864 982
864 990
864 767
864 930
864 869
864 965
864 927
864 980
864 64
864 983
864 801
864 737
864 957
864 32
864 960
864 991
864 896
864 978
864 963
864 769
865 929
865 988
865 926
865 983
865 897
865 971
865 927
865 770
865 972
865 896
865 834
865 958
865 705
865 862
865 965
865 991
865 892
865 964
865 931
865 977
866 988
866 868
866 769
866 928
866 964
866 863
866 706
866 832
866 931
866 984
866 975
866 900
866 771
866 768
866 986
866 982
866 961
866 929
866 990
866 962
867 988
867 966
867 898
867 801
867 971
867 804
867 984
867 960
867 981
867 978
867 982
867 973
867 800
867 902
867 805
867 983
867 868
867 980
867 740
867 970
868 903
868 930
868 840
868 980
868 63
868 741
868 991
868 739
868 987
868 740
868 872
868 802
868 64
868 834
868 929
868 932
868 898
868 983
868 988
868 961
869 32
869 840
869 983
869 841
869 903
869 833
869 971
869 981
869 806
869 933
869 974
869 805
869 990
869 985
869 935
869 836
869 930
869 808
869 987
869 900
870 808
870 773
870 772
870 871
870 807
870 962
870 991
870 900
870 932
870 978
870 837
870 972
870 841
870 982
870 743
870 776
870 803
870 774
870 937
870 990
871 840
871 991
871 972
871 988
871 960
871 0
871 901
871 966
871 973
871 32
871 839
871 808
871 804
871 961
871 937
871 876
871 963
871 841
871 970
871 990
872 986
872 991
872 961
872 904
872 842
872 962
872 966
872 981
872 712
872 874
872 807
872 903
872 805
872 984
872 988
872 967
872 64
872 985
872 934
872 877
873 810
873 809
873 976
873 968
873 960
873 973
873 63
873 988
873 876
873 982
873 744
873 32
873 844
873 33
873 842
873 845
873 935
873 871
873 904
873 940
874 870
874 976
874 878
874 977
874 32
874 869
874 843
874 991
874 984
874 939
874 841
874 813
874 980
874 807
874 776
874 746
874 961
874 962
874 907
874 840
875 942
875 911
875 939
875 982
875 972
875 715
875 975
875 810
875 0
875 906
875 746
875 979
875 909
875 809
875 778
875 873
875 981
875 32
875 845
875 976
876 967
876 969
876 847
876 842
876 780
876 873
876 878
876 749
876 985
876 983
876 810
876 872
876 980
876 848
876 970
876 941
876 907
876 910
876 964
876 906
877 965
877 846
877 938
877 876
877 882
877 978
877 962
877 782
877 976
877 907
877 783
877 33
877 906
877 779
877 872
877 913
877 749
877 847
877 983
877 911
878 811
878 879
878 876
878 969
878 844
878 962
878 909
878 974
878 848
878 963
878 912
878 973
878 979
878 906
878 784
878 987
878 718
878 850
878 751
878 945
879 945
879 751
879 851
879 882
879 964
879 974
879 877
879 63
879 909
879 845
879 812
879 989
879 64
879 750
879 981
879 875
879 818
879 847
879 982
879 983
880 913
880 946
880 985
880 783
880 970
880 982
880 977
880 846
880 975
880 979
880 852
880 849
880 968
880 962
880 818
880 875
880 816
880 884
880 911
880 941
881 0
881 977
881 946
881 914
881 912
881 948
881 975
881 816
881 983
881 846
881 721
881 884
881 976
881 886
881 853
881 814
881 972
881 970
881 985
881 880
882 879
882 755
882 987
882 63
882 849
882 988
882 722
882 943
882 847
882 885
882 815
882 64
882 947
882 986
882 948
882 916
882 974
882 971
882 915
882 853
883 919
883 950
883 975
883 947
883 983
883 985
883 855
883 963
883 965
883 885
883 63
883 878
883 847
883 989
883 756
883 978
883 853
883 990
883 818
883 816
884 990
884 991
884 987
884 979
884 978
884 821
884 966
884 915
884 945
884 888
884 880
884 887
884 879
884 889
884 946
884 882
884 950
884 962
884 786
884 852
885 821
885 987
885 983
885 819
885 990
885 33
885 886
885 977
885 881
885 850
885 921
885 982
885 913
885 758
885 975
885 64
885 918
885 756
885 791
885 890
886 969
886 966
886 962
886 967
886 852
886 965
886 882
886 822
886 726
886 916
886 63
886 850
886 914
886 856
886 920
886 976
886 881
886 990
886 917
886 918
887 981
887 889
887 793
887 32
887 855
887 760
887 790
887 915
887 953
887 975
887 758
887 792
887 986
887 858
887 853
887 949
887 918
887 892
887 980
887 979
888 969
888 827
888 977
888 917
888 826
888 949
888 855
888 887
888 760
888 924
888 33
888 790
888 822
888 953
888 64
888 791
888 824
888 951
888 63
888 884
889 961
889 977
889 795
889 32
889 980
889 987
889 950
889 887
889 974
889 983
889 891
889 960
889 981
889 791
889 990
889 886
889 857
889 828
889 919
889 979
890 0
890 922
890 965
890 923
890 976
890 919
890 966
890 921
890 961
890 761
890 975
890 925
890 885
890 829
890 979
890 762
890 794
890 983
890 825
890 962
891 857
891 925
891 986
891 971
891 983
891 919
891 952
891 922
891 973
891 859
891 887
891 795
891 830
891 863
891 864
891 764
891 892
891 974
891 923
891 858
892 827
892 926
892 64
892 861
892 831
892 865
892 954
892 957
892 982
892 968
892 977
892 983
892 920
892 965
892 961
892 979
892 958
892 969
892 825
892 830
893 861
893 979
893 800
893 859
893 986
893 926
893 981
893 796
893 921
893 890
893 765
893 987
893 826
893 798
893 827
893 892
893 990
893 991
893 956
893 954
894 970
894 962
894 975
894 924
894 858
894 896
894 967
894 893
894 32
894 961
894 957
894 969
894 988
894 926
894 968
894 979
894 923
894 859
894 891
894 956
895 890
895 891
895 929
895 897
895 967
895 964
895 970
895 960
895 983
895 925
895 861
895 986
895 894
895 957
895 833
895 865
895 735
895 768
895 867
895 973
896 893
896 901
896 736
896 946
896 830
896 956
896 991
896 32
896 958
896 989
896 865
896 831
896 928
896 0
896 957
896 868
896 834
896 988
896 800
896 939
897 927
897 947
897 925
897 944
897 63
897 963
897 972
897 930
897 929
897 942
897 934
897 737
897 924
897 64
897 864
897 981
897 973
897 933
897 943
897 987
898 867
898 957
898 968
898 951
898 989
898 930
898 900
898 96
898 32
898 955
898 950
898 34
898 949
898 902
898 769
898 771
898 896
898 935
898 832
898 895
899 982
899 0
899 935
899 927
899 33
899 971
899 949
899 898
899 957
899 943
899 966
899 983
899 904
899 832
899 803
899 1
899 976
899 964
899 926
899 941
900 839
900 838
900 933
900 984
900 902
900 956
900 968
900 942
900 980
900 868
900 989
900 896
900 991
900 957
900 932
900 985
900 937
900 983
900 773
900 990
901 985
901 805
901 976
901 991
901 943
901 774
901 960
901 937
901 803
901 946
901 838
901 872
901 961
901 32
901 962
901 956
901 835
901 951
901 806
901 974
902 873
902 973
902 95
902 34
902 774
902 975
902 807
902 983
902 934
902 946
902 947
902 977
902 933
902 1
902 939
902 951
902 775
902 945
902 958
902 961
903 988
903 981
903 952
903 904
903 807
903 929
903 975
903 978
903 806
903 63
903 966
903 932
903 948
903 990
903 936
903 34
903 971
903 955
903 973
903 934
904 902
904 869
904 843
904 872
904 806
904 908
904 937
904 928
904 777
904 948
904 1
904 874
904 980
904 965
904 941
904 978
904 953
904 870
904 840
904 972
905 34
905 972
905 928
905 807
905 966
905 961
905 901
905 810
905 942
905 986
905 964
905 956
905 0
905 840
905 987
905 936
905 933
905 96
905 968
905 95
906 987
906 811
906 985
906 946
906 871
906 870
906 875
906 778
906 929
906 876
906 839
906 991
906 950
906 928
906 877
906 34
906 841
906 930
906 845
906 64
907 981
907 979
907 964
907 840
907 0
907 1
907 968
907 949
907 945
907 989
907 874
907 779
907 953
907 970
907 934
907 978
907 810
907 930
907 931
907 957
908 956
908 96
908 939
908 948
908 845
908 781
908 972
908 875
908 928
908 846
908 813
908 812
908 31
908 966
908 877
908 814
908 980
908 941
908 1
908 931
909 938
909 940
909 962
909 811
909 848
909 781
909 933
909 881
909 931
909 989
909 942
909 948
909 964
909 33
909 968
909 910
909 813
909 904
909 950
909 911
910 948
910 956
910 971
910 908
910 913
910 812
910 877
910 980
910 951
910 963
910 1
910 930
910 34
910 0
910 946
910 876
910 983
910 933
910 909
910 944
911 943
911 982
911 963
911 914
911 34
911 907
911 0
911 966
911 875
911 64
911 986
911 959
911 848
911 916
911 62
911 984
911 960
911 850
911 957
911 948
912 1
912 64
912 784
912 943
912 983
912 977
912 951
912 34
912 907
912 881
912 960
912 975
912 883
912 62
912 961
912 987
912 967
912 969
912 929
912 980
913 968
913 912
913 948
913 818
913 959
913 954
913 950
913 980
913 916
913 879
913 976
913 31
913 989
913 819
913 63
913 936
913 984
913 877
913 978
913 884
914 955
914 946
914 33
914 787
914 966
914 980
914 972
914 883
914 1
914 991
914 754
914 882
914 847
914 951
914 929
914 969
914 970
914 913
914 820
914 950
915 947
915 939
915 884
915 912
915 849
915 953
915 984
915 917
915 979
915 985
915 968
915 33
915 818
915 961
915 973
915 787
915 817
915 850
915 937
915 882
916 949
916 971
916 967
916 991
916 884
916 881
916 939
916 982
916 32
916 822
916 921
916 914
916 31
916 851
916 933
916 819
916 977
916 920
916 947
916 937
917 938
917 934
917 954
917 930
917 853
917 65
917 882
917 951
917 0
917 937
917 981
917 915
917 953
917 933
917 972
917 978
917 822
917 985
917 940
917 965
918 958
918 885
918 34
918 62
918 977
918 883
918 966
918 915
918 852
918 941
918 935
918 964
918 95
918 974
918 944
918 851
918 884
918 990
918 939
918 946
919 991
919 932
919 960
919 968
919 928
919 32
919 982
919 974
919 965
919 884
919 889
919 920
919 941
919 886
919 946
919 936
919 858
919 970
919 64
919 33
920 890
920 793
920 854
920 980
920 983
920 917
920 889
920 922
920 937
920 977
920 936
920 95
920 978
920 968
920 824
920 62
920 972
920 974
920 34
920 991
921 964
921 958
921 979
921 955
921 943
921 946
921 96
921 824
921 62
921 965
921 989
921 971
921 949
921 761
921 961
921 32
921 939
921 954
921 858
921 64
922 946
922 65
922 988
922 962
922 985
922 32
922 861
922 966
922 921
922 981
922 937
922 929
922 947
922 961
922 795
922 859
922 828
922 827
922 982
922 860
923 925
923 940
923 33
923 986
923 893
923 936
923 32
923 978
923 62
923 974
923 860
923 948
923 971
923 959
923 825
923 858
923 892
923 952
923 988
923 921
924 947
924 956
924 932
924 982
924 990
924 957
924 944
924 65
924 857
924 970
924 960
924 62
924 896
924 1
924 95
924 862
924 987
924 980
924 952
924 891
925 983
925 956
925 984
925 931
925 989
925 977
925 964
925 980
925 944
925 921
925 828
925 34
925 978
925 972
925 986
925 932
925 985
925 926
925 963
925 941
926 828
926 0
926 970
926 930
926 62
926 982
926 942
926 973
926 932
926 1
926 984
926 949
926 893
926 864
926 980
926 937
926 898
926 830
926 96
926 974
927 943
927 968
927 986
927 863
927 34
927 932
927 965
927 990
927 922
927 974
927 949
927 834
927 860
927 896
927 950
927 982
927 767
927 935
927 931
927 865
928 948
928 959
928 980
928 30
928 911
928 894
928 977
928 973
928 31
928 989
928 905
928 986
928 960
928 934
928 984
928 943
928 958
928 897
928 964
928 34
929 905
929 900
929 987
929 802
929 921
929 896
929 903
929 913
929 901
929 909
929 951
929 1
929 919
929 952
929 922
929 2
929 936
929 834
929 96
929 956
930 1
930 954
930 923
930 836
930 898
930 912
930 962
930 919
930 0
930 969
930 956
930 975
930 941
930 803
930 95
930 900
930 909
930 957
930 30
930 973
931 901
931 948
931 953
931 908
931 909
931 30
931 986
931 947
931 66
931 35
931 964
931 960
931 933
931 911
931 946
931 910
931 833
931 962
931 127
931 897
932 957
932 942
932 925
932 865
932 65
932 910
932 967
932 984
932 950
932 804
932 947
932 934
932 958
932 985
932 948
932 902
932 988
932 896
932 899
932 919
933 910
933 989
933 939
933 964
933 942
933 912
933 962
933 985
933 973
933 31
933 959
933 805
933 954
933 919
933 806
933 127
933 966
933 950
933 925
933 0
934 838
934 913
934 805
934 910
934 898
934 961
934 901
934 902
934 899
934 97
934 948
934 64
934 952
934 931
934 919
934 900
934 980
934 896
934 907
934 915
935 95
935 908
935 64
935 34
935 870
935 910
935 965
935 942
935 62
935 971
935 914
935 874
935 936
935 97
935 980
935 128
935 978
935 868
935 924
935 988
936 916
936 34
936 930
936 923
936 874
936 955
936 946
936 986
936 975
936 931
936 967
936 954
936 910
936 953
936 872
936 987
936 898
936 966
936 989
936 127
937 910
937 973
937 971
937 964
937 981
937 918
937 810
937 952
937 977
937 95
937 94
937 934
937 904
937 917
937 842
937 128
937 66
937 777
937 942
937 960
938 957
938 932
938 128
938 976
938 843
938 809
938 929
938 935
938 984
938 901
938 914
938 912
938 909
938 983
938 920
938 988
938 959
938 952
938 897
938 991
939 875
939 897
939 978
939 940
939 923
939 904
939 903
939 873
939 932
939 971
939 931
939 954
939 958
939 983
939 980
939 810
939 128
939 933
939 61
939 953
940 903
940 65
940 874
940 952
940 30
940 962
940 959
940 971
940 933
940 945
940 844
940 63
940 960
940 941
940 910
940 976
940 97
940 128
940 972
940 94
941 943
941 982
941 936
941 951
941 932
941 909
941 945
941 878
941 938
941 944
941 915
941 949
941 975
941 813
941 972
941 904
941 990
941 913
941 937
941 963
942 961
942 911
942 877
942 987
942 909
942 900
942 34
942 931
942 880
942 912
942 948
942 969
942 917
942 30
942 965
942 991
942 846
942 782
942 926
942 949
943 919
943 985
943 936
943 926
943 983
943 981
943 939
943 816
943 945
943 965
943 948
943 815
943 921
943 127
943 848
943 916
943 906
943 1
943 929
943 957
944 901
944 971
944 946
944 127
944 955
944 986
944 31
944 948
944 990
944 947
944 35
944 929
944 961
944 988
944 899
944 32
944 991
944 881
944 977
944 936
945 94
945 931
945 944
945 984
945 925
945 954
945 953
945 950
945 967
945 940
945 976
945 971
945 942
945 913
945 900
945 935
945 906
945 960
945 2
945 65
946 963
946 925
946 0
946 906
946 818
946 956
946 934
946 817
946 62
946 901
946 957
946 35
946 884
946 96
946 960
946 907
946 922
946 932
946 959
946 912
947 933
947 853
947 958
947 882
947 946
947 936
947 94
947 886
947 966
947 957
947 930
947 63
947 959
947 901
947 883
947 903
947 954
947 64
947 911
947 968
948 917
948 926
948 925
948 978
948 916
948 881
948 960
948 788
948 2
948 974
948 852
948 906
948 967
948 991
948 918
948 920
948 909
948 941
948 953
948 956
949 925
949 32
949 888
949 883
949 905
949 929
949 882
949 946
949 919
949 66
949 987
949 908
949 986
949 906
949 977
949 915
949 954
949 978
949 959
949 0
950 897
950 884
950 937
950 65
950 963
950 964
950 952
950 989
950 947
950 982
950 955
950 61
950 979
950 0
950 63
950 855
950 31
950 935
950 970
950 933
951 907
951 937
951 885
951 967
951 954
951 948
951 945
951 61
951 0
951 65
951 931
951 889
951 965
951 953
951 95
951 823
951 963
951 943
951 958
951 908
952 919
952 903
952 967
952 891
952 953
952 912
952 976
952 972
952 911
952 887
952 931
952 94
952 899
952 978
952 977
952 924
952 990
952 32
952 901
952 928
953 957
953 914
953 857
953 944
953 926
953 915
953 966
953 32
953 907
953 1
953 973
953 919
953 979
953 896
953 990
953 961
953 948
953 902
953 910
953 931
954 889
954 915
954 942
954 35
954 983
954 949
954 856
954 904
954 94
954 859
954 974
954 128
954 62
954 957
954 944
954 940
954 912
954 926
954 903
954 991
955 1
955 936
955 97
955 916
955 901
955 31
955 969
955 902
955 30
955 977
955 905
955 795
955 931
955 857
955 939
955 928
955 926
955 981
955 967
955 63
956 950
956 914
956 933
956 935
956 901
956 128
956 947
956 925
956 827
956 973
956 946
956 978
956 916
956 61
956 890
956 944
956 977
956 915
956 0
956 932
957 97
957 927
957 35
957 901
957 912
957 61
957 900
957 909
957 984
957 1
957 952
957 987
957 62
957 967
957 896
957 971
957 914
957 932
957 985
957 917
958 906
958 933
958 955
958 961
958 904
958 983
958 977
958 952
958 924
958 96
958 893
958 923
958 903
958 960
958 916
958 943
958 915
958 861
958 987
958 912
959 865
959 937
959 989
959 954
959 32
959 905
959 64
959 928
959 933
959 946
959 1
959 940
959 980
959 958
959 973
959 962
959 63
959 62
959 911
959 948
960 947
960 917
960 900
960 952
960 987
960 985
960 890
960 879
960 929
960 978
960 927
960 893
960 2
960 873
960 94
960 95
960 979
960 66
960 126
960 924
961 905
961 873
961 953
961 981
961 98
961 61
961 946
961 914
961 898
961 32
961 96
961 951
961 971
961 866
961 928
961 66
961 879
961 869
961 965
961 934
962 901
962 33
962 935
962 35
962 894
962 835
962 946
962 893
962 877
962 980
962 879
962 965
962 93
962 977
962 888
962 867
962 127
962 949
962 834
962 958
963 939
963 127
963 0
963 876
963 30
963 949
963 902
963 953
963 900
963 974
963 983
963 870
963 920
963 929
963 866
963 94
963 989
963 61
963 915
963 834
964 985
964 901
964 991
964 918
964 93
964 932
964 2
964 879
964 864
964 971
964 884
964 956
964 924
964 126
964 953
964 873
964 960
964 965
964 979
964 882
965 969
965 867
965 979
965 956
965 927
965 975
965 962
965 958
965 963
965 864
965 870
965 948
965 931
965 968
965 973
965 30
965 934
965 976
965 906
965 127
966 96
966 923
966 979
966 946
966 982
966 60
966 913
966 875
966 988
966 872
966 67
966 62
966 930
966 866
966 29
966 914
966 936
966 950
966 885
966 940
967 840
967 896
967 160
967 938
967 904
967 985
967 919
967 978
967 933
967 913
967 918
967 885
967 900
967 953
967 964
967 954
967 866
967 886
967 960
967 973
968 925
968 916
968 129
968 945
968 902
968 976
968 888
968 63
968 937
968 971
968 965
968 970
968 867
968 933
968 36
968 97
968 2
968 977
968 973
968 66
969 888
969 1
969 67
969 954
969 937
969 65
969 974
969 901
969 891
969 840
969 918
969 985
969 893
969 900
969 160
969 898
969 989
969 60
969 907
969 873
970 900
970 940
970 910
970 876
970 920
970 895
970 889
970 905
970 916
970 3
970 903
970 917
970 878
970 932
970 874
970 909
970 983
970 902
970 33
970 865
971 970
971 876
971 883
971 0
971 892
971 906
971 902
971 925
971 61
971 63
971 934
971 31
971 909
971 924
971 889
971 943
971 941
971 991
971 897
971 1
972 881
972 32
972 989
972 953
972 987
972 975
972 938
972 901
972 895
972 983
972 875
972 883
972 944
972 30
972 66
972 874
972 971
972 1
972 920
972 951
973 894
973 953
973 970
973 944
973 948
973 882
973 813
973 958
973 968
973 972
973 877
973 914
973 899
973 60
973 921
973 954
973 916
973 977
973 986
973 902
974 987
974 95
974 948
974 943
974 967
974 949
974 951
974 873
974 933
974 957
974 954
974 975
974 881
974 922
974 917
974 3
974 869
974 935
974 882
974 979
975 937
975 905
975 96
975 30
975 947
975 991
975 935
975 29
975 934
975 899
975 870
975 883
975 904
975 972
975 965
975 949
975 946
975 942
975 958
975 973
976 36
976 896
976 847
976 878
976 903
976 962
976 848
976 3
976 904
976 933
976 987
976 905
976 934
976 909
976 985
976 970
976 929
976 931
976 900
976 991
977 937
977 870
977 967
977 958
977 902
977 933
977 30
977 901
977 35
977 96
977 913
977 60
977 896
977 963
977 917
977 97
977 984
977 925
977 817
977 930
978 919
978 970
978 910
978 982
978 968
978 818
978 903
978 948
978 939
978 870
978 894
978 909
978 942
978 95
978 1
978 879
978 902
978 850
978 881
978 864
979 931
979 950
979 852
979 899
979 977
979 1
979 35
979 884
979 881
979 956
979 883
979 915
979 887
979 895
979 919
979 65
979 880
979 94
979 929
979 885
980 97
980 851
980 976
980 910
980 34
980 873
980 868
980 126
980 95
980 894
980 93
980 890
980 968
980 949
980 67
980 903
980 970
980 877
980 978
980 160
981 991
981 901
981 35
981 29
981 876
981 159
981 129
981 945
981 886
981 913
981 30
981 93
981 962
981 66
981 867
981 947
981 60
981 903
981 979
981 896
982 963
982 964
982 931
982 30
982 979
982 888
982 33
982 36
982 864
982 31
982 2
982 952
982 966
982 953
982 875
982 61
982 932
982 62
982 974
982 939
983 927
983 903
983 936
983 979
983 954
983 60
983 904
983 129
983 66
983 885
983 160
983 986
983 823
983 888
983 866
983 931
983 95
983 921
983 935
983 873
984 928
984 867
984 899
984 920
984 964
984 61
984 96
984 976
984 879
984 906
984 912
984 902
984 857
984 159
984 936
984 95
984 67
984 3
984 981
984 63
985 856
985 962
985 988
985 897
985 869
985 977
985 901
985 884
985 909
985 66
985 0
985 871
985 899
985 896
985 972
985 966
985 864
985 890
985 973
985 916
986 914
986 912
986 957
986 981
986 95
986 869
986 2
986 0
986 866
986 962
986 973
986 899
986 985
986 966
986 889
986 97
986 935
986 910
986 893
986 964
987 897
987 884
987 969
987 913
987 923
987 911
987 921
987 963
987 937
987 916
987 939
987 893
987 34
987 991
987 66
987 865
987 32
987 945
987 989
987 964
988 867
988 968
988 962
988 956
988 906
988 977
988 894
988 878
988 29
988 63
988 920
988 945
988 940
988 892
988 975
988 987
988 94
988 909
988 31
988 0
989 940
989 867
989 955
989 860
989 127
989 97
989 990
989 923
989 900
989 988
989 971
989 921
989 882
989 876
989 897
989 932
989 890
989 969
989 941
989 978
990 958
990 967
990 29
990 861
990 943
990 978
990 917
990 972
990 895
990 953
990 933
990 67
990 94
990 954
990 928
990 96
990 937
990 916
990 919
990 882
991 64
991 924
991 900
991 874
991 35
991 159
991 898
991 908
991 983
991 957
991 885
991 63
991 916
991 95
991 863
991 941
991 865
991 968
991 869
991 889
